match_date,home_team,away_team,pred_prob,odds,bet_amount,bet_fraction,result,profit
2019-08-09 19:00:00,Liverpool,Norwich City,1.0,2.499047619047619,200.0,0.02,PENDING,0.0
2019-08-10 14:00:00,Burnley,Southampton,1.0,2.499047619047619,200.0,0.02,PENDING,0.0
2019-08-10 16:30:00,Tottenham Hotspur,Aston Villa,1.0,2.499047619047619,200.0,0.02,PENDING,0.0
2019-08-11 15:30:00,Manchester United,Chelsea,1.0,2.499047619047619,200.0,0.02,PENDING,0.0
2019-08-17 11:30:00,Arsenal,Burnley,1.0,2.499047619047619,200.0,0.02,PENDING,0.0
2019-08-17 14:00:00,Norwich City,Newcastle United,1.0,2.499047619047619,200.0,0.02,PENDING,0.0
2019-08-17 14:00:00,Everton,Watford,1.0,2.499047619047619,200.0,0.02,PENDING,0.0
2019-08-18 13:00:00,Sheffield United,Crystal Palace,1.0,2.499047619047619,200.0,0.02,PENDING,0.0
2019-08-23 19:00:00,Aston Villa,Everton,1.0,2.499047619047619,200.0,0.02,PENDING,0.0
2019-08-24 16:30:00,Liverpool,Arsenal,1.0,2.499047619047619,200.0,0.02,PENDING,0.0
2019-08-31 14:00:00,Leicester City,AFC Bournemouth,1.0,2.499047619047619,200.0,0.02,PENDING,0.0
2019-08-31 14:00:00,West Ham United,Norwich City,1.0,2.499047619047619,200.0,0.02,PENDING,0.0
2019-08-31 14:00:00,Crystal Palace,Aston Villa,1.0,2.499047619047619,200.0,0.02,PENDING,0.0
2019-08-31 14:00:00,Manchester City,Brighton & Hove Albion,1.0,2.499047619047619,200.0,0.02,PENDING,0.0
2019-09-01 13:00:00,Everton,Wolverhampton Wanderers,1.0,2.499047619047619,200.0,0.02,PENDING,0.0
2019-09-14 11:30:00,Liverpool,Newcastle United,1.0,2.499047619047619,200.0,0.02,PENDING,0.0
2019-09-14 14:00:00,Tottenham Hotspur,Crystal Palace,1.0,2.499047619047619,200.0,0.02,PENDING,0.0
2019-09-14 14:00:00,Manchester United,Leicester City,1.0,2.499047619047619,200.0,0.02,PENDING,0.0
2019-09-14 16:30:00,Norwich City,Manchester City,1.0,2.499047619047619,200.0,0.02,PENDING,0.0
2019-09-15 13:00:00,AFC Bournemouth,Everton,1.0,2.499047619047619,200.0,0.02,PENDING,0.0
2019-09-21 11:30:00,Leicester City,Tottenham Hotspur,1.0,2.499047619047619,200.0,0.02,PENDING,0.0
2019-09-21 14:00:00,Manchester City,Watford,1.0,2.499047619047619,200.0,0.02,PENDING,0.0
2019-09-21 14:00:00,Burnley,Norwich City,1.0,2.499047619047619,200.0,0.02,PENDING,0.0
2019-09-22 13:00:00,West Ham United,Manchester United,1.0,2.499047619047619,200.0,0.02,PENDING,0.0
2019-09-22 15:30:00,Arsenal,Aston Villa,1.0,2.499047619047619,200.0,0.02,PENDING,0.0
2019-09-28 14:00:00,Chelsea,Brighton & Hove Albion,1.0,2.499047619047619,200.0,0.02,PENDING,0.0
2019-09-28 14:00:00,Crystal Palace,Norwich City,1.0,2.499047619047619,200.0,0.02,PENDING,0.0
2019-09-28 14:00:00,Tottenham Hotspur,Southampton,1.0,2.499047619047619,200.0,0.02,PENDING,0.0
2019-09-28 14:00:00,Wolverhampton Wanderers,Watford,1.0,2.499047619047619,200.0,0.02,PENDING,0.0
2019-09-29 15:30:00,Leicester City,Newcastle United,1.0,2.499047619047619,200.0,0.02,PENDING,0.0
2019-10-05 11:30:00,Brighton & Hove Albion,Tottenham Hotspur,1.0,2.499047619047619,200.0,0.02,PENDING,0.0
2019-10-05 14:00:00,Liverpool,Leicester City,1.0,2.499047619047619,200.0,0.02,PENDING,0.0
2019-10-05 14:00:00,Burnley,Everton,1.0,2.499047619047619,200.0,0.02,PENDING,0.0
2019-10-06 13:00:00,Arsenal,AFC Bournemouth,1.0,2.499047619047619,200.0,0.02,PENDING,0.0
2019-10-06 15:30:00,Newcastle United,Manchester United,1.0,2.499047619047619,200.0,0.02,PENDING,0.0
2019-10-19 11:30:00,Everton,West Ham United,1.0,2.499047619047619,200.0,0.02,PENDING,0.0
2019-10-19 14:00:00,Chelsea,Newcastle United,1.0,2.499047619047619,200.0,0.02,PENDING,0.0
2019-10-19 14:00:00,Leicester City,Burnley,1.0,2.499047619047619,200.0,0.02,PENDING,0.0
2019-10-19 14:00:00,Aston Villa,Brighton & Hove Albion,1.0,2.499047619047619,200.0,0.02,PENDING,0.0
2019-10-21 19:00:00,Sheffield United,Arsenal,1.0,2.499047619047619,200.0,0.02,PENDING,0.0
2019-10-26 11:30:00,Manchester City,Aston Villa,1.0,2.499047619047619,200.0,0.02,PENDING,0.0
2019-10-26 14:00:00,Brighton & Hove Albion,Everton,1.0,2.499047619047619,200.0,0.02,PENDING,0.0
2019-10-27 16:30:00,Liverpool,Tottenham Hotspur,1.0,2.499047619047619,200.0,0.02,PENDING,0.0
2019-11-02 12:30:00,AFC Bournemouth,Manchester United,1.0,2.499047619047619,200.0,0.02,PENDING,0.0
2019-11-02 15:00:00,Sheffield United,Burnley,1.0,2.499047619047619,200.0,0.02,PENDING,0.0
2019-11-02 15:00:00,Brighton & Hove Albion,Norwich City,1.0,2.499047619047619,200.0,0.02,PENDING,0.0
2019-11-02 15:00:00,Manchester City,Southampton,1.0,2.499047619047619,200.0,0.02,PENDING,0.0
2019-11-09 12:30:00,Chelsea,Crystal Palace,1.0,2.499047619047619,200.0,0.02,PENDING,0.0
2019-11-09 15:00:00,Burnley,West Ham United,1.0,2.499047619047619,200.0,0.02,PENDING,0.0
2019-11-09 15:00:00,Newcastle United,AFC Bournemouth,1.0,2.499047619047619,200.0,0.02,PENDING,0.0
2019-11-09 17:30:00,Leicester City,Arsenal,1.0,2.499047619047619,200.0,0.02,PENDING,0.0
2019-11-10 14:00:00,Wolverhampton Wanderers,Aston Villa,1.0,2.499047619047619,200.0,0.02,PENDING,0.0
2019-11-10 14:00:00,Manchester United,Brighton & Hove Albion,1.0,2.499047619047619,200.0,0.02,PENDING,0.0
2019-11-10 16:30:00,Liverpool,Manchester City,1.0,2.499047619047619,200.0,0.02,PENDING,0.0
2019-11-23 17:30:00,Manchester City,Chelsea,1.0,2.499047619047619,200.0,0.02,PENDING,0.0
2019-11-25 20:00:00,Aston Villa,Newcastle United,1.0,2.499047619047619,200.0,0.02,PENDING,0.0
2019-11-30 15:00:00,Tottenham Hotspur,AFC Bournemouth,1.0,2.499047619047619,200.0,0.02,PENDING,0.0
2019-11-30 15:00:00,Liverpool,Brighton & Hove Albion,1.0,2.499047619047619,200.0,0.02,PENDING,0.0
2019-11-30 17:30:00,Southampton,Watford,1.0,2.499047619047619,200.0,0.02,PENDING,0.0
2019-12-01 16:30:00,Leicester City,Everton,1.0,2.499047619047619,200.0,0.02,PENDING,0.0
2019-12-03 19:30:00,Crystal Palace,AFC Bournemouth,1.0,2.499047619047619,200.0,0.02,PENDING,0.0
2019-12-04 19:30:00,Manchester United,Tottenham Hotspur,1.0,2.499047619047619,200.0,0.02,PENDING,0.0
2019-12-04 19:30:00,Southampton,Norwich City,1.0,2.499047619047619,200.0,0.02,PENDING,0.0
2019-12-04 19:30:00,Chelsea,Aston Villa,1.0,2.499047619047619,200.0,0.02,PENDING,0.0
2019-12-04 19:30:00,Leicester City,Watford,1.0,2.499047619047619,200.0,0.02,PENDING,0.0
2019-12-04 19:30:00,Wolverhampton Wanderers,West Ham United,1.0,2.499047619047619,200.0,0.02,PENDING,0.0
2019-12-04 20:15:00,Liverpool,Everton,1.0,2.499047619047619,200.0,0.02,PENDING,0.0
2019-12-07 12:30:00,Everton,Chelsea,1.0,2.499047619047619,200.0,0.02,PENDING,0.0
2019-12-07 15:00:00,Tottenham Hotspur,Burnley,1.0,2.499047619047619,200.0,0.02,PENDING,0.0
2019-12-08 14:00:00,Newcastle United,Southampton,1.0,2.499047619047619,200.0,0.02,PENDING,0.0
2019-12-14 12:30:00,Liverpool,Watford,1.0,2.499047619047619,200.0,0.02,PENDING,0.0
2019-12-14 15:00:00,Sheffield United,Aston Villa,1.0,2.499047619047619,200.0,0.02,PENDING,0.0
2019-12-14 15:00:00,Burnley,Newcastle United,1.0,2.499047619047619,200.0,0.02,PENDING,0.0
2019-12-21 15:00:00,Newcastle United,Crystal Palace,1.0,2.499047619047619,200.0,0.02,PENDING,0.0
2019-12-21 17:30:00,Manchester City,Leicester City,1.0,2.499047619047619,200.0,0.02,PENDING,0.0
2019-12-22 14:00:00,Watford,Manchester United,1.0,2.499047619047619,200.0,0.02,PENDING,0.0
2019-12-26 12:30:00,Tottenham Hotspur,Brighton & Hove Albion,1.0,2.499047619047619,200.0,0.02,PENDING,0.0
2019-12-26 15:00:00,Everton,Burnley,1.0,2.499047619047619,200.0,0.02,PENDING,0.0
2019-12-26 15:00:00,Crystal Palace,West Ham United,1.0,2.499047619047619,200.0,0.02,PENDING,0.0
2019-12-26 15:00:00,Aston Villa,Norwich City,1.0,2.499047619047619,200.0,0.02,PENDING,0.0
2019-12-26 17:30:00,Manchester United,Newcastle United,1.0,2.499047619047619,200.0,0.02,PENDING,0.0
2019-12-27 19:45:00,Wolverhampton Wanderers,Manchester City,1.0,2.499047619047619,200.0,0.02,PENDING,0.0
2019-12-28 12:30:00,Brighton & Hove Albion,AFC Bournemouth,1.0,2.499047619047619,200.0,0.02,PENDING,0.0
2019-12-28 15:00:00,Watford,Aston Villa,1.0,2.499047619047619,200.0,0.02,PENDING,0.0
2019-12-29 16:30:00,Liverpool,Wolverhampton Wanderers,1.0,2.499047619047619,200.0,0.02,PENDING,0.0
2019-12-29 18:00:00,Manchester City,Sheffield United,1.0,2.499047619047619,200.0,0.02,PENDING,0.0
2020-01-01 15:00:00,Southampton,Tottenham Hotspur,1.0,2.499047619047619,200.0,0.02,PENDING,0.0
2020-01-01 15:00:00,Watford,Wolverhampton Wanderers,1.0,2.499047619047619,200.0,0.02,PENDING,0.0
2020-01-01 17:30:00,Manchester City,Everton,1.0,2.499047619047619,200.0,0.02,PENDING,0.0
2020-01-01 17:30:00,West Ham United,AFC Bournemouth,1.0,2.499047619047619,200.0,0.02,PENDING,0.0
2020-01-01 20:00:00,Arsenal,Manchester United,1.0,2.499047619047619,200.0,0.02,PENDING,0.0
2020-01-02 20:00:00,Liverpool,Sheffield United,1.0,2.499047619047619,200.0,0.02,PENDING,0.0
2020-01-10 20:00:00,Sheffield United,West Ham United,1.0,2.499047619047619,200.0,0.02,PENDING,0.0
2020-01-11 15:00:00,Chelsea,Burnley,1.0,2.499047619047619,200.0,0.02,PENDING,0.0
2020-01-11 15:00:00,Manchester United,Norwich City,1.0,2.499047619047619,200.0,0.02,PENDING,0.0
2020-01-11 15:00:00,Everton,Brighton & Hove Albion,1.0,2.499047619047619,200.0,0.02,PENDING,0.0
2020-01-18 15:00:00,Norwich City,AFC Bournemouth,1.0,2.499047619047619,200.0,0.02,PENDING,0.0
2020-01-18 17:30:00,Newcastle United,Chelsea,1.0,2.499047619047619,200.0,0.02,PENDING,0.0
2020-01-19 14:00:00,Burnley,Leicester City,1.0,2.499047619047619,200.0,0.02,PENDING,0.0
2020-01-19 16:30:00,Liverpool,Manchester United,1.0,2.499047619047619,200.0,0.02,PENDING,0.0
2020-01-21 19:30:00,AFC Bournemouth,Brighton & Hove Albion,1.0,2.499047619047619,200.0,0.02,PENDING,0.0
2020-01-21 19:30:00,Aston Villa,Watford,1.0,2.499047619047619,200.0,0.02,PENDING,0.0
2020-01-22 19:30:00,Tottenham Hotspur,Norwich City,1.0,2.499047619047619,200.0,0.02,PENDING,0.0
2020-01-22 19:30:00,Leicester City,West Ham United,1.0,2.499047619047619,200.0,0.02,PENDING,0.0
2020-02-01 15:00:00,Liverpool,Southampton,1.0,2.499047619047619,200.0,0.02,PENDING,0.0
2020-02-01 15:00:00,AFC Bournemouth,Aston Villa,1.0,2.499047619047619,200.0,0.02,PENDING,0.0
2020-02-02 16:30:00,Tottenham Hotspur,Manchester City,1.0,2.499047619047619,200.0,0.02,PENDING,0.0
2020-02-08 12:30:00,Everton,Crystal Palace,1.0,2.499047619047619,200.0,0.02,PENDING,0.0
2020-02-09 14:00:00,Sheffield United,AFC Bournemouth,1.0,2.499047619047619,200.0,0.02,PENDING,0.0
2020-02-16 16:30:00,Arsenal,Newcastle United,1.0,2.499047619047619,200.0,0.02,PENDING,0.0
2020-02-19 19:30:00,Manchester City,West Ham United,1.0,2.499047619047619,200.0,0.02,PENDING,0.0
2020-02-22 12:30:00,Chelsea,Tottenham Hotspur,1.0,2.499047619047619,200.0,0.02,PENDING,0.0
2020-02-22 15:00:00,Burnley,AFC Bournemouth,1.0,2.499047619047619,200.0,0.02,PENDING,0.0
2020-02-22 15:00:00,Crystal Palace,Newcastle United,1.0,2.499047619047619,200.0,0.02,PENDING,0.0
2020-02-22 15:00:00,Southampton,Aston Villa,1.0,2.499047619047619,200.0,0.02,PENDING,0.0
2020-02-23 14:00:00,Manchester United,Watford,1.0,2.499047619047619,200.0,0.02,PENDING,0.0
2020-02-23 14:00:00,Wolverhampton Wanderers,Norwich City,1.0,2.499047619047619,200.0,0.02,PENDING,0.0
2020-02-23 16:30:00,Arsenal,Everton,1.0,2.499047619047619,200.0,0.02,PENDING,0.0
2020-02-24 20:00:00,Liverpool,West Ham United,1.0,2.499047619047619,200.0,0.02,PENDING,0.0
2020-02-28 20:00:00,Norwich City,Leicester City,1.0,2.499047619047619,200.0,0.02,PENDING,0.0
2020-02-29 15:00:00,West Ham United,Southampton,1.0,2.499047619047619,200.0,0.02,PENDING,0.0
2020-02-29 17:30:00,Watford,Liverpool,1.0,2.499047619047619,200.0,0.02,PENDING,0.0
2020-03-07 12:30:00,Liverpool,AFC Bournemouth,1.0,2.499047619047619,200.0,0.02,PENDING,0.0
2020-03-07 15:00:00,Arsenal,West Ham United,1.0,2.499047619047619,200.0,0.02,PENDING,0.0
2020-03-07 15:00:00,Sheffield United,Norwich City,1.0,2.499047619047619,200.0,0.02,PENDING,0.0
2020-03-07 15:00:00,Crystal Palace,Watford,1.0,2.499047619047619,200.0,0.02,PENDING,0.0
2020-03-08 14:00:00,Chelsea,Everton,1.0,2.499047619047619,200.0,0.02,PENDING,0.0
2020-03-08 16:30:00,Manchester United,Manchester City,1.0,2.499047619047619,200.0,0.02,PENDING,0.0
2020-03-09 20:00:00,Leicester City,Aston Villa,1.0,2.499047619047619,200.0,0.02,PENDING,0.0
2020-06-17 19:15:00,Manchester City,Arsenal,1.0,2.499047619047619,200.0,0.02,PENDING,0.0
2020-06-20 14:00:00,Brighton & Hove Albion,Arsenal,1.0,2.499047619047619,200.0,0.02,PENDING,0.0
2020-06-21 13:00:00,Newcastle United,Sheffield United,1.0,2.499047619047619,200.0,0.02,PENDING,0.0
2020-06-22 19:00:00,Manchester City,Burnley,1.0,2.499047619047619,200.0,0.02,PENDING,0.0
2020-06-23 19:15:00,Tottenham Hotspur,West Ham United,1.0,2.499047619047619,200.0,0.02,PENDING,0.0
2020-06-24 17:00:00,Wolverhampton Wanderers,AFC Bournemouth,1.0,2.499047619047619,200.0,0.02,PENDING,0.0
2020-06-24 17:00:00,Manchester United,Sheffield United,1.0,2.499047619047619,200.0,0.02,PENDING,0.0
2020-06-24 19:15:00,Liverpool,Crystal Palace,1.0,2.499047619047619,200.0,0.02,PENDING,0.0
2020-06-25 17:00:00,Burnley,Watford,1.0,2.499047619047619,200.0,0.02,PENDING,0.0
2020-06-25 19:15:00,Chelsea,Manchester City,1.0,2.499047619047619,200.0,0.02,PENDING,0.0
2020-07-01 17:00:00,Everton,Leicester City,1.0,2.499047619047619,200.0,0.02,PENDING,0.0
2020-07-01 17:00:00,Arsenal,Norwich City,1.0,2.499047619047619,200.0,0.02,PENDING,0.0
2020-07-01 19:15:00,West Ham United,Chelsea,1.0,2.499047619047619,200.0,0.02,PENDING,0.0
2020-07-02 17:00:00,Sheffield United,Tottenham Hotspur,1.0,2.499047619047619,200.0,0.02,PENDING,0.0
2020-07-02 19:15:00,Manchester City,Liverpool,1.0,2.499047619047619,200.0,0.02,PENDING,0.0
2020-07-04 14:00:00,Manchester United,AFC Bournemouth,1.0,2.499047619047619,200.0,0.02,PENDING,0.0
2020-07-04 14:00:00,Leicester City,Crystal Palace,1.0,2.499047619047619,200.0,0.02,PENDING,0.0
2020-07-04 19:00:00,Chelsea,Watford,1.0,2.499047619047619,200.0,0.02,PENDING,0.0
2020-07-05 15:30:00,Liverpool,Aston Villa,1.0,2.499047619047619,200.0,0.02,PENDING,0.0
2020-07-05 18:00:00,Southampton,Manchester City,1.0,2.499047619047619,200.0,0.02,PENDING,0.0
2020-07-06 19:00:00,Tottenham Hotspur,Everton,1.0,2.499047619047619,200.0,0.02,PENDING,0.0
2020-07-07 17:00:00,Watford,Norwich City,1.0,2.499047619047619,200.0,0.02,PENDING,0.0
2020-07-08 17:00:00,Sheffield United,Wolverhampton Wanderers,1.0,2.499047619047619,200.0,0.02,PENDING,0.0
2020-07-08 17:00:00,Manchester City,Newcastle United,1.0,2.499047619047619,200.0,0.02,PENDING,0.0
2020-07-11 11:30:00,Watford,Newcastle United,1.0,2.499047619047619,200.0,0.02,PENDING,0.0
2020-07-11 16:30:00,Sheffield United,Chelsea,1.0,2.499047619047619,200.0,0.02,PENDING,0.0
2020-07-12 11:00:00,Wolverhampton Wanderers,Everton,1.0,2.499047619047619,200.0,0.02,PENDING,0.0
2020-07-12 13:15:00,Aston Villa,Crystal Palace,1.0,2.499047619047619,200.0,0.02,PENDING,0.0
2020-07-12 15:30:00,Tottenham Hotspur,Arsenal,1.0,2.499047619047619,200.0,0.02,PENDING,0.0
2020-07-12 18:00:00,AFC Bournemouth,Leicester City,1.0,2.499047619047619,200.0,0.02,PENDING,0.0
2020-07-14 19:15:00,Chelsea,Norwich City,1.0,2.499047619047619,200.0,0.02,PENDING,0.0
2020-07-15 17:00:00,Manchester City,AFC Bournemouth,1.0,2.499047619047619,200.0,0.02,PENDING,0.0
2020-07-15 19:15:00,Arsenal,Liverpool,1.0,2.499047619047619,200.0,0.02,PENDING,0.0
2020-07-16 17:00:00,Leicester City,Sheffield United,1.0,2.499047619047619,200.0,0.02,PENDING,0.0
2020-07-17 19:00:00,West Ham United,Watford,1.0,2.499047619047619,200.0,0.02,PENDING,0.0
2020-07-19 15:00:00,Tottenham Hotspur,Leicester City,1.0,2.499047619047619,200.0,0.02,PENDING,0.0
2020-07-20 19:15:00,Wolverhampton Wanderers,Crystal Palace,1.0,2.499047619047619,200.0,0.02,PENDING,0.0
2020-07-21 19:15:00,Aston Villa,Arsenal,1.0,2.499047619047619,200.0,0.02,PENDING,0.0
2020-07-22 19:15:00,Liverpool,Chelsea,1.0,2.499047619047619,200.0,0.02,PENDING,0.0
2020-07-26 15:00:00,Arsenal,Watford,1.0,2.499047619047619,200.0,0.02,PENDING,0.0
2020-07-26 15:00:00,Southampton,Sheffield United,1.0,2.499047619047619,200.0,0.02,PENDING,0.0
2020-07-26 15:00:00,Manchester City,Norwich City,1.0,2.499047619047619,200.0,0.02,PENDING,0.0
2020-07-26 15:00:00,Chelsea,Wolverhampton Wanderers,1.0,2.499047619047619,200.0,0.02,PENDING,0.0
2020-09-12 14:00:00,Crystal Palace,Southampton,1.0,2.499047619047619,200.0,0.02,PENDING,0.0
2020-09-12 16:30:00,Liverpool,Leeds United,1.0,2.499047619047619,200.0,0.02,PENDING,0.0
2020-09-19 11:30:00,Everton,West Bromwich Albion,1.0,2.499047619047619,200.0,0.02,PENDING,0.0
2020-09-19 14:00:00,Leeds United,Fulham,1.0,2.499047619047619,200.0,0.02,PENDING,0.0
2020-09-19 19:00:00,Arsenal,West Ham United,1.0,2.499047619047619,200.0,0.02,PENDING,0.0
2020-09-20 18:00:00,Leicester City,Burnley,1.0,2.499047619047619,200.0,0.02,PENDING,0.0
2020-09-21 17:00:00,Aston Villa,Sheffield United,1.0,2.499047619047619,200.0,0.02,PENDING,0.0
2020-09-27 18:00:00,West Ham United,Wolverhampton Wanderers,1.0,2.499047619047619,200.0,0.02,PENDING,0.0
2020-09-28 19:00:00,Liverpool,Arsenal,1.0,2.499047619047619,200.0,0.02,PENDING,0.0
2020-10-03 11:30:00,Chelsea,Crystal Palace,1.0,2.499047619047619,200.0,0.02,PENDING,0.0
2020-10-03 14:00:00,Everton,Brighton & Hove Albion,1.0,2.499047619047619,200.0,0.02,PENDING,0.0
2020-10-03 19:00:00,Newcastle United,Burnley,1.0,2.499047619047619,200.0,0.02,PENDING,0.0
2020-10-04 11:00:00,Southampton,West Bromwich Albion,1.0,2.499047619047619,200.0,0.02,PENDING,0.0
2020-10-04 13:00:00,Wolverhampton Wanderers,Fulham,1.0,2.499047619047619,200.0,0.02,PENDING,0.0
2020-10-04 13:00:00,Arsenal,Sheffield United,1.0,2.499047619047619,200.0,0.02,PENDING,0.0
2020-10-04 18:15:00,Aston Villa,Liverpool,1.0,2.499047619047619,200.0,0.02,PENDING,0.0
2020-10-17 16:30:00,Manchester City,Arsenal,1.0,2.499047619047619,200.0,0.02,PENDING,0.0
2020-10-24 19:00:00,Liverpool,Sheffield United,1.0,2.499047619047619,200.0,0.02,PENDING,0.0
2020-10-25 14:00:00,Southampton,Everton,1.0,2.499047619047619,200.0,0.02,PENDING,0.0
2020-10-30 20:00:00,Wolverhampton Wanderers,Crystal Palace,1.0,2.499047619047619,200.0,0.02,PENDING,0.0
2020-10-31 17:30:00,Liverpool,West Ham United,1.0,2.499047619047619,200.0,0.02,PENDING,0.0
2020-11-01 14:00:00,Newcastle United,Everton,1.0,2.499047619047619,200.0,0.02,PENDING,0.0
2020-11-01 19:15:00,Tottenham Hotspur,Brighton & Hove Albion,1.0,2.499047619047619,200.0,0.02,PENDING,0.0
2020-11-02 17:30:00,Fulham,West Bromwich Albion,1.0,2.499047619047619,200.0,0.02,PENDING,0.0
2020-11-06 20:00:00,Southampton,Newcastle United,1.0,2.499047619047619,200.0,0.02,PENDING,0.0
2020-11-07 15:00:00,Crystal Palace,Leeds United,1.0,2.499047619047619,200.0,0.02,PENDING,0.0
2020-11-07 17:30:00,Chelsea,Sheffield United,1.0,2.499047619047619,200.0,0.02,PENDING,0.0
2020-11-07 20:00:00,West Ham United,Fulham,1.0,2.499047619047619,200.0,0.02,PENDING,0.0
2020-11-08 14:00:00,Leicester City,Wolverhampton Wanderers,1.0,2.499047619047619,200.0,0.02,PENDING,0.0
2020-11-21 17:30:00,Tottenham Hotspur,Manchester City,1.0,2.499047619047619,200.0,0.02,PENDING,0.0
2020-11-21 20:00:00,Manchester United,West Bromwich Albion,1.0,2.499047619047619,200.0,0.02,PENDING,0.0
2020-11-22 19:15:00,Liverpool,Leicester City,1.0,2.499047619047619,200.0,0.02,PENDING,0.0
2020-11-23 17:30:00,Burnley,Crystal Palace,1.0,2.499047619047619,200.0,0.02,PENDING,0.0
2020-11-28 15:00:00,Manchester City,Burnley,1.0,2.499047619047619,200.0,0.02,PENDING,0.0
2020-11-28 20:00:00,West Bromwich Albion,Sheffield United,1.0,2.499047619047619,200.0,0.02,PENDING,0.0
2020-11-30 20:00:00,West Ham United,Aston Villa,1.0,2.499047619047619,200.0,0.02,PENDING,0.0
2020-12-05 15:00:00,Manchester City,Fulham,1.0,2.499047619047619,200.0,0.02,PENDING,0.0
2020-12-05 20:00:00,Chelsea,Leeds United,1.0,2.499047619047619,200.0,0.02,PENDING,0.0
2020-12-06 16:30:00,Tottenham Hotspur,Arsenal,1.0,2.499047619047619,200.0,0.02,PENDING,0.0
2020-12-06 19:15:00,Liverpool,Wolverhampton Wanderers,1.0,2.499047619047619,200.0,0.02,PENDING,0.0
2020-12-12 15:00:00,Newcastle United,West Bromwich Albion,1.0,2.499047619047619,200.0,0.02,PENDING,0.0
2020-12-12 20:00:00,Everton,Chelsea,1.0,2.499047619047619,200.0,0.02,PENDING,0.0
2020-12-13 12:00:00,Southampton,Sheffield United,1.0,2.499047619047619,200.0,0.02,PENDING,0.0
2020-12-13 19:15:00,Leicester City,Brighton & Hove Albion,1.0,2.499047619047619,200.0,0.02,PENDING,0.0
2020-12-15 18:00:00,Wolverhampton Wanderers,Chelsea,1.0,2.499047619047619,200.0,0.02,PENDING,0.0
2020-12-16 18:00:00,Leeds United,Newcastle United,1.0,2.499047619047619,200.0,0.02,PENDING,0.0
2020-12-16 20:00:00,Liverpool,Tottenham Hotspur,1.0,2.499047619047619,200.0,0.02,PENDING,0.0
2020-12-19 17:30:00,Everton,Arsenal,1.0,2.499047619047619,200.0,0.02,PENDING,0.0
2020-12-20 16:30:00,Manchester United,Leeds United,1.0,2.499047619047619,200.0,0.02,PENDING,0.0
2020-12-21 17:30:00,Burnley,Wolverhampton Wanderers,1.0,2.499047619047619,200.0,0.02,PENDING,0.0
2020-12-21 20:00:00,Chelsea,West Ham United,1.0,2.499047619047619,200.0,0.02,PENDING,0.0
2020-12-26 15:00:00,Aston Villa,Crystal Palace,1.0,2.499047619047619,200.0,0.02,PENDING,0.0
2020-12-26 17:30:00,Arsenal,Chelsea,1.0,2.499047619047619,200.0,0.02,PENDING,0.0
2020-12-26 20:00:00,Manchester City,Newcastle United,1.0,2.499047619047619,200.0,0.02,PENDING,0.0
2020-12-27 12:00:00,Leeds United,Burnley,1.0,2.499047619047619,200.0,0.02,PENDING,0.0
2020-12-29 18:00:00,Burnley,Sheffield United,1.0,2.499047619047619,200.0,0.02,PENDING,0.0
2020-12-29 20:00:00,Manchester United,Wolverhampton Wanderers,1.0,2.499047619047619,200.0,0.02,PENDING,0.0
2021-01-01 20:00:00,Manchester United,Aston Villa,1.0,2.499047619047619,200.0,0.02,PENDING,0.0
2021-01-02 12:30:00,Tottenham Hotspur,Leeds United,1.0,2.499047619047619,200.0,0.02,PENDING,0.0
2021-01-02 15:00:00,Crystal Palace,Sheffield United,1.0,2.499047619047619,200.0,0.02,PENDING,0.0
2021-01-04 20:00:00,Southampton,Liverpool,1.0,2.499047619047619,200.0,0.02,PENDING,0.0
2021-01-12 18:00:00,Sheffield United,Newcastle United,1.0,2.499047619047619,200.0,0.02,PENDING,0.0
2021-01-13 18:00:00,Manchester City,Brighton & Hove Albion,1.0,2.499047619047619,200.0,0.02,PENDING,0.0
2021-01-16 15:00:00,West Ham United,Burnley,1.0,2.499047619047619,200.0,0.02,PENDING,0.0
2021-01-16 20:00:00,Leicester City,Southampton,1.0,2.499047619047619,200.0,0.02,PENDING,0.0
2021-01-17 19:15:00,Manchester City,Crystal Palace,1.0,2.499047619047619,200.0,0.02,PENDING,0.0
2021-01-18 20:00:00,Arsenal,Newcastle United,1.0,2.499047619047619,200.0,0.02,PENDING,0.0
2021-01-19 18:00:00,West Ham United,West Bromwich Albion,1.0,2.499047619047619,200.0,0.02,PENDING,0.0
2021-01-19 20:15:00,Leicester City,Chelsea,1.0,2.499047619047619,200.0,0.02,PENDING,0.0
2021-01-20 18:00:00,Manchester City,Aston Villa,1.0,2.499047619047619,200.0,0.02,PENDING,0.0
2021-01-23 20:00:00,Aston Villa,Newcastle United,1.0,2.499047619047619,200.0,0.02,PENDING,0.0
2021-01-27 18:00:00,Burnley,Aston Villa,1.0,2.499047619047619,200.0,0.02,PENDING,0.0
2021-01-30 15:00:00,Crystal Palace,Wolverhampton Wanderers,1.0,2.499047619047619,200.0,0.02,PENDING,0.0
2021-01-30 15:00:00,Manchester City,Sheffield United,1.0,2.499047619047619,200.0,0.02,PENDING,0.0
2021-01-31 12:00:00,Chelsea,Burnley,1.0,2.499047619047619,200.0,0.02,PENDING,0.0
2021-01-31 19:15:00,Brighton & Hove Albion,Tottenham Hotspur,1.0,2.499047619047619,200.0,0.02,PENDING,0.0
2021-02-02 18:00:00,Sheffield United,West Bromwich Albion,1.0,2.499047619047619,200.0,0.02,PENDING,0.0
2021-02-02 18:00:00,Wolverhampton Wanderers,Arsenal,1.0,2.499047619047619,200.0,0.02,PENDING,0.0
2021-02-02 20:15:00,Manchester United,Southampton,1.0,2.499047619047619,200.0,0.02,PENDING,0.0
2021-02-06 12:30:00,Aston Villa,Arsenal,1.0,2.499047619047619,200.0,0.02,PENDING,0.0
2021-02-06 15:00:00,Newcastle United,Southampton,1.0,2.499047619047619,200.0,0.02,PENDING,0.0
2021-02-07 12:00:00,Tottenham Hotspur,West Bromwich Albion,1.0,2.499047619047619,200.0,0.02,PENDING,0.0
2021-02-08 20:00:00,Leeds United,Crystal Palace,1.0,2.499047619047619,200.0,0.02,PENDING,0.0
2021-02-13 12:30:00,Leicester City,Liverpool,1.0,2.499047619047619,200.0,0.02,PENDING,0.0
2021-02-13 17:30:00,Manchester City,Tottenham Hotspur,1.0,2.499047619047619,200.0,0.02,PENDING,0.0
2021-02-14 16:30:00,Arsenal,Leeds United,1.0,2.499047619047619,200.0,0.02,PENDING,0.0
2021-02-15 18:00:00,West Ham United,Sheffield United,1.0,2.499047619047619,200.0,0.02,PENDING,0.0
2021-02-15 20:00:00,Chelsea,Newcastle United,1.0,2.499047619047619,200.0,0.02,PENDING,0.0
2021-02-19 20:00:00,Wolverhampton Wanderers,Leeds United,1.0,2.499047619047619,200.0,0.02,PENDING,0.0
2021-02-20 20:00:00,Fulham,Sheffield United,1.0,2.499047619047619,200.0,0.02,PENDING,0.0
2021-02-21 12:00:00,West Ham United,Tottenham Hotspur,1.0,2.499047619047619,200.0,0.02,PENDING,0.0
2021-02-21 19:00:00,Manchester United,Newcastle United,1.0,2.499047619047619,200.0,0.02,PENDING,0.0
2021-02-23 18:00:00,Leeds United,Southampton,1.0,2.499047619047619,200.0,0.02,PENDING,0.0
2021-02-27 12:30:00,Manchester City,West Ham United,1.0,2.499047619047619,200.0,0.02,PENDING,0.0
2021-02-27 15:00:00,West Bromwich Albion,Brighton & Hove Albion,1.0,2.499047619047619,200.0,0.02,PENDING,0.0
2021-02-28 14:00:00,Tottenham Hotspur,Burnley,1.0,2.499047619047619,200.0,0.02,PENDING,0.0
2021-03-01 20:00:00,Everton,Southampton,1.0,2.499047619047619,200.0,0.02,PENDING,0.0
2021-03-02 20:00:00,Manchester City,Wolverhampton Wanderers,1.0,2.499047619047619,200.0,0.02,PENDING,0.0
2021-03-03 18:00:00,Sheffield United,Aston Villa,1.0,2.499047619047619,200.0,0.02,PENDING,0.0
2021-03-07 19:15:00,Tottenham Hotspur,Crystal Palace,1.0,2.499047619047619,200.0,0.02,PENDING,0.0
2021-03-08 18:00:00,Chelsea,Everton,1.0,2.499047619047619,200.0,0.02,PENDING,0.0
2021-03-08 20:00:00,West Ham United,Leeds United,1.0,2.499047619047619,200.0,0.02,PENDING,0.0
2021-03-10 18:00:00,Manchester City,Southampton,1.0,2.499047619047619,200.0,0.02,PENDING,0.0
2021-03-13 15:00:00,Crystal Palace,West Bromwich Albion,1.0,2.499047619047619,200.0,0.02,PENDING,0.0
2021-03-14 14:00:00,Leicester City,Sheffield United,1.0,2.499047619047619,200.0,0.02,PENDING,0.0
2021-03-14 16:30:00,Arsenal,Tottenham Hotspur,1.0,2.499047619047619,200.0,0.02,PENDING,0.0
2021-03-14 19:15:00,Manchester United,West Ham United,1.0,2.499047619047619,200.0,0.02,PENDING,0.0
2021-03-20 20:00:00,Brighton & Hove Albion,Newcastle United,1.0,2.499047619047619,200.0,0.02,PENDING,0.0
2021-04-03 14:00:00,Leeds United,Sheffield United,1.0,2.499047619047619,200.0,0.02,PENDING,0.0
2021-04-04 11:00:00,Southampton,Burnley,1.0,2.499047619047619,200.0,0.02,PENDING,0.0
2021-04-04 15:30:00,Aston Villa,Fulham,1.0,2.499047619047619,200.0,0.02,PENDING,0.0
2021-04-04 18:30:00,Manchester United,Brighton & Hove Albion,1.0,2.499047619047619,200.0,0.02,PENDING,0.0
2021-04-10 14:00:00,Liverpool,Aston Villa,1.0,2.499047619047619,200.0,0.02,PENDING,0.0
2021-04-11 13:05:00,West Ham United,Leicester City,1.0,2.499047619047619,200.0,0.02,PENDING,0.0
2021-04-12 17:00:00,West Bromwich Albion,Southampton,1.0,2.499047619047619,200.0,0.02,PENDING,0.0
2021-04-17 11:30:00,Newcastle United,West Ham United,0.9999816239141864,2.499047619047619,200.0,0.02,PENDING,0.0
2021-04-17 19:15:00,Wolverhampton Wanderers,Sheffield United,1.0,2.499047619047619,200.0,0.02,PENDING,0.0
2021-04-18 15:00:00,Manchester United,Burnley,1.0,2.499047619047619,200.0,0.02,PENDING,0.0
2021-04-21 17:00:00,Tottenham Hotspur,Southampton,1.0,2.499047619047619,200.0,0.02,PENDING,0.0
2021-04-22 19:00:00,Leicester City,West Bromwich Albion,1.0,2.499047619047619,200.0,0.02,PENDING,0.0
2021-04-24 19:00:00,Sheffield United,Brighton & Hove Albion,1.0,2.499047619047619,200.0,0.02,PENDING,0.0
2021-04-26 19:00:00,Leicester City,Crystal Palace,1.0,2.499047619047619,200.0,0.02,PENDING,0.0
2021-05-01 14:00:00,Brighton & Hove Albion,Leeds United,1.0,2.499047619047619,200.0,0.02,PENDING,0.0
2021-05-01 16:30:00,Chelsea,Fulham,1.0,2.499047619047619,200.0,0.02,PENDING,0.0
2021-05-02 18:15:00,Tottenham Hotspur,Sheffield United,1.0,2.499047619047619,200.0,0.02,PENDING,0.0
2021-05-08 11:30:00,Leeds United,Tottenham Hotspur,1.0,2.499047619047619,200.0,0.02,PENDING,0.0
2021-05-08 19:15:00,Liverpool,Southampton,1.0,2.499047619047619,200.0,0.02,PENDING,0.0
2021-05-09 11:00:00,Wolverhampton Wanderers,Brighton & Hove Albion,1.0,2.499047619047619,200.0,0.02,PENDING,0.0
2021-05-09 18:00:00,Arsenal,West Bromwich Albion,1.0,2.499047619047619,200.0,0.02,PENDING,0.0
2021-05-11 19:15:00,Southampton,Crystal Palace,1.0,2.499047619047619,200.0,0.02,PENDING,0.0
2021-05-15 14:00:00,Southampton,Fulham,1.0,2.499047619047619,200.0,0.02,PENDING,0.0
2021-05-16 11:00:00,Crystal Palace,Aston Villa,1.0,2.499047619047619,200.0,0.02,PENDING,0.0
2021-05-16 13:05:00,Tottenham Hotspur,Wolverhampton Wanderers,1.0,2.499047619047619,200.0,0.02,PENDING,0.0
2021-05-18 18:00:00,Brighton & Hove Albion,Manchester City,1.0,2.499047619047619,200.0,0.02,PENDING,0.0
2021-05-18 19:15:00,Chelsea,Leicester City,1.0,2.499047619047619,200.0,0.02,PENDING,0.0
2021-05-19 17:00:00,Newcastle United,Sheffield United,1.0,2.499047619047619,200.0,0.02,PENDING,0.0
2021-05-19 17:00:00,Everton,Wolverhampton Wanderers,1.0,2.499047619047619,200.0,0.02,PENDING,0.0
2021-05-23 15:00:00,Leeds United,West Bromwich Albion,1.0,2.499047619047619,200.0,0.02,PENDING,0.0
2021-05-23 15:00:00,Arsenal,Brighton & Hove Albion,1.0,2.499047619047619,200.0,0.02,PENDING,0.0
2021-05-23 15:00:00,Aston Villa,Chelsea,1.0,2.499047619047619,200.0,0.02,PENDING,0.0
2021-05-23 15:00:00,Liverpool,Crystal Palace,1.0,2.499047619047619,200.0,0.02,PENDING,0.0
2021-05-23 15:00:00,Manchester City,Everton,1.0,2.499047619047619,200.0,0.02,PENDING,0.0
2021-05-23 15:00:00,West Ham United,Southampton,1.0,2.499047619047619,200.0,0.02,PENDING,0.0
2021-05-23 15:00:00,Sheffield United,Burnley,1.0,2.499047619047619,200.0,0.02,PENDING,0.0
2021-08-13 19:00:00,Brentford,Arsenal,1.0,2.499047619047619,200.0,0.02,PENDING,0.0
2021-08-14 11:30:00,Manchester United,Leeds United,1.0,2.499047619047619,200.0,0.02,PENDING,0.0
2021-08-14 14:00:00,Chelsea,Crystal Palace,1.0,2.499047619047619,200.0,0.02,PENDING,0.0
2021-08-14 14:00:00,Watford,Aston Villa,1.0,2.499047619047619,200.0,0.02,PENDING,0.0
2021-08-14 14:00:00,Leicester City,Wolverhampton Wanderers,1.0,2.499047619047619,200.0,0.02,PENDING,0.0
2021-08-14 14:00:00,Everton,Southampton,1.0,2.499047619047619,200.0,0.02,PENDING,0.0
2021-08-15 15:30:00,Tottenham Hotspur,Manchester City,1.0,2.499047619047619,200.0,0.02,PENDING,0.0
2021-08-21 11:30:00,Liverpool,Burnley,1.0,2.499047619047619,200.0,0.02,PENDING,0.0
2021-08-21 14:00:00,Aston Villa,Newcastle United,1.0,2.499047619047619,200.0,0.02,PENDING,0.0
2021-08-21 14:00:00,Manchester City,Norwich City,1.0,2.499047619047619,200.0,0.02,PENDING,0.0
2021-08-21 16:30:00,Brighton & Hove Albion,Watford,1.0,2.499047619047619,200.0,0.02,PENDING,0.0
2021-08-23 19:00:00,West Ham United,Leicester City,1.0,2.499047619047619,200.0,0.02,PENDING,0.0
2021-08-28 11:30:00,Manchester City,Arsenal,1.0,2.499047619047619,200.0,0.02,PENDING,0.0
2021-08-29 13:00:00,Tottenham Hotspur,Watford,1.0,2.499047619047619,200.0,0.02,PENDING,0.0
2021-09-11 11:30:00,Crystal Palace,Tottenham Hotspur,1.0,2.499047619047619,200.0,0.02,PENDING,0.0
2021-09-11 14:00:00,Manchester United,Newcastle United,1.0,2.499047619047619,200.0,0.02,PENDING,0.0
2021-09-11 14:00:00,Arsenal,Norwich City,1.0,2.499047619047619,200.0,0.02,PENDING,0.0
2021-09-11 16:30:00,Chelsea,Aston Villa,1.0,2.499047619047619,200.0,0.02,PENDING,0.0
2021-09-13 19:00:00,Everton,Burnley,1.0,2.499047619047619,200.0,0.02,PENDING,0.0
2021-09-18 14:00:00,Liverpool,Crystal Palace,1.0,2.499047619047619,200.0,0.02,PENDING,0.0
2021-09-18 16:30:00,Aston Villa,Everton,1.0,2.499047619047619,200.0,0.02,PENDING,0.0
2021-09-19 13:00:00,Brighton & Hove Albion,Leicester City,1.0,2.499047619047619,200.0,0.02,PENDING,0.0
2021-09-25 14:00:00,Everton,Norwich City,1.0,2.499047619047619,200.0,0.02,PENDING,0.0
2021-09-26 15:30:00,Arsenal,Tottenham Hotspur,1.0,2.499047619047619,200.0,0.02,PENDING,0.0
2021-10-02 14:00:00,Wolverhampton Wanderers,Newcastle United,1.0,2.499047619047619,200.0,0.02,PENDING,0.0
2021-10-02 14:00:00,Chelsea,Southampton,1.0,2.499047619047619,200.0,0.02,PENDING,0.0
2021-10-02 14:00:00,Leeds United,Watford,1.0,2.499047619047619,200.0,0.02,PENDING,0.0
2021-10-03 13:00:00,Tottenham Hotspur,Aston Villa,1.0,2.499047619047619,200.0,0.02,PENDING,0.0
2021-10-16 14:00:00,Southampton,Leeds United,1.0,2.499047619047619,200.0,0.02,PENDING,0.0
2021-10-16 14:00:00,Leicester City,Manchester United,1.0,2.499047619047619,200.0,0.02,PENDING,0.0
2021-10-16 14:00:00,Manchester City,Burnley,1.0,2.499047619047619,200.0,0.02,PENDING,0.0
2021-10-22 19:00:00,Arsenal,Aston Villa,1.0,2.499047619047619,200.0,0.02,PENDING,0.0
2021-10-23 11:30:00,Chelsea,Norwich City,1.0,2.499047619047619,200.0,0.02,PENDING,0.0
2021-10-24 13:00:00,West Ham United,Tottenham Hotspur,1.0,2.499047619047619,200.0,0.02,PENDING,0.0
2021-10-30 14:00:00,Burnley,Brentford,1.0,2.499047619047619,200.0,0.02,PENDING,0.0
2021-11-01 20:00:00,Wolverhampton Wanderers,Everton,1.0,2.499047619047619,200.0,0.02,PENDING,0.0
2021-11-05 20:00:00,Southampton,Aston Villa,1.0,2.499047619047619,200.0,0.02,PENDING,0.0
2021-11-06 15:00:00,Crystal Palace,Wolverhampton Wanderers,1.0,2.499047619047619,200.0,0.02,PENDING,0.0
2021-11-07 14:00:00,Arsenal,Watford,1.0,2.499047619047619,200.0,0.02,PENDING,0.0
2021-11-07 16:30:00,West Ham United,Liverpool,1.0,2.499047619047619,200.0,0.02,PENDING,0.0
2021-11-20 15:00:00,Norwich City,Southampton,1.0,2.499047619047619,200.0,0.02,PENDING,0.0
2021-11-20 15:00:00,Wolverhampton Wanderers,West Ham United,1.0,2.499047619047619,200.0,0.02,PENDING,0.0
2021-11-20 15:00:00,Watford,Manchester United,1.0,2.499047619047619,200.0,0.02,PENDING,0.0
2021-11-20 15:00:00,Aston Villa,Brighton & Hove Albion,1.0,2.499047619047619,200.0,0.02,PENDING,0.0
2021-11-20 17:30:00,Liverpool,Arsenal,1.0,2.499047619047619,200.0,0.02,PENDING,0.0
2021-11-21 14:00:00,Manchester City,Everton,1.0,2.499047619047619,200.0,0.02,PENDING,0.0
2021-11-21 16:30:00,Tottenham Hotspur,Leeds United,1.0,2.499047619047619,200.0,0.02,PENDING,0.0
2021-11-27 12:30:00,Arsenal,Newcastle United,1.0,2.499047619047619,200.0,0.02,PENDING,0.0
2021-11-27 15:00:00,Liverpool,Southampton,1.0,2.499047619047619,200.0,0.02,PENDING,0.0
2021-11-28 14:00:00,Leicester City,Watford,1.0,2.499047619047619,200.0,0.02,PENDING,0.0
2021-11-28 14:00:00,Manchester City,West Ham United,1.0,2.499047619047619,200.0,0.02,PENDING,0.0
2021-11-28 14:00:00,Brentford,Everton,1.0,2.499047619047619,200.0,0.02,PENDING,0.0
2021-11-30 20:15:00,Leeds United,Crystal Palace,1.0,2.499047619047619,200.0,0.02,PENDING,0.0
2021-12-02 19:30:00,Tottenham Hotspur,Brentford,1.0,2.499047619047619,200.0,0.02,PENDING,0.0
2021-12-02 20:15:00,Manchester United,Arsenal,1.0,2.499047619047619,200.0,0.02,PENDING,0.0
2021-12-04 12:30:00,West Ham United,Chelsea,1.0,2.499047619047619,200.0,0.02,PENDING,0.0
2021-12-04 15:00:00,Newcastle United,Burnley,1.0,2.499047619047619,200.0,0.02,PENDING,0.0
2021-12-05 14:00:00,Tottenham Hotspur,Norwich City,1.0,2.499047619047619,200.0,0.02,PENDING,0.0
2021-12-05 14:00:00,Manchester United,Crystal Palace,1.0,2.499047619047619,200.0,0.02,PENDING,0.0
2021-12-05 16:30:00,Aston Villa,Leicester City,1.0,2.499047619047619,200.0,0.02,PENDING,0.0
2021-12-06 20:00:00,Everton,Arsenal,1.0,2.499047619047619,200.0,0.02,PENDING,0.0
2021-12-10 20:00:00,Brentford,Watford,1.0,2.499047619047619,200.0,0.02,PENDING,0.0
2021-12-11 12:30:00,Manchester City,Wolverhampton Wanderers,1.0,2.499047619047619,200.0,0.02,PENDING,0.0
2021-12-11 15:00:00,Liverpool,Aston Villa,1.0,2.499047619047619,200.0,0.02,PENDING,0.0
2021-12-11 15:00:00,Chelsea,Leeds United,1.0,2.499047619047619,200.0,0.02,PENDING,0.0
2021-12-11 15:00:00,Arsenal,Southampton,1.0,2.499047619047619,200.0,0.02,PENDING,0.0
2021-12-12 14:00:00,Leicester City,Newcastle United,1.0,2.499047619047619,200.0,0.02,PENDING,0.0
2021-12-12 16:30:00,Crystal Palace,Everton,1.0,2.499047619047619,200.0,0.02,PENDING,0.0
2021-12-14 20:00:00,Manchester City,Leeds United,1.0,2.499047619047619,200.0,0.02,PENDING,0.0
2021-12-15 20:00:00,Arsenal,West Ham United,1.0,2.499047619047619,200.0,0.02,PENDING,0.0
2021-12-16 20:00:00,Liverpool,Newcastle United,1.0,2.499047619047619,200.0,0.02,PENDING,0.0
2021-12-26 15:00:00,Tottenham Hotspur,Crystal Palace,1.0,2.499047619047619,200.0,0.02,PENDING,0.0
2021-12-26 15:00:00,Manchester City,Leicester City,1.0,2.499047619047619,200.0,0.02,PENDING,0.0
2021-12-26 20:00:00,Brighton & Hove Albion,Brentford,1.0,2.499047619047619,200.0,0.02,PENDING,0.0
2021-12-28 15:00:00,Crystal Palace,Norwich City,1.0,2.499047619047619,200.0,0.02,PENDING,0.0
2021-12-28 20:00:00,Leicester City,Liverpool,1.0,2.499047619047619,200.0,0.02,PENDING,0.0
2021-12-30 20:15:00,Manchester United,Burnley,1.0,2.499047619047619,200.0,0.02,PENDING,0.0
2022-01-02 14:00:00,Leeds United,Burnley,1.0,2.499047619047619,200.0,0.02,PENDING,0.0
2022-01-02 14:00:00,Brentford,Aston Villa,1.0,2.499047619047619,200.0,0.02,PENDING,0.0
2022-01-11 19:45:00,Southampton,Brentford,1.0,2.499047619047619,200.0,0.02,PENDING,0.0
2022-01-12 19:45:00,West Ham United,Norwich City,1.0,2.499047619047619,200.0,0.02,PENDING,0.0
2022-01-15 12:30:00,Manchester City,Chelsea,1.0,2.499047619047619,200.0,0.02,PENDING,0.0
2022-01-15 15:00:00,Wolverhampton Wanderers,Southampton,1.0,2.499047619047619,200.0,0.02,PENDING,0.0
2022-01-15 15:00:00,Norwich City,Everton,1.0,2.499047619047619,200.0,0.02,PENDING,0.0
2022-01-16 14:00:00,Liverpool,Brentford,1.0,2.499047619047619,200.0,0.02,PENDING,0.0
2022-01-22 15:00:00,Manchester United,West Ham United,1.0,2.499047619047619,200.0,0.02,PENDING,0.0
2022-01-23 16:30:00,Chelsea,Tottenham Hotspur,1.0,2.499047619047619,200.0,0.02,PENDING,0.0
2022-02-08 19:45:00,Newcastle United,Everton,1.0,2.499047619047619,200.0,0.02,PENDING,0.0
2022-02-08 19:45:00,West Ham United,Watford,1.0,2.499047619047619,200.0,0.02,PENDING,0.0
2022-02-09 19:45:00,Manchester City,Brentford,1.0,2.499047619047619,200.0,0.02,PENDING,0.0
2022-02-10 19:45:00,Liverpool,Leicester City,1.0,2.499047619047619,200.0,0.02,PENDING,0.0
2022-02-12 15:00:00,Everton,Leeds United,1.0,2.499047619047619,200.0,0.02,PENDING,0.0
2022-02-13 14:00:00,Newcastle United,Aston Villa,1.0,2.499047619047619,200.0,0.02,PENDING,0.0
2022-02-15 20:15:00,Manchester United,Brighton & Hove Albion,1.0,2.499047619047619,200.0,0.02,PENDING,0.0
2022-02-19 15:00:00,Arsenal,Brentford,1.0,2.499047619047619,200.0,0.02,PENDING,0.0
2022-02-19 15:00:00,Southampton,Everton,1.0,2.499047619047619,200.0,0.02,PENDING,0.0
2022-02-19 15:00:00,Liverpool,Norwich City,1.0,2.499047619047619,200.0,0.02,PENDING,0.0
2022-02-20 16:30:00,Wolverhampton Wanderers,Leicester City,1.0,2.499047619047619,200.0,0.02,PENDING,0.0
2022-02-23 19:30:00,Burnley,Tottenham Hotspur,0.999962401835957,2.499047619047619,200.0,0.02,PENDING,0.0
2022-02-23 19:45:00,Liverpool,Leeds United,1.0,2.499047619047619,200.0,0.02,PENDING,0.0
2022-02-24 19:45:00,Arsenal,Wolverhampton Wanderers,1.0,2.499047619047619,200.0,0.02,PENDING,0.0
2022-02-25 20:00:00,Southampton,Norwich City,1.0,2.499047619047619,200.0,0.02,PENDING,0.0
2022-02-27 14:00:00,West Ham United,Wolverhampton Wanderers,1.0,2.499047619047619,200.0,0.02,PENDING,0.0
2022-03-05 12:30:00,Leicester City,Leeds United,1.0,2.499047619047619,200.0,0.02,PENDING,0.0
2022-03-05 15:00:00,Aston Villa,Southampton,1.0,2.499047619047619,200.0,0.02,PENDING,0.0
2022-03-05 15:00:00,Newcastle United,Brighton & Hove Albion,1.0,2.499047619047619,200.0,0.02,PENDING,0.0
2022-03-05 17:30:00,Liverpool,West Ham United,1.0,2.499047619047619,200.0,0.02,PENDING,0.0
2022-03-06 16:30:00,Manchester City,Manchester United,1.0,2.499047619047619,200.0,0.02,PENDING,0.0
2022-03-07 20:00:00,Tottenham Hotspur,Everton,1.0,2.499047619047619,200.0,0.02,PENDING,0.0
2022-03-10 19:30:00,Wolverhampton Wanderers,Watford,1.0,2.499047619047619,200.0,0.02,PENDING,0.0
2022-03-12 15:00:00,Brentford,Burnley,1.0,2.499047619047619,200.0,0.02,PENDING,0.0
2022-03-12 17:30:00,Manchester United,Tottenham Hotspur,1.0,2.499047619047619,200.0,0.02,PENDING,0.0
2022-03-13 14:00:00,Leeds United,Norwich City,1.0,2.499047619047619,200.0,0.02,PENDING,0.0
2022-03-13 14:00:00,West Ham United,Aston Villa,1.0,2.499047619047619,200.0,0.02,PENDING,0.0
2022-03-13 14:00:00,Chelsea,Newcastle United,1.0,2.499047619047619,200.0,0.02,PENDING,0.0
2022-03-13 16:30:00,Arsenal,Leicester City,1.0,2.499047619047619,200.0,0.02,PENDING,0.0
2022-03-17 19:45:00,Everton,Newcastle United,1.0,2.499047619047619,200.0,0.02,PENDING,0.0
2022-03-20 14:00:00,Leicester City,Brentford,1.0,2.499047619047619,200.0,0.02,PENDING,0.0
2022-03-20 16:30:00,Tottenham Hotspur,West Ham United,1.0,2.499047619047619,200.0,0.02,PENDING,0.0
2022-04-02 11:30:00,Liverpool,Watford,1.0,2.499047619047619,200.0,0.02,PENDING,0.0
2022-04-02 14:00:00,Wolverhampton Wanderers,Aston Villa,1.0,2.499047619047619,200.0,0.02,PENDING,0.0
2022-04-03 13:00:00,West Ham United,Everton,1.0,2.499047619047619,200.0,0.02,PENDING,0.0
2022-04-03 15:30:00,Tottenham Hotspur,Newcastle United,1.0,2.499047619047619,200.0,0.02,PENDING,0.0
2022-04-04 19:00:00,Crystal Palace,Arsenal,0.999962518225376,2.499047619047619,200.0,0.02,PENDING,0.0
2022-04-06 18:30:00,Burnley,Everton,1.0,2.499047619047619,200.0,0.02,PENDING,0.0
2022-04-08 19:00:00,Newcastle United,Wolverhampton Wanderers,1.0,2.499047619047619,200.0,0.02,PENDING,0.0
2022-04-09 11:30:00,Everton,Manchester United,1.0,2.499047619047619,200.0,0.02,PENDING,0.0
2022-04-10 13:00:00,Brentford,West Ham United,1.0,2.499047619047619,200.0,0.02,PENDING,0.0
2022-04-10 13:00:00,Leicester City,Crystal Palace,1.0,2.499047619047619,200.0,0.02,PENDING,0.0
2022-04-10 13:00:00,Norwich City,Burnley,1.0,2.499047619047619,200.0,0.02,PENDING,0.0
2022-04-16 14:00:00,Manchester United,Norwich City,1.0,2.499047619047619,200.0,0.02,PENDING,0.0
2022-04-16 14:00:00,Southampton,Arsenal,1.0,2.499047619047619,200.0,0.02,PENDING,0.0
2022-04-17 13:15:00,Newcastle United,Leicester City,1.0,2.499047619047619,200.0,0.02,PENDING,0.0
2022-04-19 19:00:00,Liverpool,Manchester United,1.0,2.499047619047619,200.0,0.02,PENDING,0.0
2022-04-20 18:45:00,Newcastle United,Crystal Palace,1.0,2.499047619047619,200.0,0.02,PENDING,0.0
2022-04-20 19:00:00,Manchester City,Brighton & Hove Albion,1.0,2.499047619047619,200.0,0.02,PENDING,0.0
2022-04-21 18:45:00,Burnley,Southampton,1.0,2.499047619047619,200.0,0.02,PENDING,0.0
2022-04-23 11:30:00,Arsenal,Manchester United,1.0,2.499047619047619,200.0,0.02,PENDING,0.0
2022-04-23 14:00:00,Manchester City,Watford,1.0,2.499047619047619,200.0,0.02,PENDING,0.0
2022-04-24 13:00:00,Chelsea,West Ham United,1.0,2.499047619047619,200.0,0.02,PENDING,0.0
2022-04-24 13:00:00,Burnley,Wolverhampton Wanderers,1.0,2.499047619047619,200.0,0.02,PENDING,0.0
2022-04-24 15:30:00,Liverpool,Everton,1.0,2.499047619047619,200.0,0.02,PENDING,0.0
2022-04-30 14:00:00,Aston Villa,Norwich City,1.0,2.499047619047619,200.0,0.02,PENDING,0.0
2022-05-01 13:00:00,Everton,Chelsea,1.0,2.499047619047619,200.0,0.02,PENDING,0.0
2022-05-01 13:00:00,Tottenham Hotspur,Leicester City,1.0,2.499047619047619,200.0,0.02,PENDING,0.0
2022-05-02 19:00:00,Manchester United,Brentford,1.0,2.499047619047619,200.0,0.02,PENDING,0.0
2022-05-07 14:00:00,Brentford,Southampton,1.0,2.499047619047619,200.0,0.02,PENDING,0.0
2022-05-07 14:00:00,Crystal Palace,Watford,1.0,2.499047619047619,200.0,0.02,PENDING,0.0
2022-05-07 16:30:00,Brighton & Hove Albion,Manchester United,1.0,2.499047619047619,200.0,0.02,PENDING,0.0
2022-05-08 13:00:00,Arsenal,Leeds United,1.0,2.499047619047619,200.0,0.02,PENDING,0.0
2022-05-08 15:30:00,Manchester City,Newcastle United,1.0,2.499047619047619,200.0,0.02,PENDING,0.0
2022-05-11 18:45:00,Leicester City,Norwich City,1.0,2.499047619047619,200.0,0.02,PENDING,0.0
2022-05-12 18:45:00,Tottenham Hotspur,Arsenal,1.0,2.499047619047619,200.0,0.02,PENDING,0.0
2022-05-15 11:00:00,Tottenham Hotspur,Burnley,1.0,2.499047619047619,200.0,0.02,PENDING,0.0
2022-05-16 19:00:00,Newcastle United,Arsenal,1.0,2.499047619047619,200.0,0.02,PENDING,0.0
2022-05-19 18:45:00,Everton,Crystal Palace,1.0,2.499047619047619,200.0,0.02,PENDING,0.0
2022-05-22 15:00:00,Liverpool,Wolverhampton Wanderers,1.0,2.499047619047619,200.0,0.02,PENDING,0.0
2022-05-22 15:00:00,Leicester City,Southampton,1.0,2.499047619047619,200.0,0.02,PENDING,0.0
2022-05-22 15:00:00,Chelsea,Watford,1.0,2.499047619047619,200.0,0.02,PENDING,0.0
2022-05-22 15:00:00,Brighton & Hove Albion,West Ham United,1.0,2.499047619047619,200.0,0.02,PENDING,0.0
2022-05-22 15:00:00,Arsenal,Everton,1.0,2.499047619047619,200.0,0.02,PENDING,0.0
2022-05-22 15:00:00,Crystal Palace,Manchester United,1.0,2.499047619047619,200.0,0.02,PENDING,0.0
2022-05-22 15:00:00,Manchester City,Aston Villa,1.0,2.499047619047619,200.0,0.02,PENDING,0.0
2022-08-06 14:00:00,AFC Bournemouth,Aston Villa,1.0,2.499047619047619,200.0,0.02,PENDING,0.0
2022-08-06 14:00:00,Leeds United,Wolverhampton Wanderers,1.0,2.499047619047619,200.0,0.02,PENDING,0.0
2022-08-06 14:00:00,Tottenham Hotspur,Southampton,1.0,2.499047619047619,200.0,0.02,PENDING,0.0
2022-08-06 14:00:00,Newcastle United,Nottingham Forest,1.0,2.499047619047619,200.0,0.02,PENDING,0.0
2022-08-06 14:00:00,AFC Bournemouth,Aston Villa,1.0,3.9464285714285716,200.0,0.02,WIN,589.2857142857143
2022-08-13 11:30:00,Aston Villa,Everton,1.0,2.499047619047619,211.78571428571428,0.02,PENDING,0.0
2022-08-13 11:30:00,Aston Villa,Everton,1.0,1.893233082706767,211.78571428571428,0.02,WIN,189.17400644468313
2022-08-13 14:00:00,Arsenal,Leicester City,0.9999712505467507,2.499047619047619,215.56919441460795,0.02,PENDING,0.0
2022-08-13 14:00:00,Manchester City,AFC Bournemouth,1.0,2.499047619047619,215.56919441460795,0.02,PENDING,0.0
2022-08-13 16:30:00,Brentford,Manchester United,1.0,2.499047619047619,215.56919441460795,0.02,PENDING,0.0
2022-08-14 13:00:00,Nottingham Forest,West Ham United,1.0,4.436936936936937,215.56919441460795,0.02,WIN,740.8977267493058
2022-08-14 13:00:00,Nottingham Forest,West Ham United,1.0,2.499047619047619,230.3871489495941,0.02,PENDING,0.0
2022-08-20 11:30:00,Tottenham Hotspur,Wolverhampton Wanderers,1.0,2.499047619047619,230.3871489495941,0.02,PENDING,0.0
2022-08-20 14:00:00,Crystal Palace,Aston Villa,1.0,2.6312997347480103,230.3871489495941,0.02,WIN,375.83049497082317
2022-08-20 14:00:00,Fulham,Brentford,1.0,2.499047619047619,237.90375884901056,0.02,PENDING,0.0
2022-08-20 14:00:00,Crystal Palace,Aston Villa,1.0,2.499047619047619,237.90375884901056,0.02,PENDING,0.0
2022-08-20 14:00:00,Fulham,Brentford,1.0,2.5654158215010145,237.90375884901056,0.02,WIN,372.4183080968031
2022-08-21 13:00:00,Leeds United,Chelsea,1.0,2.499047619047619,245.35212501094662,0.02,PENDING,0.0
2022-08-22 19:00:00,Manchester United,Liverpool,1.0,2.499047619047619,245.35212501094662,0.02,PENDING,0.0
2022-08-27 14:00:00,Liverpool,AFC Bournemouth,1.0,2.499047619047619,245.35212501094662,0.02,PENDING,0.0
2022-08-27 14:00:00,Brighton & Hove Albion,Leeds United,0.9999763816008768,2.499047619047619,245.35212501094662,0.02,PENDING,0.0
2022-08-27 14:00:00,Manchester City,Crystal Palace,1.0,2.499047619047619,245.35212501094662,0.02,PENDING,0.0
2022-08-27 14:00:00,Chelsea,Leicester City,1.0,2.499047619047619,245.35212501094662,0.02,PENDING,0.0
2022-08-27 14:00:00,Liverpool,AFC Bournemouth,1.0,1.1523076923076923,245.35212501094662,0.02,WIN,37.369015963205705
2022-08-27 16:30:00,Arsenal,Fulham,1.0,1.3705314009661835,246.09950533021075,0.02,WIN,91.18759448708774
2022-08-27 16:30:00,Arsenal,Fulham,1.0,2.499047619047619,247.92325721995252,0.02,PENDING,0.0
2022-08-30 18:30:00,Fulham,Brighton & Hove Albion,1.0,2.499047619047619,247.92325721995252,0.02,PENDING,0.0
2022-08-30 18:45:00,Southampton,Chelsea,1.0,2.499047619047619,247.92325721995252,0.02,PENDING,0.0
2022-08-31 18:30:00,Arsenal,Aston Villa,1.0,2.499047619047619,247.92325721995252,0.02,PENDING,0.0
2022-08-31 18:30:00,Manchester City,Nottingham Forest,1.0,2.499047619047619,247.92325721995252,0.02,PENDING,0.0
2022-08-31 18:30:00,Arsenal,Aston Villa,1.0,1.5638888888888889,247.92325721995252,0.02,WIN,139.80117004347323
2022-08-31 19:00:00,Liverpool,Newcastle United,1.0,2.499047619047619,250.71928062082196,0.02,PENDING,0.0
2022-09-03 14:00:00,Brentford,Leeds United,1.0,2.499047619047619,250.71928062082196,0.02,PENDING,0.0
2022-09-03 14:00:00,Chelsea,West Ham United,1.0,1.6262626262626265,250.71928062082196,0.02,WIN,157.01611513627242
2022-09-03 14:00:00,Wolverhampton Wanderers,Southampton,1.0,2.499047619047619,253.85960292354738,0.02,PENDING,0.0
2022-09-03 14:00:00,Tottenham Hotspur,Fulham,1.0,2.499047619047619,253.85960292354738,0.02,PENDING,0.0
2022-09-03 14:00:00,Chelsea,West Ham United,1.0,2.499047619047619,253.85960292354738,0.02,PENDING,0.0
2022-09-04 13:00:00,Brighton & Hove Albion,Leicester City,1.0,2.499047619047619,253.85960292354738,0.02,PENDING,0.0
2022-09-04 15:30:00,Manchester United,Arsenal,0.9999712505467507,2.499047619047619,253.85960292354738,0.02,PENDING,0.0
2022-09-16 19:00:00,Aston Villa,Southampton,1.0,2.499047619047619,253.85960292354738,0.02,PENDING,0.0
2022-09-17 16:30:00,Tottenham Hotspur,Leicester City,1.0,2.499047619047619,253.85960292354738,0.02,PENDING,0.0
2022-09-18 13:15:00,Everton,West Ham United,1.0,3.0523076923076924,253.85960292354738,0.02,WIN,520.9980158461726
2022-09-18 13:15:00,Everton,West Ham United,1.0,2.499047619047619,264.27956324047085,0.02,PENDING,0.0
2022-10-01 11:30:00,Arsenal,Tottenham Hotspur,1.0,2.499047619047619,264.27956324047085,0.02,PENDING,0.0
2022-10-01 16:30:00,West Ham United,Wolverhampton Wanderers,1.0,2.499047619047619,264.27956324047085,0.02,PENDING,0.0
2022-10-01 16:30:00,West Ham United,Wolverhampton Wanderers,1.0,2.0214285714285714,264.27956324047085,0.02,WIN,269.94269673848095
2022-10-02 13:00:00,Manchester City,Manchester United,1.0,2.499047619047619,269.6784171752405,0.02,PENDING,0.0
2022-10-03 19:00:00,Leicester City,Nottingham Forest,1.0,2.499047619047619,269.6784171752405,0.02,PENDING,0.0
2022-10-08 14:00:00,Chelsea,Wolverhampton Wanderers,1.0,1.4861111111111112,269.6784171752405,0.02,WIN,131.09367501574192
2022-10-08 14:00:00,Chelsea,Wolverhampton Wanderers,1.0,2.499047619047619,272.3002906755553,0.02,PENDING,0.0
2022-10-08 14:00:00,Manchester City,Southampton,1.0,2.499047619047619,272.3002906755553,0.02,PENDING,0.0
2022-10-08 14:00:00,AFC Bournemouth,Leicester City,1.0,2.499047619047619,272.3002906755553,0.02,PENDING,0.0
2022-10-08 14:00:00,Newcastle United,Brentford,1.0,2.499047619047619,272.3002906755553,0.02,PENDING,0.0
2022-10-09 13:00:00,West Ham United,Fulham,1.0,2.499047619047619,272.3002906755553,0.02,PENDING,0.0
2022-10-09 13:00:00,Crystal Palace,Leeds United,1.0,2.499047619047619,272.3002906755553,0.02,PENDING,0.0
2022-10-09 13:00:00,West Ham United,Fulham,1.0,1.814736842105263,272.3002906755553,0.02,WIN,221.8530789293471
2022-10-09 15:30:00,Arsenal,Liverpool,1.0,2.648642917726887,276.73735225414225,0.02,WIN,456.24107586428244
2022-10-09 15:30:00,Arsenal,Liverpool,1.0,2.499047619047619,285.8621737714279,0.02,PENDING,0.0
2022-10-14 19:00:00,Brentford,Brighton & Hove Albion,1.0,2.499047619047619,285.8621737714279,0.02,PENDING,0.0
2022-10-15 14:00:00,Wolverhampton Wanderers,Nottingham Forest,1.0,2.499047619047619,285.8621737714279,0.02,PENDING,0.0
2022-10-15 14:00:00,Wolverhampton Wanderers,Nottingham Forest,1.0,1.7933333333333332,285.8621737714279,0.02,WIN,226.7839911919994
2022-10-15 16:30:00,Tottenham Hotspur,Everton,1.0,2.499047619047619,290.39785359526786,0.02,PENDING,0.0
2022-10-16 15:30:00,Liverpool,Manchester City,1.0,2.499047619047619,290.39785359526786,0.02,PENDING,0.0
2022-10-18 19:15:00,Crystal Palace,Wolverhampton Wanderers,1.0,2.3875711574952563,290.39785359526786,0.02,WIN,402.9476858473238
2022-10-18 19:15:00,Crystal Palace,Wolverhampton Wanderers,1.0,2.499047619047619,298.4568073122144,0.02,PENDING,0.0
2022-10-19 18:30:00,Newcastle United,Everton,1.0,2.499047619047619,298.4568073122144,0.02,PENDING,0.0
2022-10-19 18:30:00,Liverpool,West Ham United,1.0,2.499047619047619,298.4568073122144,0.02,PENDING,0.0
2022-10-19 18:30:00,Liverpool,West Ham United,1.0,1.48,298.4568073122144,0.02,WIN,143.2592675098629
2022-10-19 19:15:00,Manchester United,Tottenham Hotspur,1.0,2.499047619047619,301.3219926624116,0.02,PENDING,0.0
2022-10-20 18:30:00,Fulham,Aston Villa,1.0,2.499047619047619,301.3219926624116,0.02,PENDING,0.0
2022-10-20 18:30:00,Fulham,Aston Villa,1.0,3.0387878787878786,301.3219926624116,0.02,WIN,614.3316262523349
2022-10-20 19:15:00,Leicester City,Leeds United,1.0,2.499047619047619,313.6086251874583,0.02,PENDING,0.0
2022-10-22 11:30:00,Nottingham Forest,Liverpool,1.0,2.499047619047619,313.6086251874583,0.02,PENDING,0.0
2022-10-22 11:30:00,Nottingham Forest,Liverpool,1.0,11.633333333333335,313.6086251874583,0.02,WIN,3334.7050478266406
2022-10-22 14:00:00,Manchester City,Brighton & Hove Albion,1.0,2.499047619047619,380.3027261439911,0.02,PENDING,0.0
2022-10-22 14:00:00,Everton,Crystal Palace,1.0,2.499047619047619,380.3027261439911,0.02,PENDING,0.0
2022-10-22 14:00:00,Everton,Crystal Palace,1.0,2.7184233449477353,380.3027261439911,0.02,WIN,653.5210827530997
2022-10-23 13:00:00,Aston Villa,Brentford,1.0,2.2,393.37314779905313,0.02,WIN,472.0477773588638
2022-10-23 13:00:00,Aston Villa,Brentford,1.0,2.499047619047619,402.8141033462304,0.02,PENDING,0.0
2022-10-24 19:00:00,West Ham United,AFC Bournemouth,1.0,1.6458333333333333,402.8141033462304,0.02,WIN,260.1507750777738
2022-10-24 19:00:00,West Ham United,AFC Bournemouth,1.0,2.499047619047619,408.0171188477859,0.02,PENDING,0.0
2022-10-29 14:00:00,Crystal Palace,Southampton,1.0,2.499047619047619,408.0171188477859,0.02,PENDING,0.0
2022-10-29 14:00:00,Brighton & Hove Albion,Chelsea,1.0,2.499047619047619,408.0171188477859,0.02,PENDING,0.0
2022-10-29 14:00:00,Newcastle United,Aston Villa,1.0,2.499047619047619,408.0171188477859,0.02,PENDING,0.0
2022-10-30 14:00:00,Arsenal,Nottingham Forest,1.0,2.499047619047619,408.0171188477859,0.02,PENDING,0.0
2022-10-30 14:00:00,Arsenal,Nottingham Forest,1.0,1.2714285714285714,408.0171188477859,0.02,WIN,110.74750368725614
2022-10-30 16:15:00,Manchester United,West Ham United,1.0,2.499047619047619,410.23206892153104,0.02,PENDING,0.0
2022-11-05 15:00:00,Leeds United,AFC Bournemouth,1.0,2.499047619047619,410.23206892153104,0.02,PENDING,0.0
2022-11-05 15:00:00,Manchester City,Fulham,1.0,2.499047619047619,410.23206892153104,0.02,PENDING,0.0
2022-11-06 14:00:00,Aston Villa,Manchester United,1.0,2.499047619047619,410.23206892153104,0.02,PENDING,0.0
2022-11-12 15:00:00,Nottingham Forest,Crystal Palace,1.0,2.499047619047619,410.23206892153104,0.02,PENDING,0.0
2022-11-12 15:00:00,Tottenham Hotspur,Leeds United,1.0,2.499047619047619,410.23206892153104,0.02,PENDING,0.0
2022-11-12 15:00:00,Nottingham Forest,Crystal Palace,1.0,3.265306122448979,410.23206892153104,0.02,WIN,929.3012173528559
2022-11-12 15:00:00,Liverpool,Southampton,1.0,2.499047619047619,428.81809326858814,0.02,PENDING,0.0
2022-11-12 15:00:00,AFC Bournemouth,Everton,1.0,2.499047619047619,428.81809326858814,0.02,PENDING,0.0
2022-11-12 15:00:00,AFC Bournemouth,Everton,1.0,2.9384615384615382,428.81809326858814,0.02,WIN,831.2473807975707
2022-11-12 17:30:00,Newcastle United,Chelsea,1.0,2.499047619047619,445.4430408845395,0.02,PENDING,0.0
2022-12-26 20:00:00,Arsenal,West Ham United,1.0,1.5771895540948657,445.4430408845395,0.02,WIN,257.1050701428084
2022-12-26 20:00:00,Arsenal,West Ham United,1.0,2.499047619047619,450.5851422873957,0.02,PENDING,0.0
2022-12-27 17:30:00,Chelsea,AFC Bournemouth,1.0,2.499047619047619,450.5851422873957,0.02,PENDING,0.0
2022-12-27 17:30:00,Chelsea,AFC Bournemouth,1.0,1.3663636363636362,450.5851422873957,0.02,WIN,165.07801121983672
2022-12-27 20:00:00,Manchester United,Nottingham Forest,1.0,2.499047619047619,453.8867025117924,0.02,PENDING,0.0
2022-12-30 20:00:00,Liverpool,Leicester City,1.0,2.499047619047619,453.8867025117924,0.02,PENDING,0.0
2022-12-31 15:00:00,Fulham,Southampton,1.0,2.499047619047619,453.8867025117924,0.02,PENDING,0.0
2023-01-02 17:30:00,Brentford,Liverpool,1.0,2.499047619047619,453.8867025117924,0.02,PENDING,0.0
2023-01-02 17:30:00,Brentford,Liverpool,1.0,5.8185949489681885,453.8867025117924,0.02,WIN,2187.0961721271497
2023-01-03 20:00:00,Manchester United,AFC Bournemouth,1.0,2.499047619047619,497.6286259543354,0.02,PENDING,0.0
2023-01-12 20:00:00,Fulham,Chelsea,1.0,2.499047619047619,497.6286259543354,0.02,PENDING,0.0
2023-01-12 20:00:00,Fulham,Chelsea,1.0,3.4777408637873757,497.6286259543354,0.02,WIN,1232.9947815174198
2023-01-13 20:00:00,Aston Villa,Leeds United,1.0,2.499047619047619,522.2885215846837,0.02,PENDING,0.0
2023-01-14 12:30:00,Manchester United,Manchester City,1.0,2.499047619047619,522.2885215846837,0.02,PENDING,0.0
2023-01-14 15:00:00,Brighton & Hove Albion,Liverpool,1.0,2.499047619047619,522.2885215846837,0.02,PENDING,0.0
2023-01-14 15:00:00,Wolverhampton Wanderers,West Ham United,1.0,2.499047619047619,522.2885215846837,0.02,PENDING,0.0
2023-01-14 15:00:00,Nottingham Forest,Leicester City,1.0,2.499047619047619,522.2885215846837,0.02,PENDING,0.0
2023-01-14 15:00:00,Wolverhampton Wanderers,West Ham United,1.0,2.7710437710437708,522.2885215846837,0.02,WIN,924.9958328402141
2023-01-14 17:30:00,Brentford,AFC Bournemouth,1.0,2.499047619047619,540.788438241488,0.02,PENDING,0.0
2023-01-14 17:30:00,Brentford,AFC Bournemouth,1.0,1.7267857142857144,540.788438241488,0.02,WIN,393.0373113647958
2023-01-15 14:00:00,Newcastle United,Fulham,1.0,2.499047619047619,548.6491844687839,0.02,PENDING,0.0
2023-01-15 14:00:00,Chelsea,Crystal Palace,1.0,2.499047619047619,548.6491844687839,0.02,PENDING,0.0
2023-01-15 14:00:00,Chelsea,Crystal Palace,1.0,1.7135714285714283,548.6491844687839,0.02,WIN,391.5003823459392
2023-01-19 20:00:00,Manchester City,Tottenham Hotspur,1.0,2.499047619047619,556.4791921157027,0.02,PENDING,0.0
2023-01-21 15:00:00,West Ham United,Everton,1.0,1.8589473684210527,556.4791921157027,0.02,WIN,477.9863376488563
2023-01-21 15:00:00,West Ham United,Everton,1.0,2.499047619047619,566.03891886868,0.02,PENDING,0.0
2023-01-22 14:00:00,Manchester City,Wolverhampton Wanderers,1.0,2.499047619047619,566.03891886868,0.02,PENDING,0.0
2023-01-22 16:30:00,Arsenal,Manchester United,1.0,2.499047619047619,566.03891886868,0.02,PENDING,0.0
2023-02-04 12:30:00,Everton,Arsenal,1.0,8.96031746031746,566.03891886868,0.02,WIN,4505.849489089572
2023-02-04 12:30:00,Everton,Arsenal,1.0,2.499047619047619,656.1559086504714,0.02,PENDING,0.0
2023-02-04 15:00:00,Wolverhampton Wanderers,Liverpool,1.0,4.21479374110953,656.1559086504714,0.02,WIN,2109.405908321572
2023-02-04 15:00:00,Wolverhampton Wanderers,Liverpool,1.0,2.499047619047619,698.3440268169028,0.02,PENDING,0.0
2023-02-04 15:00:00,Manchester United,Crystal Palace,1.0,2.499047619047619,698.3440268169028,0.02,PENDING,0.0
2023-02-04 15:00:00,Brentford,Southampton,1.0,2.499047619047619,698.3440268169028,0.02,PENDING,0.0
2023-02-04 15:00:00,Brighton & Hove Albion,AFC Bournemouth,1.0,2.499047619047619,698.3440268169028,0.02,PENDING,0.0
2023-02-05 14:00:00,Nottingham Forest,Leeds United,1.0,2.499047619047619,698.3440268169028,0.02,PENDING,0.0
2023-02-05 16:30:00,Tottenham Hotspur,Manchester City,1.0,2.499047619047619,698.3440268169028,0.02,PENDING,0.0
2023-02-11 15:00:00,Fulham,Nottingham Forest,1.0,1.9868228307489273,698.3440268169028,0.02,WIN,689.1418293800608
2023-02-11 15:00:00,Fulham,Nottingham Forest,1.0,2.499047619047619,712.126863404504,0.02,PENDING,0.0
2023-02-11 15:00:00,Leicester City,Tottenham Hotspur,1.0,2.499047619047619,712.126863404504,0.02,PENDING,0.0
2023-02-12 16:30:00,Manchester City,Aston Villa,1.0,2.499047619047619,712.126863404504,0.02,PENDING,0.0
2023-02-13 20:00:00,Liverpool,Everton,1.0,2.499047619047619,712.126863404504,0.02,PENDING,0.0
2023-02-13 20:00:00,Liverpool,Everton,1.0,1.5771895540948657,712.126863404504,0.02,WIN,411.032186747421
2023-02-18 15:00:00,Everton,Leeds United,1.0,2.499047619047619,720.3475071394523,0.02,PENDING,0.0
2023-02-19 14:00:00,Manchester United,Leicester City,1.0,2.499047619047619,720.3475071394523,0.02,PENDING,0.0
2023-02-19 16:30:00,Tottenham Hotspur,West Ham United,1.0,2.499047619047619,720.3475071394523,0.02,PENDING,0.0
2023-02-25 15:00:00,West Ham United,Nottingham Forest,1.0,1.8361111111111108,720.3475071394523,0.02,WIN,602.2905545804863
2023-02-25 15:00:00,Leeds United,Southampton,1.0,2.499047619047619,732.3933182310622,0.02,PENDING,0.0
2023-02-25 15:00:00,West Ham United,Nottingham Forest,1.0,2.499047619047619,732.3933182310622,0.02,PENDING,0.0
2023-02-26 13:30:00,Tottenham Hotspur,Chelsea,1.0,2.499047619047619,732.3933182310622,0.02,PENDING,0.0
2023-03-01 19:45:00,Arsenal,Everton,1.0,2.499047619047619,732.3933182310622,0.02,PENDING,0.0
2023-03-01 19:45:00,Arsenal,Everton,1.0,1.4223157894736842,732.3933182310622,0.02,WIN,309.30126239400226
2023-03-01 20:00:00,Liverpool,Wolverhampton Wanderers,1.0,2.499047619047619,738.5793434789422,0.02,PENDING,0.0
2023-03-01 20:00:00,Liverpool,Wolverhampton Wanderers,1.0,1.5657894736842104,738.5793434789422,0.02,WIN,417.88041802098036
2023-03-04 12:30:00,Manchester City,Newcastle United,1.0,2.499047619047619,746.9369518393618,0.02,PENDING,0.0
2023-03-04 15:00:00,Wolverhampton Wanderers,Tottenham Hotspur,1.0,2.499047619047619,746.9369518393618,0.02,PENDING,0.0
2023-03-04 15:00:00,Arsenal,AFC Bournemouth,1.0,2.499047619047619,746.9369518393618,0.02,PENDING,0.0
2023-03-04 15:00:00,Arsenal,AFC Bournemouth,1.0,1.2759523809523807,746.9369518393618,0.02,WIN,206.11903028138562
2023-03-04 15:00:00,Aston Villa,Crystal Palace,1.0,2.1606858054226477,751.0593324449894,0.02,WIN,871.7439061991087
2023-03-04 15:00:00,Chelsea,Leeds United,1.0,2.499047619047619,768.4942105689717,0.02,PENDING,0.0
2023-03-04 15:00:00,Brighton & Hove Albion,West Ham United,1.0,2.499047619047619,768.4942105689717,0.02,PENDING,0.0
2023-03-04 15:00:00,Aston Villa,Crystal Palace,1.0,2.499047619047619,768.4942105689717,0.02,PENDING,0.0
2023-03-04 17:30:00,Southampton,Leicester City,1.0,2.499047619047619,768.4942105689717,0.02,PENDING,0.0
2023-03-05 16:30:00,Liverpool,Manchester United,1.0,2.499047619047619,768.4942105689717,0.02,PENDING,0.0
2023-03-06 20:00:00,Brentford,Fulham,1.0,2.499047619047619,768.4942105689717,0.02,PENDING,0.0
2023-03-06 20:00:00,Brentford,Fulham,1.0,2.061666666666667,768.4942105689717,0.02,WIN,815.8846868873918
2023-03-11 12:30:00,AFC Bournemouth,Liverpool,1.0,2.499047619047619,784.8119043067195,0.02,PENDING,0.0
2023-03-11 12:30:00,AFC Bournemouth,Liverpool,1.0,7.857142857142858,784.8119043067195,0.02,WIN,5381.567343817505
2023-03-11 15:00:00,Tottenham Hotspur,Nottingham Forest,1.0,2.499047619047619,892.4432511830697,0.02,PENDING,0.0
2023-03-11 15:00:00,Everton,Brentford,1.0,2.499047619047619,892.4432511830697,0.02,PENDING,0.0
2023-03-11 15:00:00,Everton,Brentford,1.0,2.830769230769231,892.4432511830697,0.02,WIN,1633.85764447362
2023-03-12 16:30:00,Newcastle United,Wolverhampton Wanderers,1.0,2.499047619047619,925.120404072542,0.02,PENDING,0.0
2023-03-15 19:30:00,Brighton & Hove Albion,Crystal Palace,1.0,2.499047619047619,925.120404072542,0.02,PENDING,0.0
2023-03-18 15:00:00,Aston Villa,AFC Bournemouth,1.0,1.7873684210526317,925.120404072542,0.02,WIN,728.41059183817
2023-03-18 15:00:00,Aston Villa,AFC Bournemouth,1.0,2.499047619047619,939.6886159093054,0.02,PENDING,0.0
2023-03-19 14:00:00,Arsenal,Crystal Palace,1.0,2.499047619047619,939.6886159093054,0.02,PENDING,0.0
2023-03-19 14:00:00,Arsenal,Crystal Palace,1.0,1.3106060606060608,939.6886159093054,0.02,WIN,291.8729791839511
2023-04-01 11:30:00,Manchester City,Liverpool,1.0,2.499047619047619,945.5260754929844,0.02,PENDING,0.0
2023-04-01 14:00:00,AFC Bournemouth,Fulham,1.0,2.683441558441558,945.5260754929844,0.02,WIN,1591.73789007504
2023-04-01 14:00:00,Crystal Palace,Leicester City,1.0,2.499047619047619,977.3608332944852,0.02,PENDING,0.0
2023-04-01 14:00:00,AFC Bournemouth,Fulham,1.0,2.499047619047619,977.3608332944852,0.02,PENDING,0.0
2023-04-01 14:00:00,Arsenal,Leeds United,1.0,2.499047619047619,977.3608332944852,0.02,PENDING,0.0
2023-04-02 13:00:00,West Ham United,Southampton,1.0,2.499047619047619,977.3608332944852,0.02,PENDING,0.0
2023-04-02 15:30:00,Newcastle United,Manchester United,1.0,2.499047619047619,977.3608332944852,0.02,PENDING,0.0
2023-04-04 18:45:00,Leeds United,Nottingham Forest,1.0,2.499047619047619,977.3608332944852,0.02,PENDING,0.0
2023-04-05 19:00:00,Manchester United,Brentford,1.0,2.499047619047619,977.3608332944852,0.02,PENDING,0.0
2023-04-08 11:30:00,Manchester United,Everton,1.0,2.499047619047619,977.3608332944852,0.02,PENDING,0.0
2023-04-08 14:00:00,Wolverhampton Wanderers,Chelsea,1.0,4.398952879581151,977.3608332944852,0.02,WIN,3322.0034187161245
2023-04-08 14:00:00,Aston Villa,Nottingham Forest,1.0,1.6857142857142857,1043.8009016688077,0.02,WIN,715.7491897157538
2023-04-08 14:00:00,Tottenham Hotspur,Brighton & Hove Albion,1.0,2.499047619047619,1058.1158854631226,0.02,PENDING,0.0
2023-04-08 14:00:00,Wolverhampton Wanderers,Chelsea,1.0,2.499047619047619,1058.1158854631226,0.02,PENDING,0.0
2023-04-08 14:00:00,Aston Villa,Nottingham Forest,1.0,2.499047619047619,1058.1158854631226,0.02,PENDING,0.0
2023-04-15 11:30:00,Aston Villa,Newcastle United,1.0,2.499047619047619,1058.1158854631226,0.02,PENDING,0.0
2023-04-15 14:00:00,Wolverhampton Wanderers,Brentford,1.0,2.6069892473118284,1058.1158854631226,0.02,WIN,1700.3808503490723
2023-04-15 14:00:00,Wolverhampton Wanderers,Brentford,1.0,2.499047619047619,1092.123502470104,0.02,PENDING,0.0
2023-04-15 16:30:00,Manchester City,Leicester City,1.0,2.499047619047619,1092.123502470104,0.02,PENDING,0.0
2023-04-22 11:30:00,Fulham,Leeds United,1.0,2.499047619047619,1092.123502470104,0.02,PENDING,0.0
2023-04-22 14:00:00,Liverpool,Nottingham Forest,1.0,1.2248235294117646,1092.123502470104,0.02,WIN,245.53506037886686
2023-04-22 14:00:00,Liverpool,Nottingham Forest,1.0,2.499047619047619,1097.0342036776815,0.02,PENDING,0.0
2023-04-22 14:00:00,Leicester City,Wolverhampton Wanderers,1.0,2.499047619047619,1097.0342036776815,0.02,PENDING,0.0
2023-04-23 13:00:00,Newcastle United,Tottenham Hotspur,1.0,2.499047619047619,1097.0342036776815,0.02,PENDING,0.0
2023-04-25 18:30:00,Wolverhampton Wanderers,Crystal Palace,1.0,2.499047619047619,1097.0342036776815,0.02,PENDING,0.0
2023-04-25 18:30:00,Wolverhampton Wanderers,Crystal Palace,1.0,2.582291666666667,1097.0342036776815,0.02,WIN,1735.8280785274983
2023-04-25 18:45:00,Aston Villa,Fulham,1.0,2.499047619047619,1131.7507652482316,0.02,PENDING,0.0
2023-04-25 18:45:00,Aston Villa,Fulham,1.0,1.8541666666666667,1131.7507652482316,0.02,WIN,966.7037786495313
2023-04-26 18:30:00,Nottingham Forest,Brighton & Hove Albion,1.0,2.499047619047619,1151.084840821222,0.02,PENDING,0.0
2023-04-26 19:00:00,Manchester City,Arsenal,1.0,2.499047619047619,1151.084840821222,0.02,PENDING,0.0
2023-04-29 11:45:00,Crystal Palace,West Ham United,1.0,2.499047619047619,1151.084840821222,0.02,PENDING,0.0
2023-04-29 11:45:00,Crystal Palace,West Ham United,1.0,2.7655944055944053,1151.084840821222,0.02,WIN,2032.3489553184763
2023-04-29 14:00:00,Brentford,Nottingham Forest,1.0,2.499047619047619,1191.7318199275917,0.02,PENDING,0.0
2023-04-29 14:00:00,Brighton & Hove Albion,Wolverhampton Wanderers,1.0,2.499047619047619,1191.7318199275917,0.02,PENDING,0.0
2023-04-29 14:00:00,Brentford,Nottingham Forest,1.0,1.7342105263157894,1191.7318199275917,0.02,WIN,874.9820467363107
2023-04-30 13:00:00,Manchester United,Aston Villa,1.0,2.499047619047619,1209.231460862318,0.02,PENDING,0.0
2023-04-30 13:00:00,Newcastle United,Southampton,1.0,2.499047619047619,1209.231460862318,0.02,PENDING,0.0
2023-04-30 13:00:00,AFC Bournemouth,Leeds United,1.0,2.499047619047619,1209.231460862318,0.02,PENDING,0.0
2023-04-30 15:30:00,Liverpool,Tottenham Hotspur,1.0,2.499047619047619,1209.231460862318,0.02,PENDING,0.0
2023-05-02 19:00:00,Arsenal,Chelsea,1.0,2.499047619047619,1209.231460862318,0.02,PENDING,0.0
2023-05-02 19:00:00,Arsenal,Chelsea,1.0,1.690909090909091,1209.231460862318,0.02,WIN,835.4690093230561
2023-05-03 19:00:00,Manchester City,West Ham United,1.0,2.499047619047619,1225.940841048779,0.02,PENDING,0.0
2023-05-03 19:00:00,Liverpool,Fulham,1.0,1.3310276679841897,1225.940841048779,0.02,WIN,405.8203376989535
2023-05-03 19:00:00,Liverpool,Fulham,1.0,2.499047619047619,1234.0572478027582,0.02,PENDING,0.0
2023-05-04 19:00:00,Brighton & Hove Albion,Manchester United,1.0,2.499047619047619,1234.0572478027582,0.02,PENDING,0.0
2023-05-06 14:00:00,Manchester City,Leeds United,1.0,2.499047619047619,1234.0572478027582,0.02,PENDING,0.0
2023-05-06 14:00:00,Tottenham Hotspur,Crystal Palace,1.0,2.499047619047619,1234.0572478027582,0.02,PENDING,0.0
2023-05-06 14:00:00,Wolverhampton Wanderers,Aston Villa,1.0,3.0247272727272736,1234.0572478027582,0.02,WIN,2498.629365733004
2023-05-06 14:00:00,Wolverhampton Wanderers,Aston Villa,1.0,2.499047619047619,1284.029835117418,0.02,PENDING,0.0
2023-05-06 16:30:00,Liverpool,Brentford,1.0,2.499047619047619,1284.029835117418,0.02,PENDING,0.0
2023-05-06 16:30:00,Liverpool,Brentford,1.0,1.528,1284.029835117418,0.02,WIN,677.9677529419968
2023-05-07 18:00:00,West Ham United,Manchester United,1.0,2.499047619047619,1297.589190176258,0.02,PENDING,0.0
2023-05-08 14:00:00,Fulham,Leicester City,1.0,2.499047619047619,1297.589190176258,0.02,PENDING,0.0
2023-05-08 19:00:00,Nottingham Forest,Southampton,1.0,2.499047619047619,1297.589190176258,0.02,PENDING,0.0
2023-05-13 14:00:00,Crystal Palace,AFC Bournemouth,1.0,1.9440476190476192,1297.589190176258,0.02,WIN,1224.9859854878248
2023-05-13 14:00:00,Crystal Palace,AFC Bournemouth,1.0,2.499047619047619,1322.0889098860146,0.02,PENDING,0.0
2023-05-13 14:00:00,Aston Villa,Tottenham Hotspur,1.0,2.499047619047619,1322.0889098860146,0.02,PENDING,0.0
2023-05-13 14:00:00,Manchester United,Wolverhampton Wanderers,1.0,2.499047619047619,1322.0889098860146,0.02,PENDING,0.0
2023-05-14 13:00:00,Brentford,West Ham United,1.0,2.126984126984127,1322.0889098860146,0.02,WIN,1489.9732159032862
2023-05-14 13:00:00,Brentford,West Ham United,1.0,2.499047619047619,1351.8883742040803,0.02,PENDING,0.0
2023-05-18 18:30:00,Newcastle United,Brighton & Hove Albion,1.0,2.499047619047619,1351.8883742040803,0.02,PENDING,0.0
2023-05-20 16:30:00,Nottingham Forest,Arsenal,0.9999363540344772,2.499047619047619,1351.8883742040803,0.02,PENDING,0.0
2023-05-20 16:30:00,Nottingham Forest,Arsenal,1.0,5.55642017622571,1351.8883742040803,0.02,WIN,6159.771464228444
2023-05-21 12:30:00,West Ham United,Leeds United,1.0,2.499047619047619,1475.0838034886492,0.02,PENDING,0.0
2023-05-21 13:00:00,Brighton & Hove Albion,Southampton,1.0,2.499047619047619,1475.0838034886492,0.02,PENDING,0.0
2023-05-21 15:00:00,Manchester City,Chelsea,1.0,2.499047619047619,1475.0838034886492,0.02,PENDING,0.0
2023-05-25 19:00:00,Manchester United,Chelsea,1.0,2.499047619047619,1475.0838034886492,0.02,PENDING,0.0
2023-05-28 15:30:00,Arsenal,Wolverhampton Wanderers,1.0,1.4290476190476191,1475.0838034886492,0.02,WIN,632.881193782511
2023-05-28 15:30:00,Everton,AFC Bournemouth,1.0,1.5641025641025643,1487.7414273642994,0.02,WIN,839.2387538978103
2023-05-28 15:30:00,Manchester United,Fulham,1.0,2.499047619047619,1504.5262024422555,0.02,PENDING,0.0
2023-05-28 15:30:00,Everton,AFC Bournemouth,1.0,2.499047619047619,1504.5262024422555,0.02,PENDING,0.0
2023-05-28 15:30:00,Brentford,Manchester City,1.0,2.499047619047619,1504.5262024422555,0.02,PENDING,0.0
2023-05-28 15:30:00,Leicester City,West Ham United,1.0,2.499047619047619,1504.5262024422555,0.02,PENDING,0.0
2023-05-28 15:30:00,Arsenal,Wolverhampton Wanderers,1.0,2.499047619047619,1504.5262024422555,0.02,PENDING,0.0
2023-05-28 15:30:00,Aston Villa,Brighton & Hove Albion,0.999962401835957,2.499047619047619,1504.5262024422555,0.02,PENDING,0.0
2023-08-12 12:00:00,Arsenal,Nottingham Forest,1.0,1.2472380952380953,1504.5262024422555,0.02,WIN,371.97619252762814
2023-08-12 12:00:00,Arsenal,Nottingham Forest,1.0,2.499047619047619,1511.965726292808,0.02,PENDING,0.0
2023-08-12 14:00:00,Brighton & Hove Albion,Luton Town,1.0,2.499047619047619,1511.965726292808,0.02,PENDING,0.0
2023-08-12 16:30:00,Newcastle United,Aston Villa,1.0,2.499047619047619,1511.965726292808,0.02,PENDING,0.0
2023-08-14 19:00:00,Manchester United,Wolverhampton Wanderers,1.0,2.499047619047619,1511.965726292808,0.02,PENDING,0.0
2023-08-18 18:45:00,Nottingham Forest,Sheffield United,1.0,2.499047619047619,1511.965726292808,0.02,PENDING,0.0
2023-08-19 14:00:00,Liverpool,AFC Bournemouth,1.0,2.499047619047619,1511.965726292808,0.02,PENDING,0.0
2023-08-19 14:00:00,Liverpool,AFC Bournemouth,1.0,1.2637362637362637,1511.965726292808,0.02,WIN,398.7601915497515
2023-08-19 16:30:00,Tottenham Hotspur,Manchester United,1.0,2.499047619047619,1519.940930123803,0.02,PENDING,0.0
2023-08-19 19:00:00,Manchester City,Newcastle United,1.0,2.499047619047619,1519.940930123803,0.02,PENDING,0.0
2023-08-20 13:00:00,Aston Villa,Everton,1.0,1.8027777777777776,1519.940930123803,0.02,WIN,1220.1748022382749
2023-08-20 13:00:00,Aston Villa,Everton,1.0,2.499047619047619,1544.3444261685686,0.02,PENDING,0.0
2023-08-20 15:30:00,West Ham United,Chelsea,1.0,2.499047619047619,1544.3444261685686,0.02,PENDING,0.0
2023-08-20 15:30:00,West Ham United,Chelsea,1.0,3.9464285714285716,1544.3444261685686,0.02,WIN,4550.300541389533
2023-08-25 19:00:00,Chelsea,Luton Town,1.0,2.499047619047619,1635.3504369963593,0.02,PENDING,0.0
2023-08-26 14:00:00,Manchester United,Nottingham Forest,1.0,2.499047619047619,1635.3504369963593,0.02,PENDING,0.0
2023-09-02 14:00:00,Manchester City,Fulham,1.0,2.499047619047619,1635.3504369963593,0.02,PENDING,0.0
2023-09-02 16:30:00,Brighton & Hove Albion,Newcastle United,0.9999712505467507,2.499047619047619,1635.3504369963593,0.02,PENDING,0.0
2023-09-03 13:00:00,Crystal Palace,Wolverhampton Wanderers,1.0,2.499047619047619,1635.3504369963593,0.02,PENDING,0.0
2023-09-03 13:00:00,Liverpool,Aston Villa,1.0,2.499047619047619,1635.3504369963593,0.02,PENDING,0.0
2023-09-03 13:00:00,Crystal Palace,Wolverhampton Wanderers,1.0,2.0198964238225208,1635.3504369963593,0.02,WIN,1667.8880623891835
2023-09-03 13:00:00,Liverpool,Aston Villa,1.0,1.7333333333333332,1668.708198244143,0.02,WIN,1223.7193453790378
2023-09-03 15:30:00,Arsenal,Manchester United,1.0,2.499047619047619,1693.1825851517237,0.02,PENDING,0.0
2023-09-16 14:00:00,Fulham,Luton Town,1.0,2.499047619047619,1693.1825851517237,0.02,PENDING,0.0
2023-09-16 14:00:00,Aston Villa,Crystal Palace,1.0,2.0080555555555555,1693.1825851517237,0.02,WIN,1706.8221115321126
2023-09-16 14:00:00,Aston Villa,Crystal Palace,1.0,2.499047619047619,1727.319027382366,0.02,PENDING,0.0
2023-09-16 14:00:00,Tottenham Hotspur,Sheffield United,1.0,2.499047619047619,1727.319027382366,0.02,PENDING,0.0
2023-09-16 16:30:00,Newcastle United,Brentford,1.0,2.499047619047619,1727.319027382366,0.02,PENDING,0.0
2023-09-23 14:00:00,Manchester City,Nottingham Forest,1.0,2.499047619047619,1727.319027382366,0.02,PENDING,0.0
2023-09-24 13:00:00,Liverpool,West Ham United,1.0,2.499047619047619,1727.319027382366,0.02,PENDING,0.0
2023-09-24 13:00:00,Brighton & Hove Albion,AFC Bournemouth,1.0,2.499047619047619,1727.319027382366,0.02,PENDING,0.0
2023-09-24 13:00:00,Liverpool,West Ham United,1.0,1.48,1727.319027382366,0.02,WIN,829.1131331435356
2023-09-30 11:30:00,Aston Villa,Brighton & Hove Albion,0.9999763816008768,2.499047619047619,1743.9012900452365,0.02,PENDING,0.0
2023-09-30 14:00:00,Newcastle United,Burnley,1.0,2.499047619047619,1743.9012900452365,0.02,PENDING,0.0
2023-09-30 14:00:00,West Ham United,Sheffield United,1.0,2.499047619047619,1743.9012900452365,0.02,PENDING,0.0
2023-09-30 14:00:00,Wolverhampton Wanderers,Manchester City,1.0,2.499047619047619,1743.9012900452365,0.02,PENDING,0.0
2023-09-30 16:30:00,Tottenham Hotspur,Liverpool,1.0,2.499047619047619,1743.9012900452365,0.02,PENDING,0.0
2023-10-07 14:00:00,Everton,AFC Bournemouth,1.0,2.033187134502924,1743.9012900452365,0.02,WIN,1801.7763767177908
2023-10-07 14:00:00,Manchester United,Brentford,1.0,2.499047619047619,1779.9368175795926,0.02,PENDING,0.0
2023-10-07 14:00:00,Fulham,Sheffield United,1.0,2.499047619047619,1779.9368175795926,0.02,PENDING,0.0
2023-10-07 14:00:00,Everton,AFC Bournemouth,1.0,2.499047619047619,1779.9368175795926,0.02,PENDING,0.0
2023-10-08 15:30:00,Arsenal,Manchester City,0.9999712505467507,2.499047619047619,1779.9368175795926,0.02,PENDING,0.0
2023-10-21 11:30:00,Liverpool,Everton,1.0,2.499047619047619,1779.9368175795926,0.02,PENDING,0.0
2023-10-21 11:30:00,Liverpool,Everton,1.0,1.4086376811594201,1779.9368175795926,0.02,WIN,727.3492537460024
2023-10-21 14:00:00,Brentford,Burnley,1.0,2.499047619047619,1794.4838026545124,0.02,PENDING,0.0
2023-10-21 14:00:00,Manchester City,Brighton & Hove Albion,1.0,2.499047619047619,1794.4838026545124,0.02,PENDING,0.0
2023-10-21 14:00:00,Newcastle United,Crystal Palace,1.0,2.499047619047619,1794.4838026545124,0.02,PENDING,0.0
2023-10-21 14:00:00,Brentford,Burnley,1.0,1.923714285714286,1794.4838026545124,0.02,WIN,1657.5903239948686
2023-10-22 15:30:00,Aston Villa,West Ham United,1.0,1.9763888888888894,1827.6356091344098,0.02,WIN,1784.483101696515
2023-10-22 15:30:00,Aston Villa,West Ham United,1.0,2.499047619047619,1863.3252711683401,0.02,PENDING,0.0
2023-10-23 19:00:00,Tottenham Hotspur,Fulham,1.0,2.499047619047619,1863.3252711683401,0.02,PENDING,0.0
2023-10-28 14:00:00,AFC Bournemouth,Burnley,1.0,2.499047619047619,1863.3252711683401,0.02,PENDING,0.0
2023-10-28 14:00:00,AFC Bournemouth,Burnley,1.0,2.2658008658008657,1863.3252711683401,0.02,WIN,2358.598741513518
2023-10-28 14:00:00,Arsenal,Sheffield United,1.0,2.499047619047619,1910.4972459986104,0.02,PENDING,0.0
2023-10-29 14:00:00,Liverpool,Nottingham Forest,1.0,2.499047619047619,1910.4972459986104,0.02,PENDING,0.0
2023-10-29 14:00:00,Aston Villa,Luton Town,1.0,2.499047619047619,1910.4972459986104,0.02,PENDING,0.0
2023-10-29 14:00:00,Liverpool,Nottingham Forest,1.0,1.3416205533596839,1910.4972459986104,0.02,WIN,652.6651263701974
2023-11-04 15:00:00,Manchester City,AFC Bournemouth,1.0,2.499047619047619,1923.5505485260144,0.02,PENDING,0.0
2023-11-04 15:00:00,Sheffield United,Wolverhampton Wanderers,1.0,2.499047619047619,1923.5505485260144,0.02,PENDING,0.0
2023-11-04 15:00:00,Brentford,West Ham United,1.0,2.499047619047619,1923.5505485260144,0.02,PENDING,0.0
2023-11-04 15:00:00,Brentford,West Ham United,1.0,2.15515873015873,1923.5505485260144,0.02,WIN,2222.0062090314395
2023-11-04 17:30:00,Newcastle United,Arsenal,1.0,2.499047619047619,1967.9906727066432,0.02,PENDING,0.0
2023-11-05 14:00:00,Nottingham Forest,Aston Villa,1.0,2.499047619047619,1967.9906727066432,0.02,PENDING,0.0
2023-11-05 14:00:00,Nottingham Forest,Aston Villa,1.0,4.39027027027027,1967.9906727066432,0.02,WIN,6672.020269846522
2023-11-11 12:30:00,Wolverhampton Wanderers,Tottenham Hotspur,1.0,2.499047619047619,2101.431078103574,0.02,PENDING,0.0
2023-11-11 15:00:00,Manchester United,Luton Town,1.0,2.499047619047619,2101.431078103574,0.02,PENDING,0.0
2023-11-11 15:00:00,Arsenal,Burnley,1.0,2.499047619047619,2101.431078103574,0.02,PENDING,0.0
2023-11-11 15:00:00,Arsenal,Burnley,1.0,1.2379831932773109,2101.431078103574,0.02,WIN,500.1052784192706
2023-11-11 17:30:00,AFC Bournemouth,Newcastle United,1.0,2.499047619047619,2111.433183671959,0.02,PENDING,0.0
2023-11-12 14:00:00,West Ham United,Nottingham Forest,1.0,1.9763888888888894,2111.433183671959,0.02,WIN,2061.579900168594
2023-11-12 14:00:00,Aston Villa,Fulham,1.0,1.6592640692640692,2152.664781675331,0.02,WIN,1419.174543728728
2023-11-12 14:00:00,Liverpool,Brentford,1.0,1.4953846153846153,2181.0482725499055,0.02,WIN,1080.4577596324145
2023-11-12 14:00:00,West Ham United,Nottingham Forest,1.0,2.499047619047619,2202.657427742554,0.02,PENDING,0.0
2023-11-12 14:00:00,Aston Villa,Fulham,1.0,2.499047619047619,2202.657427742554,0.02,PENDING,0.0
2023-11-12 14:00:00,Liverpool,Brentford,1.0,2.499047619047619,2202.657427742554,0.02,PENDING,0.0
2023-11-25 15:00:00,Newcastle United,Chelsea,1.0,2.499047619047619,2202.657427742554,0.02,PENDING,0.0
2023-11-25 15:00:00,Luton Town,Crystal Palace,1.0,2.499047619047619,2202.657427742554,0.02,PENDING,0.0
2023-11-27 20:00:00,Fulham,Wolverhampton Wanderers,1.0,2.5145454545454546,2202.657427742554,0.02,WIN,3336.0247951082683
2023-11-27 20:00:00,Fulham,Wolverhampton Wanderers,1.0,2.499047619047619,2269.377923644719,0.02,PENDING,0.0
2023-12-02 15:00:00,Burnley,Sheffield United,1.0,2.499047619047619,2269.377923644719,0.02,PENDING,0.0
2023-12-02 15:00:00,Brentford,Luton Town,1.0,2.499047619047619,2269.377923644719,0.02,PENDING,0.0
2023-12-02 15:00:00,Arsenal,Wolverhampton Wanderers,1.0,2.499047619047619,2269.377923644719,0.02,PENDING,0.0
2023-12-02 15:00:00,Arsenal,Wolverhampton Wanderers,1.0,1.331439393939394,2269.377923644719,0.02,WIN,752.161243632246
2023-12-02 20:00:00,Newcastle United,Manchester United,1.0,2.499047619047619,2284.421148517364,0.02,PENDING,0.0
2023-12-03 14:00:00,Liverpool,Fulham,1.0,1.3311965811965814,2284.421148517364,0.02,WIN,756.5924744021188
2023-12-03 14:00:00,Chelsea,Brighton & Hove Albion,1.0,2.499047619047619,2299.5529980054066,0.02,PENDING,0.0
2023-12-03 14:00:00,Liverpool,Fulham,1.0,2.499047619047619,2299.5529980054066,0.02,PENDING,0.0
2023-12-05 19:30:00,Wolverhampton Wanderers,Burnley,1.0,1.9543650793650797,2299.5529980054066,0.02,WIN,2194.613079445637
2023-12-05 19:30:00,Wolverhampton Wanderers,Burnley,1.0,2.499047619047619,2343.4452595943194,0.02,PENDING,0.0
2023-12-06 19:30:00,Fulham,Nottingham Forest,1.0,2.499047619047619,2343.4452595943194,0.02,PENDING,0.0
2023-12-06 19:30:00,Brighton & Hove Albion,Brentford,1.0,2.499047619047619,2343.4452595943194,0.02,PENDING,0.0
2023-12-06 19:30:00,Fulham,Nottingham Forest,1.0,2.1215686274509804,2343.4452595943194,0.02,WIN,2628.334683309707
2023-12-06 20:15:00,Manchester United,Chelsea,1.0,2.499047619047619,2396.011953260513,0.02,PENDING,0.0
2023-12-06 20:15:00,Aston Villa,Manchester City,1.0,2.499047619047619,2396.011953260513,0.02,PENDING,0.0
2023-12-07 19:30:00,Everton,Newcastle United,0.9999940505450585,2.499047619047619,2396.011953260513,0.02,PENDING,0.0
2023-12-09 15:00:00,Sheffield United,Brentford,1.0,2.499047619047619,2396.011953260513,0.02,PENDING,0.0
2023-12-09 17:30:00,Aston Villa,Arsenal,1.0,2.499047619047619,2396.011953260513,0.02,PENDING,0.0
2023-12-09 17:30:00,Aston Villa,Arsenal,1.0,3.4880952380952377,2396.011953260513,0.02,WIN,5961.505931326752
2023-12-10 14:00:00,Fulham,West Ham United,1.0,2.499047619047619,2515.2420718870485,0.02,PENDING,0.0
2023-12-10 14:00:00,Everton,Chelsea,1.0,2.499047619047619,2515.2420718870485,0.02,PENDING,0.0
2023-12-10 14:00:00,Fulham,West Ham United,1.0,2.5006896551724136,2515.2420718870485,0.02,WIN,3774.5977575353218
2023-12-10 14:00:00,Everton,Chelsea,1.0,3.263492063492064,2590.734027037755,0.02,WIN,5864.105908818792
2023-12-10 16:30:00,Tottenham Hotspur,Newcastle United,0.9999974372142971,2.499047619047619,2708.0161452141306,0.02,PENDING,0.0
2023-12-16 15:00:00,Newcastle United,Fulham,0.9999195406834489,2.499047619047619,2708.0161452141306,0.02,PENDING,0.0
2023-12-16 15:00:00,Chelsea,Sheffield United,1.0,2.499047619047619,2708.0161452141306,0.02,PENDING,0.0
2023-12-17 14:00:00,West Ham United,Wolverhampton Wanderers,1.0,2.2658008658008657,2708.0161452141306,0.02,WIN,3427.8091812147695
2023-12-17 14:00:00,West Ham United,Wolverhampton Wanderers,1.0,2.499047619047619,2776.572328838426,0.02,PENDING,0.0
2023-12-17 14:00:00,Arsenal,Brighton & Hove Albion,1.0,2.499047619047619,2776.572328838426,0.02,PENDING,0.0
2023-12-23 12:30:00,West Ham United,Manchester United,1.0,2.499047619047619,2776.572328838426,0.02,PENDING,0.0
2023-12-23 15:00:00,Tottenham Hotspur,Everton,0.9999712505467507,2.499047619047619,2776.572328838426,0.02,PENDING,0.0
2023-12-23 15:00:00,Luton Town,Newcastle United,1.0,2.499047619047619,2776.572328838426,0.02,PENDING,0.0
2023-12-24 13:00:00,Wolverhampton Wanderers,Chelsea,1.0,3.9633507853403143,2776.572328838426,0.02,WIN,8227.957791217535
2023-12-24 13:00:00,Wolverhampton Wanderers,Chelsea,1.0,2.499047619047619,2941.131484662777,0.02,PENDING,0.0
2023-12-26 15:00:00,AFC Bournemouth,Fulham,1.0,2.269097222222222,2941.131484662777,0.02,WIN,3732.5817973758494
2023-12-26 15:00:00,AFC Bournemouth,Fulham,1.0,2.499047619047619,3015.7831206102937,0.02,PENDING,0.0
2023-12-26 20:00:00,Manchester United,Aston Villa,1.0,2.499047619047619,3015.7831206102937,0.02,PENDING,0.0
2023-12-27 19:30:00,Chelsea,Crystal Palace,1.0,1.7515,3015.7831206102937,0.02,WIN,2266.361015138636
2023-12-27 19:30:00,Chelsea,Crystal Palace,1.0,2.499047619047619,3061.1103409130665,0.02,PENDING,0.0
2023-12-28 19:30:00,Brighton & Hove Albion,Tottenham Hotspur,1.0,2.499047619047619,3061.1103409130665,0.02,PENDING,0.0
2023-12-30 15:00:00,Aston Villa,Burnley,1.0,2.499047619047619,3061.1103409130665,0.02,PENDING,0.0
2023-12-30 15:00:00,Crystal Palace,Brentford,1.0,2.499047619047619,3061.1103409130665,0.02,PENDING,0.0
2023-12-30 15:00:00,Manchester City,Sheffield United,1.0,2.499047619047619,3061.1103409130665,0.02,PENDING,0.0
2023-12-30 15:00:00,Wolverhampton Wanderers,Everton,1.0,2.499047619047619,3061.1103409130665,0.02,PENDING,0.0
2023-12-30 15:00:00,Crystal Palace,Brentford,1.0,2.313725490196078,3061.1103409130665,0.02,WIN,4021.4586831603024
2023-12-30 15:00:00,Aston Villa,Burnley,1.0,1.4403809523809525,3141.5395145762723,0.02,WIN,1383.4741633714941
2023-12-30 15:00:00,Wolverhampton Wanderers,Everton,1.0,2.7710437710437708,3169.208997843702,0.02,WIN,5612.807854766959
2023-12-30 17:30:00,Nottingham Forest,Manchester United,1.0,2.499047619047619,3281.4651549390414,0.02,PENDING,0.0
2023-12-31 14:00:00,Fulham,Arsenal,1.0,2.499047619047619,3281.4651549390414,0.02,PENDING,0.0
2023-12-31 14:00:00,Tottenham Hotspur,AFC Bournemouth,0.9999712505467507,2.499047619047619,3281.4651549390414,0.02,PENDING,0.0
2023-12-31 14:00:00,Fulham,Arsenal,1.0,5.553763440860214,3281.4651549390414,0.02,WIN,14943.016055018104
2024-01-01 20:00:00,Liverpool,Newcastle United,1.0,2.499047619047619,3580.325476039404,0.02,PENDING,0.0
2024-01-13 12:30:00,Chelsea,Fulham,1.0,2.499047619047619,3580.325476039404,0.02,PENDING,0.0
2024-01-13 12:30:00,Chelsea,Fulham,1.0,1.6857142857142857,3580.325476039404,0.02,WIN,2455.08032642702
2024-01-20 12:30:00,Arsenal,Crystal Palace,1.0,2.499047619047619,3629.4270825679437,0.02,PENDING,0.0
2024-01-20 12:30:00,Arsenal,Crystal Palace,1.0,1.3705314009661835,3629.4270825679437,0.02,WIN,1344.8167016085085
2024-01-20 17:30:00,Brentford,Nottingham Forest,1.0,2.0080555555555555,3656.323416600114,0.02,WIN,3685.7771330116148
2024-01-20 17:30:00,Brentford,Nottingham Forest,1.0,2.499047619047619,3730.038959260346,0.02,PENDING,0.0
2024-01-30 19:45:00,Luton Town,Brighton & Hove Albion,1.0,2.499047619047619,3730.038959260346,0.02,PENDING,0.0
2024-01-30 20:00:00,Crystal Palace,Sheffield United,1.0,2.499047619047619,3730.038959260346,0.02,PENDING,0.0
2024-01-31 19:30:00,Manchester City,Burnley,1.0,2.499047619047619,3730.038959260346,0.02,PENDING,0.0
2024-01-31 19:30:00,Tottenham Hotspur,Brentford,1.0,2.499047619047619,3730.038959260346,0.02,PENDING,0.0
2024-01-31 20:15:00,Liverpool,Chelsea,1.0,2.499047619047619,3730.038959260346,0.02,PENDING,0.0
2024-01-31 20:15:00,Liverpool,Chelsea,1.0,1.6616342241284505,3730.038959260346,0.02,WIN,2467.921432779112
2024-02-03 15:00:00,Brighton & Hove Albion,Crystal Palace,1.0,2.499047619047619,3779.3973879159284,0.02,PENDING,0.0
2024-02-04 14:00:00,Manchester United,West Ham United,1.0,2.499047619047619,3779.3973879159284,0.02,PENDING,0.0
2024-02-04 16:30:00,Arsenal,Liverpool,1.0,2.499047619047619,3779.3973879159284,0.02,PENDING,0.0
2024-02-04 16:30:00,Arsenal,Liverpool,1.0,2.32078853046595,3779.3973879159284,0.02,WIN,4991.784722032329
2024-02-10 12:30:00,Manchester City,Everton,1.0,2.499047619047619,3879.233082356575,0.02,PENDING,0.0
2024-02-10 15:00:00,Tottenham Hotspur,Brighton & Hove Albion,1.0,2.499047619047619,3879.233082356575,0.02,PENDING,0.0
2024-02-10 15:00:00,Fulham,AFC Bournemouth,1.0,2.499047619047619,3879.233082356575,0.02,PENDING,0.0
2024-02-10 15:00:00,Liverpool,Burnley,1.0,2.499047619047619,3879.233082356575,0.02,PENDING,0.0
2024-02-10 15:00:00,Fulham,AFC Bournemouth,1.0,2.5300000000000002,3879.233082356575,0.02,WIN,5935.226616005561
2024-02-10 15:00:00,Liverpool,Burnley,1.0,1.2150735294117647,3997.937614676686,0.02,WIN,859.8505531565667
2024-02-17 15:00:00,Nottingham Forest,West Ham United,1.0,2.5006896551724136,4015.1346257398172,0.02,WIN,6025.470996972304
2024-02-17 15:00:00,Nottingham Forest,West Ham United,1.0,2.499047619047619,4135.644045679263,0.02,PENDING,0.0
2024-02-20 19:30:00,Manchester City,Brentford,1.0,2.499047619047619,4135.644045679263,0.02,PENDING,0.0
2024-02-21 19:30:00,Liverpool,Luton Town,1.0,2.499047619047619,4135.644045679263,0.02,PENDING,0.0
2024-02-24 15:00:00,Crystal Palace,Burnley,1.0,2.499047619047619,4135.644045679263,0.02,PENDING,0.0
2024-02-24 15:00:00,Aston Villa,Nottingham Forest,1.0,2.499047619047619,4135.644045679263,0.02,PENDING,0.0
2024-02-24 15:00:00,Crystal Palace,Burnley,1.0,2.044642857142857,4135.644045679263,0.02,WIN,4320.271012004231
2024-02-24 15:00:00,Aston Villa,Nottingham Forest,1.0,1.6060869565217393,4222.049465919348,0.02,WIN,2558.9291110832924
2024-02-24 20:00:00,Arsenal,Newcastle United,1.0,2.499047619047619,4273.2280481410135,0.02,PENDING,0.0
2024-02-25 13:30:00,Wolverhampton Wanderers,Sheffield United,1.0,2.499047619047619,4273.2280481410135,0.02,PENDING,0.0
2024-02-26 20:00:00,West Ham United,Brentford,1.0,2.623376623376623,4273.2280481410135,0.02,WIN,6937.058519709436
2024-02-26 20:00:00,West Ham United,Brentford,1.0,2.499047619047619,4411.969218535202,0.02,PENDING,0.0
2024-03-02 15:00:00,Newcastle United,Wolverhampton Wanderers,0.9999816239141864,2.499047619047619,4411.969218535202,0.02,PENDING,0.0
2024-03-02 15:00:00,Fulham,Brighton & Hove Albion,1.0,2.499047619047619,4411.969218535202,0.02,PENDING,0.0
2024-03-02 15:00:00,Tottenham Hotspur,Crystal Palace,1.0,2.499047619047619,4411.969218535202,0.02,PENDING,0.0
2024-03-03 15:30:00,Manchester City,Manchester United,1.0,2.499047619047619,4411.969218535202,0.02,PENDING,0.0
2024-03-09 12:30:00,Manchester United,Everton,1.0,2.499047619047619,4411.969218535202,0.02,PENDING,0.0
2024-03-09 15:00:00,Wolverhampton Wanderers,Fulham,1.0,2.499047619047619,4411.969218535202,0.02,PENDING,0.0
2024-03-09 15:00:00,Wolverhampton Wanderers,Fulham,1.0,2.6443850267379676,4411.969218535202,0.02,WIN,7254.976121388098
2024-03-09 17:30:00,Arsenal,Brentford,1.0,1.2851948051948052,4557.0687409629645,0.02,WIN,1299.652331838269
2024-03-09 17:30:00,Arsenal,Brentford,1.0,2.499047619047619,4583.0617875997295,0.02,PENDING,0.0
2024-03-10 14:00:00,Brighton & Hove Albion,Nottingham Forest,1.0,2.499047619047619,4583.0617875997295,0.02,PENDING,0.0
2024-03-11 20:00:00,Chelsea,Newcastle United,1.0,2.499047619047619,4583.0617875997295,0.02,PENDING,0.0
2024-03-13 19:30:00,AFC Bournemouth,Luton Town,1.0,2.499047619047619,4583.0617875997295,0.02,PENDING,0.0
2024-03-16 15:00:00,Burnley,Brentford,1.0,3.414405684754521,4583.0617875997295,0.02,WIN,11065.370433562004
2024-03-16 15:00:00,Burnley,Brentford,1.0,2.499047619047619,4804.36919627097,0.02,PENDING,0.0
2024-03-16 17:30:00,Fulham,Tottenham Hotspur,1.0,2.499047619047619,4804.36919627097,0.02,PENDING,0.0
2024-03-30 12:30:00,Newcastle United,West Ham United,1.0,2.499047619047619,4804.36919627097,0.02,PENDING,0.0
2024-03-30 15:00:00,Tottenham Hotspur,Luton Town,1.0,2.499047619047619,4804.36919627097,0.02,PENDING,0.0
2024-03-30 15:00:00,AFC Bournemouth,Everton,1.0,2.499047619047619,4804.36919627097,0.02,PENDING,0.0
2024-03-30 15:00:00,AFC Bournemouth,Everton,1.0,2.2986111111111116,4804.36919627097,0.02,WIN,6239.007220157442
2024-03-30 17:30:00,Aston Villa,Wolverhampton Wanderers,1.0,2.499047619047619,4929.149340674119,0.02,PENDING,0.0
2024-03-30 17:30:00,Aston Villa,Wolverhampton Wanderers,1.0,1.689515011547344,4929.149340674119,0.02,WIN,3398.722464553499
2024-03-31 13:00:00,Liverpool,Brighton & Hove Albion,1.0,2.499047619047619,4997.123789965189,0.02,PENDING,0.0
2024-04-02 18:30:00,Nottingham Forest,Fulham,1.0,2.499047619047619,4997.123789965189,0.02,PENDING,0.0
2024-04-02 18:30:00,Nottingham Forest,Fulham,1.0,2.820733616640573,4997.123789965189,0.02,WIN,9098.431270903966
2024-04-02 18:45:00,AFC Bournemouth,Crystal Palace,1.0,2.499047619047619,5179.0924153832675,0.02,PENDING,0.0
2024-04-02 18:45:00,AFC Bournemouth,Crystal Palace,1.0,2.0548245614035086,5179.0924153832675,0.02,WIN,5463.033885524893
2024-04-03 18:30:00,Arsenal,Luton Town,1.0,2.499047619047619,5288.353093093765,0.02,PENDING,0.0
2024-04-03 19:15:00,Manchester City,Aston Villa,1.0,2.499047619047619,5288.353093093765,0.02,PENDING,0.0
2024-04-04 18:30:00,Liverpool,Sheffield United,1.0,2.499047619047619,5288.353093093765,0.02,PENDING,0.0
2024-04-04 19:15:00,Chelsea,Manchester United,1.0,2.499047619047619,5288.353093093765,0.02,PENDING,0.0
2024-04-06 14:00:00,Luton Town,AFC Bournemouth,1.0,2.499047619047619,5288.353093093765,0.02,PENDING,0.0
2024-04-06 14:00:00,Everton,Burnley,1.0,2.499047619047619,5288.353093093765,0.02,PENDING,0.0
2024-04-06 14:00:00,Everton,Burnley,1.0,1.7267857142857144,5288.353093093765,0.02,WIN,3843.499480159219
2024-04-07 17:00:00,Tottenham Hotspur,Nottingham Forest,1.0,2.499047619047619,5365.223082696949,0.02,PENDING,0.0
2024-04-13 11:30:00,Newcastle United,Tottenham Hotspur,1.0,2.499047619047619,5365.223082696949,0.02,PENDING,0.0
2024-04-13 14:00:00,Brentford,Sheffield United,1.0,2.499047619047619,5365.223082696949,0.02,PENDING,0.0
2024-04-13 14:00:00,Manchester City,Luton Town,1.0,2.499047619047619,5365.223082696949,0.02,PENDING,0.0
2024-04-15 19:00:00,Chelsea,Everton,1.0,1.7825396825396824,5365.223082696949,0.02,WIN,4198.499967888247
2024-04-15 19:00:00,Chelsea,Everton,1.0,2.499047619047619,5449.193082054714,0.02,PENDING,0.0
2024-04-21 12:30:00,Everton,Nottingham Forest,1.0,2.499047619047619,5449.193082054714,0.02,PENDING,0.0
2024-04-21 12:30:00,Everton,Nottingham Forest,1.0,2.15515873015873,5449.193082054714,0.02,WIN,6294.68296105606
2024-04-21 14:00:00,Crystal Palace,West Ham United,1.0,2.499047619047619,5575.086741275835,0.02,PENDING,0.0
2024-04-21 14:00:00,Aston Villa,AFC Bournemouth,1.0,1.9763888888888892,5575.086741275835,0.02,WIN,5443.452748773491
2024-04-21 14:00:00,Crystal Palace,West Ham United,1.0,2.200980392156863,5683.955796251305,0.02,WIN,6826.319461184166
2024-04-21 14:00:00,Aston Villa,AFC Bournemouth,1.0,2.499047619047619,5820.482185474988,0.02,PENDING,0.0
2024-04-23 19:00:00,Arsenal,Chelsea,1.0,1.528,5820.482185474988,0.02,WIN,3073.214593930794
2024-04-23 19:00:00,Arsenal,Chelsea,1.0,2.499047619047619,5881.946477353605,0.02,PENDING,0.0
2024-04-24 19:00:00,Manchester United,Sheffield United,1.0,2.499047619047619,5881.946477353605,0.02,PENDING,0.0
2024-04-24 19:00:00,Crystal Palace,Newcastle United,1.0,2.499047619047619,5881.946477353605,0.02,PENDING,0.0
2024-04-24 19:00:00,Everton,Liverpool,1.0,7.400000000000001,5881.946477353605,0.02,WIN,37644.45745506308
2024-04-24 19:00:00,Everton,Liverpool,1.0,2.499047619047619,6634.835626454866,0.02,PENDING,0.0
2024-04-27 14:00:00,Newcastle United,Sheffield United,1.0,2.499047619047619,6634.835626454866,0.02,PENDING,0.0
2024-04-27 14:00:00,Wolverhampton Wanderers,Luton Town,1.0,2.499047619047619,6634.835626454866,0.02,PENDING,0.0
2024-04-27 16:30:00,Everton,Brentford,1.0,2.499047619047619,6634.835626454866,0.02,PENDING,0.0
2024-04-27 16:30:00,Everton,Brentford,1.0,2.4238095238095236,6634.835626454866,0.02,WIN,9446.742153857165
2024-04-28 13:00:00,AFC Bournemouth,Brighton & Hove Albion,1.0,2.499047619047619,6823.770469532008,0.02,PENDING,0.0
2024-05-02 18:30:00,Chelsea,Tottenham Hotspur,1.0,2.499047619047619,6823.770469532008,0.02,PENDING,0.0
2024-05-04 11:30:00,Arsenal,AFC Bournemouth,1.0,1.2735757575757578,6823.770469532008,0.02,WIN,1866.8181757253037
2024-05-04 11:30:00,Arsenal,AFC Bournemouth,1.0,2.499047619047619,6861.106833046514,0.02,PENDING,0.0
2024-05-04 16:30:00,Manchester City,Wolverhampton Wanderers,1.0,2.499047619047619,6861.106833046514,0.02,PENDING,0.0
2024-05-05 13:00:00,Chelsea,West Ham United,1.0,1.7333333333333332,6861.106833046514,0.02,WIN,5031.4783442341095
2024-05-05 13:00:00,Brighton & Hove Albion,Aston Villa,1.0,2.499047619047619,6961.7363999311965,0.02,PENDING,0.0
2024-05-05 13:00:00,Chelsea,West Ham United,1.0,2.499047619047619,6961.7363999311965,0.02,PENDING,0.0
2024-05-05 15:30:00,Liverpool,Tottenham Hotspur,1.0,2.499047619047619,6961.7363999311965,0.02,PENDING,0.0
2024-05-06 19:00:00,Crystal Palace,Manchester United,0.9999763816008768,2.499047619047619,6961.7363999311965,0.02,PENDING,0.0
2024-05-11 14:00:00,Tottenham Hotspur,Burnley,0.9999763176100612,2.499047619047619,6961.7363999311965,0.02,PENDING,0.0
2024-05-11 14:00:00,West Ham United,Luton Town,1.0,2.499047619047619,6961.7363999311965,0.02,PENDING,0.0
2024-05-11 14:00:00,Everton,Sheffield United,1.0,2.499047619047619,6961.7363999311965,0.02,PENDING,0.0
2024-05-15 19:00:00,Manchester United,Newcastle United,1.0,2.499047619047619,6961.7363999311965,0.02,PENDING,0.0
2024-05-19 15:00:00,Crystal Palace,Aston Villa,1.0,1.9411406209905058,6961.7363999311965,0.02,WIN,6551.972918603455
2024-05-19 15:00:00,Chelsea,AFC Bournemouth,1.0,1.5316666666666665,7092.7758583032655,0.02,WIN,3770.992497997902
2024-05-19 15:00:00,Arsenal,Everton,1.0,1.2458333333333336,7168.195708263223,0.02,WIN,1762.1814449480441
2024-05-19 15:00:00,Liverpool,Wolverhampton Wanderers,1.0,1.22425,7203.439337162184,0.02,WIN,1615.37127135862
2024-05-19 15:00:00,Chelsea,AFC Bournemouth,1.0,2.499047619047619,7235.746762589356,0.02,PENDING,0.0
2024-05-19 15:00:00,Liverpool,Wolverhampton Wanderers,1.0,2.499047619047619,7235.746762589356,0.02,PENDING,0.0
2024-05-19 15:00:00,Arsenal,Everton,1.0,2.499047619047619,7235.746762589356,0.02,PENDING,0.0
2024-05-19 15:00:00,Manchester City,West Ham United,1.0,2.499047619047619,7235.746762589356,0.02,PENDING,0.0
2024-05-19 15:00:00,Crystal Palace,Aston Villa,1.0,2.499047619047619,7235.746762589356,0.02,PENDING,0.0
