home_team,away_team,home_score,away_score,target,final_score,match_status,league,home_xg,away_xg,home_possession,away_possession,home_opening_odds,home_current_odds,external_id
Freiburg,Eintracht Frankfurt,2,2,1,2 - 2,Finished,Bundesliga,1.14,0.89,51,49,9.0,9.0,4829371
Manchester City,Everton,2,0,2,2 - 0,Finished,Premier League,2.38,0.81,71,29,8.0,8.0,4813450
St. Pauli,Hoffenheim,0,3,0,0 - 3,Finished,Bundesliga,0.99,2.34,49,51,9.0,9.0,4829375
Liverpool,Manchester United,1,2,0,1 - 2,Finished,Premier League,2.75,1.34,64,36,9.0,9.0,4813449
Sunderland,Wolverhampton Wanderers,2,0,2,2 - 0,Finished,Premier League,0.65,0.83,41,59,8.0,8.0,4813452
Bayern München,Borussia Dortmund,2,1,2,2 - 1,Finished,Bundesliga,2.48,1.58,61,39,8.0,8.0,4829369
Fulham,Arsenal,0,1,0,0 - 1,Finished,Premier League,0.44,1.87,37,63,8.0,8.0,4813448
Braga,Santa Clara,1,0,2,1 - 0,Finished,Ligue 1,0.85,0.57,67,33,5.0,5.0,4844280
Arouca,Alverca,1,0,2,1 - 0,Finished,Ligue 1,1.61,0.22,69,31,4.0,4.0,4844284
Manchester United,AFC Bournemouth,4,4,1,4 - 4,Finished,Premier League,3.4,1.94,57,43,5.0,5.0,4813531
FC Porto,Estrela da Amadora,3,1,2,3 - 1,Finished,Ligue 1,2.95,0.21,66,34,5.0,5.0,4844283
Borussia Dortmund,Borussia Mönchengladbach,2,0,2,2 - 0,Finished,Bundesliga,1.43,0.28,57,43,9.0,9.0,4829442
Werder Bremen,VfB Stuttgart,0,4,0,0 - 4,Finished,Bundesliga,0.91,2.17,38,62,4.0,4.0,4829440
Estoril,Braga,1,0,2,1 - 0,Finished,Ligue 1,2.13,2.19,32,68,9.0,9.0,4844295
Nacional,Tondela,3,1,2,3 - 1,Finished,Ligue 1,2.35,3.57,44,56,5.0,5.0,4844279
Moreirense,Benfica,0,4,0,0 - 4,Finished,Ligue 1,0.51,1.0,53,47,4.0,4.0,4844285
Bayern München,Mainz 05,2,2,1,2 - 2,Finished,Bundesliga,4.5,0.6,85,15,4.0,4.0,4829433
Sporting CP,AVS Futebol SAD,6,0,2,6 - 0,Finished,Ligue 1,2.7,0.67,67,33,3.0,3.0,4844281
Freiburg,Borussia Dortmund,1,1,1,1 - 1,Finished,Bundesliga,1.5,0.93,57,43,4.0,4.0,4829436
Famalicao,Estoril,4,0,2,4 - 0,Finished,Ligue 1,3.0,0.77,54,46,4.0,4.0,4844282
West Ham United,Aston Villa,2,3,0,2 - 3,Finished,Premier League,1.03,0.67,41,59,4.0,4.0,4813534
Nottingham Forest,Tottenham Hotspur,3,0,2,3 - 0,Finished,Premier League,2.32,0.33,48,52,4.0,4.0,4813532
Sunderland,Newcastle United,1,0,2,1 - 0,Finished,Premier League,0.3,0.24,47,53,4.0,4.0,4813533
Crystal Palace,Manchester City,0,3,0,0 - 3,Finished,Premier League,1.88,1.19,39,61,35.0,35.0,4813529
Brentford,Leeds United,1,1,1,1 - 1,Finished,Premier League,0.72,1.52,57,43,35.0,35.0,4813526
Hoffenheim,Hamburger SV,4,1,2,4 - 1,Finished,Bundesliga,1.31,1.38,59,41,3.0,3.0,4829437
Borussia Mönchengladbach,Wolfsburg,1,3,0,1 - 3,Finished,Bundesliga,0.8,1.72,58,42,3.0,3.0,4829434
Chelsea,Everton,2,0,2,2 - 0,Finished,Premier League,2.2,1.03,58,42,35.0,35.0,4813528
Casa Pia AC,Gil Vicente,1,1,1,1 - 1,Finished,Ligue 1,0.15,0.85,33,67,3.0,3.0,4844278
Eintracht Frankfurt,Augsburg,1,0,2,1 - 0,Finished,Bundesliga,1.05,0.62,51,49,3.0,3.0,4829435
Burnley,Fulham,2,3,0,2 - 3,Finished,Premier League,2.46,2.23,53,47,35.0,35.0,4813527
Liverpool,Brighton & Hove Albion,2,0,2,2 - 0,Finished,Premier League,1.89,1.9,49,51,3.0,3.0,4813530
St. Pauli,FC Heidenheim,2,1,2,2 - 1,Finished,Bundesliga,0.8,2.43,36,64,3.0,3.0,4829438
Bayer Leverkusen,1. FC Köln,2,0,2,2 - 0,Finished,Bundesliga,2.07,0.2,61,39,3.0,3.0,4829432
Rio Ave,Vitoria de Guimaraes,0,1,0,0 - 1,Finished,Ligue 1,0.46,1.4,43,57,3.0,3.0,4844286
Vitoria de Guimaraes,Gil Vicente,0,0,1,0 - 0,Finished,Ligue 1,0.51,0.23,52,48,2.0,2.0,4844274
Tondela,FC Porto,0,2,0,0 - 2,Finished,Ligue 1,0.48,1.94,26,74,2.0,2.0,4844276
Estoril,Moreirense,3,3,1,3 - 3,Finished,Ligue 1,1.93,2.32,44,56,2.2,2.2,4844270
Estrela da Amadora,Arouca,3,1,2,3 - 1,Finished,Ligue 1,3.33,0.59,63,37,743.0,743.0,4844275
Borussia Dortmund,Hoffenheim,2,0,2,2 - 0,Finished,Bundesliga,1.26,1.14,43,57,2.2,2.2,4829424
Union Berlin,RB Leipzig,3,1,2,3 - 1,Finished,Bundesliga,1.42,0.55,36,64,2.0,2.0,4829439
Fulham,Crystal Palace,1,2,0,1 - 2,Finished,Premier League,0.76,1.65,63,37,2.2,2.2,4813519
Wolverhampton Wanderers,Manchester United,1,4,0,1 - 4,Finished,Premier League,0.41,4.24,37,63,35.0,35.0,4813524
AFC Bournemouth,Chelsea,0,0,1,0 - 0,Finished,Premier League,1.42,0.92,39,61,9.0,9.0,4813515
Leeds United,Liverpool,3,3,1,3 - 3,Finished,Premier League,1.51,1.91,45,55,35.0,35.0,4813520
Santa Clara,Casa Pia AC,1,0,2,1 - 0,Finished,Ligue 1,1.39,0.29,43,57,1.0,1.0,4844272
Newcastle United,Burnley,2,1,2,2 - 1,Finished,Premier League,1.77,1.61,70,30,35.0,35.0,4813522
RB Leipzig,Eintracht Frankfurt,6,0,2,6 - 0,Finished,Bundesliga,3.77,0.65,52,48,2.2,2.2,4829429
AVS Futebol SAD,Rio Ave,1,2,0,1 - 2,Finished,Ligue 1,1.63,2.37,35,65,9.0,9.0,4844269
Tottenham Hotspur,Brentford,2,0,2,2 - 0,Finished,Premier League,2.18,0.29,53,47,35.0,35.0,4813523
Wolfsburg,Union Berlin,3,1,2,3 - 1,Finished,Bundesliga,0.81,1.92,43,57,2.2,2.2,4829431
FC Heidenheim,Freiburg,2,1,2,2 - 1,Finished,Bundesliga,2.14,1.0,38,62,2.2,2.2,4829427
Benfica,Sporting CP,1,1,1,1 - 1,Finished,Ligue 1,0.92,0.58,41,59,2.0,2.0,4844273
1. FC Köln,St. Pauli,1,1,1,1 - 1,Finished,Bundesliga,1.91,0.14,58,42,5.0,5.0,4829425
Augsburg,Bayer Leverkusen,2,0,2,2 - 0,Finished,Bundesliga,1.28,1.63,32,68,2.2,2.2,4829423
Mainz 05,Borussia Mönchengladbach,0,1,0,0 - 1,Finished,Bundesliga,0.97,1.85,55,45,2.2025,2.2025,4829428
Newcastle United,Tottenham Hotspur,2,2,1,2 - 2,Finished,Premier League,2.04,0.75,53,47,32.0,32.0,4813513
Leeds United,Chelsea,3,1,2,3 - 1,Finished,Premier League,2.79,0.96,29,71,2.0,2.0,4813510
Liverpool,Sunderland,1,1,1,1 - 1,Finished,Premier League,1.45,0.41,68,32,2.0,2.0,4813511
Arsenal,Brentford,2,0,2,2 - 0,Finished,Premier League,1.77,0.35,62,38,2.2025,2.2025,4813506
Fulham,Manchester City,4,5,0,4 - 5,Finished,Premier League,0.91,2.17,57,43,2.0,2.0,4813509
Burnley,Crystal Palace,0,1,0,0 - 1,Finished,Premier League,0.95,0.59,58,42,2.2025,2.2025,4813508
AFC Bournemouth,Everton,0,1,0,0 - 1,Finished,Premier League,0.5,1.44,55,45,9.0,9.0,4813505
Rio Ave,Santa Clara,1,1,1,1 - 1,Finished,Ligue 1,2.1,1.04,58,42,5.0,5.0,4844267
Sporting CP,Estrela da Amadora,4,0,2,4 - 0,Finished,Ligue 1,2.36,0.11,63,37,743.0,743.0,4844264
Chelsea,Arsenal,1,1,1,1 - 1,Finished,Premier League,0.79,1.26,38,62,1.2,1.2,4813497
Eintracht Frankfurt,Wolfsburg,1,1,1,1 - 1,Finished,Bundesliga,1.59,1.86,54,46,1.2,1.2,4829417
FC Porto,Estoril,1,0,2,1 - 0,Finished,Ligue 1,1.35,1.05,48,52,1.0,1.0,4844263
West Ham United,Liverpool,0,2,0,0 - 2,Finished,Premier League,0.29,1.24,44,56,1.2,1.2,4813504
Freiburg,Mainz 05,4,0,2,4 - 0,Finished,Bundesliga,4.6,0.11,75,25,1.2025,1.2025,4829418
Casa Pia AC,Alverca,0,2,0,0 - 2,Finished,Ligue 1,0.17,1.47,52,48,28.0,28.0,4844265
Moreirense,Famalicao,2,2,1,2 - 2,Finished,Ligue 1,1.41,2.25,48,52,1.0,1.0,4844266
Tottenham Hotspur,Fulham,1,2,0,1 - 2,Finished,Premier League,0.86,0.45,63,37,32.0,32.0,4813503
Bayer Leverkusen,Borussia Dortmund,1,2,0,1 - 2,Finished,Bundesliga,0.82,0.99,63,37,1.0,1.0,4829414
Gil Vicente,Tondela,0,1,0,0 - 1,Finished,Ligue 1,0.52,1.09,65,35,1.0,1.0,4844261
Brentford,Burnley,3,1,2,3 - 1,Finished,Premier League,3.06,0.95,52,48,1.0,1.0,4813496
Arsenal,Tottenham Hotspur,4,1,2,4 - 1,Finished,Premier League,1.93,0.07,57,43,32.0,32.0,4813486
Union Berlin,FC Heidenheim,1,2,0,1 - 2,Finished,Bundesliga,0.97,0.59,43,57,1.0,1.0,4829421
Borussia Mönchengladbach,RB Leipzig,0,0,1,0 - 0,Finished,Bundesliga,0.42,0.93,42,58,1.0,1.0,4829416
Werder Bremen,1. FC Köln,1,1,1,1 - 1,Finished,Bundesliga,1.17,0.94,49,51,1.0,1.0,4829422
Hoffenheim,Augsburg,3,0,2,3 - 0,Finished,Bundesliga,2.08,0.96,60,40,1.0,1.0,4829420
Sunderland,AFC Bournemouth,3,2,2,3 - 2,Finished,Premier League,1.28,1.7,42,58,1.0,1.0,4813502
Vitoria de Guimaraes,AVS Futebol SAD,4,0,2,4 - 0,Finished,Ligue 1,1.56,1.17,46,54,9.0,9.0,4844262
Bayern München,St. Pauli,3,1,2,3 - 1,Finished,Bundesliga,2.3,0.64,80,20,1.0,1.0,4829415
St. Pauli,Union Berlin,0,1,0,0 - 1,Finished,Bundesliga,0.72,0.55,59,41,1.0,1.0,4829412
AFC Bournemouth,West Ham United,2,2,1,2 - 2,Finished,Premier League,4.05,0.65,76,24,9.0,9.0,4813485
RB Leipzig,Werder Bremen,2,0,2,2 - 0,Finished,Bundesliga,2.1,0.8,52,48,1.0,1.0,4829411
Wolverhampton Wanderers,Crystal Palace,0,2,0,0 - 2,Finished,Premier League,1.79,1.27,48,52,1.0,1.0,4813494
Fulham,Sunderland,1,0,2,1 - 0,Finished,Premier League,2.16,0.17,57,43,1.0,1.0,4813489
1. FC Köln,Eintracht Frankfurt,3,4,0,3 - 4,Finished,Bundesliga,1.22,1.81,46,54,1.0,1.0,4829408
Wolfsburg,Bayer Leverkusen,1,3,0,1 - 3,Finished,Bundesliga,2.13,1.1,38,62,1.0,1.0,4829413
Benfica,Casa Pia AC,2,2,1,2 - 2,Finished,Ligue 1,2.22,1.21,66,34,28.0,28.0,4844257
FC Heidenheim,Borussia Mönchengladbach,0,3,0,0 - 3,Finished,Bundesliga,0.33,2.18,49,51,1.0,1.0,4829409
Augsburg,Hamburger SV,1,0,2,1 - 0,Finished,Bundesliga,1.7,1.36,48,52,1.0,1.0,4829405
Mainz 05,Hoffenheim,1,1,1,1 - 1,Finished,Bundesliga,2.03,1.38,45,55,20.0,20.0,4829410
Burnley,Chelsea,0,2,0,0 - 2,Finished,Premier League,0.44,1.72,44,56,1.0,1.0,4813488
Eintracht Frankfurt,Mainz 05,1,0,2,1 - 0,Finished,Bundesliga,1.21,0.16,56,44,1.2,1.2,4829398
Freiburg,St. Pauli,2,1,2,2 - 1,Finished,Bundesliga,1.02,0.53,60,40,5.0,5.0,4829399
Estrela da Amadora,Nacional,1,1,1,1 - 1,Finished,Ligue 1,2.16,1.27,62,38,743.0,743.0,4844252
Manchester City,Liverpool,3,0,2,3 - 0,Finished,Premier League,1.51,0.61,48,52,1.2,1.2,4813480
Aston Villa,AFC Bournemouth,4,0,2,4 - 0,Finished,Premier League,1.7,1.61,52,48,9.0,9.0,4813475
AVS Futebol SAD,Gil Vicente,1,1,1,1 - 1,Finished,Ligue 1,1.8,2.05,45,55,9.0,9.0,4844251
Borussia Mönchengladbach,1. FC Köln,3,1,2,3 - 1,Finished,Bundesliga,2.98,2.22,36,64,1.2,1.2,4829397
Sunderland,Arsenal,2,2,1,2 - 2,Finished,Premier League,0.44,1.91,35,65,1.2,1.2,4813482
Chelsea,Wolverhampton Wanderers,3,0,2,3 - 0,Finished,Premier League,3.31,0.17,64,36,1.0,1.0,4813477
West Ham United,Burnley,3,2,2,3 - 2,Finished,Premier League,3.02,1.06,43,57,1.2,1.2,4813484
Tondela,Vitoria de Guimaraes,0,1,0,0 - 1,Finished,Ligue 1,1.46,1.33,50,50,1.2025,1.2025,4844259
Everton,Fulham,2,0,2,2 - 0,Finished,Premier League,1.44,0.4,50,50,1.2,1.2,4813479
Hamburger SV,Borussia Dortmund,1,1,1,1 - 1,Finished,Bundesliga,0.57,1.03,45,55,1.2,1.2,4829400
Alverca,Rio Ave,1,1,1,1 - 1,Finished,Ligue 1,1.59,0.69,57,43,5.0,5.0,4844253
Union Berlin,Bayern München,2,2,1,2 - 2,Finished,Bundesliga,0.8,1.41,26,74,1.2025,1.2025,4829403
Tottenham Hotspur,Manchester United,2,2,1,2 - 2,Finished,Premier League,0.92,0.63,55,45,32.0,32.0,4813483
Sunderland,Everton,1,1,1,1 - 1,Finished,Premier League,1.22,0.89,61,39,1.0,1.0,4813472
Gil Vicente,Santa Clara,1,0,2,1 - 0,Finished,Ligue 1,0.61,0.55,37,63,1.0,1.0,4844248
Bayer Leverkusen,FC Heidenheim,6,0,2,6 - 0,Finished,Bundesliga,3.31,0.12,74,26,1.2025,1.2025,4829396
Arouca,Moreirense,0,2,0,0 - 2,Finished,Ligue 1,0.59,0.68,59,41,1.0,1.0,4844244
Estoril,Arouca,4,3,2,4 - 3,Finished,Ligue 1,2.06,1.13,46,54,1.0,1.0,4844258
Werder Bremen,Wolfsburg,2,1,2,2 - 1,Finished,Bundesliga,1.45,0.57,60,40,1.2025,1.2025,4829404
Wolfsburg,Hoffenheim,2,3,0,2 - 3,Finished,Bundesliga,1.54,1.23,48,52,1.0,1.0,4829395
1. FC Köln,Hamburger SV,4,1,2,4 - 1,Finished,Bundesliga,3.72,1.09,48,52,1.0,1.0,4829389
AVS Futebol SAD,Tondela,2,2,1,2 - 2,Finished,Ligue 1,0.92,2.0,55,45,9.0,9.0,4844242
Liverpool,Aston Villa,2,0,2,2 - 0,Finished,Premier League,1.19,0.41,53,47,2025.0,2025.0,4813469
Casa Pia AC,Estrela da Amadora,3,5,0,3 - 5,Finished,Ligue 1,1.07,2.17,56,44,20.0,20.0,4844243
Vitoria de Guimaraes,Benfica,0,3,0,0 - 3,Finished,Ligue 1,0.43,2.13,34,66,2025.0,2025.0,4844250
Tottenham Hotspur,Chelsea,0,1,0,0 - 1,Finished,Premier League,0.1,3.68,48,52,20.0,20.0,4813473
Bayern München,Bayer Leverkusen,3,0,2,3 - 0,Finished,Bundesliga,2.03,0.23,59,41,20.0,20.0,4829388
Rio Ave,Estoril,0,4,0,0 - 4,Finished,Ligue 1,0.17,3.19,41,59,20.0,20.0,4844245
Union Berlin,Freiburg,0,0,1,0 - 0,Finished,Bundesliga,1.16,1.17,37,63,20.0,20.0,4829394
RB Leipzig,VfB Stuttgart,3,1,2,3 - 1,Finished,Bundesliga,2.09,1.49,42,58,20.0,20.0,4829392
Nottingham Forest,Manchester United,2,2,1,2 - 2,Finished,Premier League,1.93,1.12,41,59,20.0,20.0,4813471
Crystal Palace,Brentford,2,0,2,2 - 0,Finished,Premier League,0.7,0.54,36,64,20.0,20.0,4813467
Brighton & Hove Albion,Leeds United,3,0,2,3 - 0,Finished,Premier League,3.07,0.5,50,50,20.0,20.0,4813465
Fulham,Wolverhampton Wanderers,3,0,2,3 - 0,Finished,Premier League,1.39,0.24,63,37,20.0,20.0,4813468
Burnley,Arsenal,0,2,0,0 - 2,Finished,Premier League,0.42,2.42,46,54,20.0,20.0,4813466
FC Heidenheim,Eintracht Frankfurt,1,1,1,1 - 1,Finished,Bundesliga,0.85,0.96,28,72,20.0,20.0,4829390
St. Pauli,Borussia Mönchengladbach,0,4,0,0 - 4,Finished,Bundesliga,0.88,2.32,56,44,20.0,20.0,4829393
Sporting CP,Alverca,2,0,2,2 - 0,Finished,Ligue 1,2.34,0.31,67,33,2025.0,2025.0,4844246
Augsburg,Borussia Dortmund,0,1,0,0 - 1,Finished,Bundesliga,0.83,0.32,47,53,20.0,20.0,4829387
Estrela da Amadora,Rio Ave,1,2,0,1 - 2,Finished,Ligue 1,0.82,0.86,57,43,7.0,7.0,4844234
Santa Clara,AVS Futebol SAD,2,0,2,2 - 0,Finished,Ligue 1,1.88,0.2,60,40,1.0,1.0,4844239
AFC Bournemouth,Nottingham Forest,2,0,2,2 - 0,Finished,Premier League,0.58,0.37,52,48,9.0,9.0,4813455
Tottenham Hotspur,Aston Villa,1,2,0,1 - 2,Finished,Premier League,0.75,0.32,53,47,9.0,9.0,4813453
Mainz 05,Bayer Leverkusen,3,4,0,3 - 4,Finished,Bundesliga,1.66,3.48,42,58,8.0,8.0,4829373
Burnley,Leeds United,2,0,2,2 - 0,Finished,Premier League,0.45,2.63,31,69,8.0,8.0,4813446
1. FC Köln,Augsburg,1,1,1,1 - 1,Finished,Bundesliga,0.58,1.12,56,44,8.0,8.0,4829370
Brighton & Hove Albion,Newcastle United,2,1,2,2 - 1,Finished,Premier League,0.91,1.45,46,54,8.0,8.0,4813445
Wolfsburg,VfB Stuttgart,0,3,0,0 - 3,Finished,Bundesliga,0.32,1.9,41,59,8.0,8.0,4829377
RB Leipzig,Hamburger SV,2,1,2,2 - 1,Finished,Bundesliga,1.06,1.53,47,53,8.0,8.0,4829374
Crystal Palace,AFC Bournemouth,3,3,1,3 - 3,Finished,Premier League,4.44,2.03,52,48,8.0,8.0,4813447
Nottingham Forest,Chelsea,0,3,0,0 - 3,Finished,Premier League,2.35,1.67,50,50,8.0,8.0,4813451
Rio Ave,Tondela,3,0,2,3 - 0,Finished,Ligue 1,2.3,0.85,47,53,5.0,5.0,4844227
Arouca,Famalicao,1,1,1,1 - 1,Finished,Ligue 1,0.72,1.75,46,54,0.2,0.2,4844226
Union Berlin,Borussia Mönchengladbach,3,1,2,3 - 1,Finished,Bundesliga,1.23,0.63,37,63,7.0,7.0,4829376
Borussia Mönchengladbach,Freiburg,0,0,1,0 - 0,Finished,Bundesliga,0.58,0.7,53,47,0.2025,0.2025,4829362
Hamburger SV,Mainz 05,4,0,2,4 - 0,Finished,Bundesliga,1.91,0.67,35,65,0.2,0.2,4829365
Brentford,Manchester City,0,1,0,0 - 1,Finished,Premier League,0.7,0.85,30,70,0.2,0.2,4813438
AVS Futebol SAD,Alverca,1,3,0,1 - 3,Finished,Ligue 1,0.48,1.21,49,51,9.0,9.0,4844224
Vitoria de Guimaraes,Santa Clara,2,1,2,2 - 1,Finished,Ligue 1,1.94,1.12,51,49,1.0,1.0,4844230
Everton,Crystal Palace,2,1,2,2 - 1,Finished,Premier League,2.03,1.53,50,50,0.2,0.2,4813440
Eintracht Frankfurt,Bayern München,0,3,0,0 - 3,Finished,Bundesliga,0.32,1.72,40,60,0.2,0.2,4829364
Chelsea,Liverpool,2,1,2,2 - 1,Finished,Premier League,1.0,1.95,53,47,0.2025,0.2025,4813439
Gil Vicente,Estrela da Amadora,2,0,2,2 - 0,Finished,Ligue 1,2.39,0.88,43,57,743.0,743.0,4844228
Arsenal,West Ham United,2,0,2,2 - 0,Finished,Premier League,2.77,0.49,68,32,0.2,0.2,4813436
AFC Bournemouth,Fulham,3,1,2,3 - 1,Finished,Premier League,1.12,0.88,54,46,9.0,9.0,4813435
Werder Bremen,St. Pauli,1,0,2,1 - 0,Finished,Bundesliga,1.86,0.76,41,59,5.0,5.0,4829368
Borussia Dortmund,RB Leipzig,1,1,1,1 - 1,Finished,Bundesliga,0.89,1.09,50,50,0.2,0.2,4829363
Bayer Leverkusen,Union Berlin,2,0,2,2 - 0,Finished,Bundesliga,2.87,0.74,74,26,0.2025,0.2025,4829361
Leeds United,Tottenham Hotspur,1,2,0,1 - 2,Finished,Premier League,1.68,0.53,56,44,32.0,32.0,4813441
Augsburg,Wolfsburg,3,1,2,3 - 1,Finished,Bundesliga,1.71,1.19,47,53,0.2025,0.2025,4829360
Casa Pia AC,Estoril,2,2,1,2 - 2,Finished,Ligue 1,0.94,1.12,51,49,28.0,28.0,4844225
Union Berlin,Hamburger SV,0,0,1,0 - 0,Finished,Bundesliga,1.37,1.08,34,66,7.0,7.0,4829358
Alverca,Vitoria de Guimaraes,2,0,2,2 - 0,Finished,Ligue 1,1.71,1.24,43,57,7.0,7.0,4844216
Arouca,FC Porto,0,4,0,0 - 4,Finished,Ligue 1,0.67,2.97,47,53,31855351.0,31855351.0,4844217
Everton,West Ham United,1,1,1,1 - 1,Finished,Premier League,0.73,1.19,52,48,34.0,34.0,4813429
Famalicao,Rio Ave,0,0,1,0 - 0,Finished,Ligue 1,2.42,0.49,58,42,5.0,5.0,4844218
Freiburg,Hoffenheim,1,1,1,1 - 1,Finished,Bundesliga,1.31,2.54,42,58,6.0,6.0,4829354
Santa Clara,Tondela,1,2,0,1 - 2,Finished,Ligue 1,2.0,1.53,53,47,1.0,1.0,4844219
Estoril,Sporting CP,0,1,0,0 - 1,Finished,Ligue 1,0.21,1.12,38,62,31.0,31.0,4844215
Crystal Palace,Liverpool,2,1,2,2 - 1,Finished,Premier League,2.92,2.14,28,72,34.0,34.0,4813428
Moreirense,Casa Pia AC,2,1,2,2 - 1,Finished,Ligue 1,0.99,1.7,54,46,28.0,28.0,4844223
Estrela da Amadora,AVS Futebol SAD,3,0,2,3 - 0,Finished,Ligue 1,2.58,0.79,55,45,9.0,9.0,4844222
Tottenham Hotspur,Wolverhampton Wanderers,1,1,1,1 - 1,Finished,Premier League,0.87,1.15,51,49,32.0,32.0,4813434
Borussia Mönchengladbach,Eintracht Frankfurt,4,6,0,4 - 6,Finished,Bundesliga,1.7,2.8,39,61,9.0,9.0,4829352
Chelsea,Brighton & Hove Albion,1,3,0,1 - 3,Finished,Premier League,1.81,2.28,60,40,34.0,34.0,4813427
FC Heidenheim,Augsburg,2,1,2,2 - 1,Finished,Bundesliga,1.24,0.82,48,52,7.0,7.0,4829355
St. Pauli,Bayer Leverkusen,1,2,0,1 - 2,Finished,Bundesliga,0.82,0.69,49,51,5.0,5.0,4829357
Wolfsburg,RB Leipzig,0,1,0,0 - 1,Finished,Bundesliga,3.05,2.41,51,49,7.0,7.0,4829359
Mainz 05,Borussia Dortmund,0,2,0,0 - 2,Finished,Bundesliga,0.48,1.44,49,51,7.0,7.0,4829356
Manchester City,Burnley,5,1,2,5 - 1,Finished,Premier League,2.03,0.41,68,32,6.0,6.0,4813431
Brentford,Manchester United,3,1,2,3 - 1,Finished,Premier League,2.02,2.08,44,56,34.0,34.0,4813426
Benfica,Rio Ave,1,1,1,1 - 1,Finished,Ligue 1,2.57,0.16,69,31,5.0,5.0,4844163
Benfica,Gil Vicente,2,1,2,2 - 1,Finished,Ligue 1,1.27,1.26,47,53,3095.0,3095.0,4844221
Bayern München,Werder Bremen,4,0,2,4 - 0,Finished,Bundesliga,3.46,0.41,59,41,31596272.0,31596272.0,4829351
Arsenal,Manchester City,1,1,1,1 - 1,Finished,Premier League,0.89,0.87,67,33,20.0,20.0,4813416
Sunderland,Aston Villa,1,1,1,1 - 1,Finished,Premier League,1.04,0.78,29,71,34.0,34.0,4813422
Tondela,Estrela da Amadora,0,0,1,0 - 0,Finished,Ligue 1,1.22,1.09,54,46,20.0,20.0,4844209
Gil Vicente,Estoril,2,0,2,2 - 0,Finished,Ligue 1,2.51,0.31,51,49,20.0,20.0,4844208
Casa Pia AC,Famalicao,1,1,1,1 - 1,Finished,Ligue 1,1.1,2.08,53,47,20.0,20.0,4844207
Eintracht Frankfurt,Union Berlin,3,4,0,3 - 4,Finished,Bundesliga,1.9,1.64,78,22,20.0,20.0,4829345
Bayer Leverkusen,Borussia Mönchengladbach,1,1,1,1 - 1,Finished,Bundesliga,1.46,0.81,62,38,20.0,20.0,4829343
AFC Bournemouth,Newcastle United,0,0,1,0 - 0,Finished,Premier League,0.46,0.14,56,44,20.0,20.0,4813415
Borussia Dortmund,Wolfsburg,1,0,2,1 - 0,Finished,Bundesliga,1.1,0.8,56,44,20.0,20.0,4829344
Wolverhampton Wanderers,Leeds United,1,3,0,1 - 3,Finished,Premier League,1.78,0.48,56,44,34.0,34.0,4813424
RB Leipzig,1. FC Köln,3,1,2,3 - 1,Finished,Bundesliga,3.28,1.7,47,53,9.0,9.0,4829348
Manchester United,Chelsea,2,1,2,2 - 1,Finished,Premier League,1.84,0.43,41,59,34.0,34.0,4813421
Santa Clara,Alverca,2,1,2,2 - 1,Finished,Ligue 1,1.89,0.45,55,45,1.0,1.0,4844210
AVS Futebol SAD,Benfica,0,3,0,0 - 3,Finished,Ligue 1,0.88,2.4,37,63,9.0,9.0,4844206
Fulham,Brentford,3,1,2,3 - 1,Finished,Premier League,1.01,0.6,53,47,314613074064.0,314613074064.0,4813419
Arouca,Casa Pia AC,0,2,0,0 - 2,Finished,Ligue 1,0.48,1.36,66,34,4.0,4.0,4844199
Werder Bremen,Freiburg,0,3,0,0 - 3,Finished,Bundesliga,1.22,2.42,62,38,7.0,7.0,4829350
Liverpool,Everton,2,1,2,2 - 1,Finished,Premier League,0.9,0.7,57,43,34.0,34.0,4813420
Augsburg,Mainz 05,1,4,0,1 - 4,Finished,Bundesliga,1.12,2.52,61,39,5.0,5.0,4829342
Braga,Gil Vicente,0,1,0,0 - 1,Finished,Ligue 1,1.42,1.26,64,36,4.0,4.0,4844202
Hamburger SV,FC Heidenheim,2,1,2,2 - 1,Finished,Bundesliga,2.35,2.98,49,51,6.0,6.0,4829346
VfB Stuttgart,St. Pauli,2,0,2,2 - 0,Finished,Bundesliga,2.11,0.95,54,46,9.0,9.0,4829349
Rio Ave,FC Porto,0,3,0,0 - 3,Finished,Ligue 1,0.23,2.03,48,52,9.0,9.0,4844212
Hoffenheim,Bayern München,1,4,0,1 - 4,Finished,Bundesliga,0.85,3.04,38,62,5.0,5.0,4829347
Manchester City,Manchester United,3,0,2,3 - 0,Finished,Premier League,2.63,1.52,45,55,4.0,4.0,4813412
Estrela da Amadora,Vitoria de Guimaraes,0,2,0,0 - 2,Finished,Ligue 1,0.48,1.47,60,40,4.0,4.0,4844197
West Ham United,Tottenham Hotspur,0,3,0,0 - 3,Finished,Premier League,0.6,1.29,36,64,3.0,3.0,4813414
Brentford,Chelsea,2,2,1,2 - 2,Finished,Premier League,1.43,1.25,34,66,3.0,3.0,4813407
Bayern München,Hamburger SV,5,0,2,5 - 0,Finished,Bundesliga,2.54,0.58,70,30,3.0,3.0,4829331
Famalicao,Sporting CP,1,2,0,1 - 2,Finished,Ligue 1,0.92,2.24,43,57,3.0,3.0,4844200
FC Porto,Nacional,1,0,2,1 - 0,Finished,Ligue 1,2.18,0.09,69,31,3.0,3.0,4844205
St. Pauli,Augsburg,2,1,2,2 - 1,Finished,Bundesliga,1.9,0.78,57,43,4.0,4.0,4829338
Burnley,Liverpool,0,1,0,0 - 1,Finished,Premier League,0.13,2.65,19,81,4.0,4.0,4813408
AFC Bournemouth,Brighton & Hove Albion,2,1,2,2 - 1,Finished,Premier League,1.45,0.62,51,49,3.0,3.0,4813405
Crystal Palace,Sunderland,0,0,1,0 - 0,Finished,Premier League,1.77,0.36,56,44,3.0,3.0,4813409
Estoril,AVS Futebol SAD,3,1,2,3 - 1,Finished,Ligue 1,1.97,0.92,50,50,3.0,3.0,4844204
Newcastle United,Wolverhampton Wanderers,1,0,2,1 - 0,Finished,Premier League,1.55,0.5,57,43,3.0,3.0,4813413
Union Berlin,Hoffenheim,2,4,0,2 - 4,Finished,Bundesliga,2.59,2.76,42,58,3.0,3.0,4829337
Wolfsburg,1. FC Köln,3,3,1,3 - 3,Finished,Bundesliga,1.5,1.65,56,44,3.0,3.0,4829336
FC Heidenheim,Borussia Dortmund,0,2,0,0 - 2,Finished,Bundesliga,0.4,2.76,25,75,3.0,3.0,4829339
Fulham,Leeds United,1,0,2,1 - 0,Finished,Premier League,0.85,0.79,54,46,3.0,3.0,4813411
Everton,Aston Villa,0,0,1,0 - 0,Finished,Premier League,2.08,0.54,48,52,3.0,3.0,4813410
Aston Villa,Crystal Palace,0,3,0,0 - 3,Finished,Premier League,1.14,2.65,58,42,20.0,20.0,4813395
Santa Clara,Estrela da Amadora,0,0,1,0 - 0,Finished,Ligue 1,0.98,0.14,55,45,20.0,20.0,4844192
Estoril,Santa Clara,0,1,0,0 - 1,Finished,Ligue 1,0.79,2.11,60,40,1.0,1.0,4844186
Arsenal,Nottingham Forest,3,0,2,3 - 0,Finished,Premier League,1.84,0.2,54,46,3.0,3.0,4813406
Benfica,Santa Clara,1,1,1,1 - 1,Finished,Ligue 1,1.62,1.02,78,22,2.0,2.0,4844203
Bayer Leverkusen,Eintracht Frankfurt,3,1,2,3 - 1,Finished,Bundesliga,2.11,0.65,39,61,2.0,2.0,4829332
Alverca,Tondela,1,0,2,1 - 0,Finished,Ligue 1,1.65,2.36,49,51,2.0,2.0,4844198
Rio Ave,Braga,2,2,1,2 - 2,Finished,Ligue 1,1.05,2.2,28,72,20.0,20.0,4844196
Freiburg,VfB Stuttgart,3,1,2,3 - 1,Finished,Bundesliga,1.55,0.53,46,54,3.0,3.0,4829333
Nottingham Forest,West Ham United,0,3,0,0 - 3,Finished,Premier League,0.73,2.42,58,42,20.0,20.0,4813401
Brighton & Hove Albion,Manchester City,2,1,2,2 - 1,Finished,Premier League,2.3,1.82,36,64,20.0,20.0,4813396
Borussia Dortmund,Union Berlin,3,0,2,3 - 0,Finished,Bundesliga,2.51,1.14,65,35,20.0,20.0,4829240
Tondela,Estoril,2,2,1,2 - 2,Finished,Ligue 1,2.87,1.85,51,49,20.0,20.0,4844193
Sporting CP,FC Porto,1,2,0,1 - 2,Finished,Ligue 1,1.02,1.54,59,41,32.0,32.0,4844195
Alverca,Benfica,1,2,0,1 - 2,Finished,Ligue 1,0.81,1.03,47,53,20.0,20.0,4844190
AVS Futebol SAD,Famalicao,0,1,0,0 - 1,Finished,Ligue 1,0.66,0.79,45,55,9.0,9.0,4844188
Wolfsburg,Mainz 05,1,1,1,1 - 1,Finished,Bundesliga,0.62,1.95,40,60,20.0,20.0,4829244
Liverpool,Arsenal,1,0,2,1 - 0,Finished,Premier League,0.52,0.49,53,47,20.0,20.0,4813399
Sunderland,Brentford,2,1,2,2 - 1,Finished,Premier League,1.54,1.2,54,46,7.0,7.0,4813402
Tottenham Hotspur,AFC Bournemouth,0,1,0,0 - 1,Finished,Premier League,0.19,1.59,61,39,9.0,9.0,4813403
Werder Bremen,Bayer Leverkusen,3,3,1,3 - 3,Finished,Bundesliga,2.59,2.1,45,55,6.0,6.0,4829242
Augsburg,Bayern München,2,3,0,2 - 3,Finished,Bundesliga,0.51,4.24,42,58,9.0,9.0,4829245
Casa Pia AC,Nacional,0,2,0,0 - 2,Finished,Ligue 1,0.66,1.27,62,38,28.0,28.0,4844189
RB Leipzig,FC Heidenheim,2,0,2,2 - 0,Finished,Bundesliga,2.23,1.02,66,34,6.0,6.0,4829241
Wolverhampton Wanderers,Everton,2,3,0,2 - 3,Finished,Premier League,1.11,1.93,58,42,6.0,6.0,4813404
Borussia Mönchengladbach,Hamburger SV,0,0,1,0 - 0,Finished,Bundesliga,1.1,0.41,61,39,7.0,7.0,4829225
Gil Vicente,Moreirense,2,0,2,2 - 0,Finished,Ligue 1,0.86,0.73,46,54,7.0,7.0,4844191
Hamburger SV,St. Pauli,0,2,0,0 - 2,Finished,Bundesliga,0.35,1.44,48,52,5.0,5.0,4829248
Chelsea,Fulham,2,0,2,2 - 0,Finished,Premier League,2.35,1.02,54,46,4.0,4.0,4813397
Hoffenheim,Eintracht Frankfurt,1,3,0,1 - 3,Finished,Bundesliga,1.37,1.56,58,42,7.0,7.0,4829246
Estrela da Amadora,Alverca,2,2,1,2 - 2,Finished,Ligue 1,2.6,1.08,56,44,743.0,743.0,4844185
FC Porto,Casa Pia AC,4,0,2,4 - 0,Finished,Ligue 1,2.28,0.21,65,35,28.0,28.0,4844184
Arouca,Rio Ave,3,3,1,3 - 3,Finished,Ligue 1,0.65,1.54,56,44,5.0,5.0,4844180
St. Pauli,Borussia Dortmund,3,3,1,3 - 3,Finished,Bundesliga,1.29,1.56,51,49,5.0,5.0,4829227
Benfica,Tondela,3,0,2,3 - 0,Finished,Ligue 1,2.96,0.47,66,34,3.0,3.0,4844182
Mainz 05,1. FC Köln,0,1,0,0 - 1,Finished,Bundesliga,1.52,1.36,51,49,303313290.0,303313290.0,4829224
Arsenal,Leeds United,5,0,2,5 - 0,Finished,Premier League,2.88,0.17,68,32,302649834.0,302649834.0,4813386
Famalicao,Gil Vicente,0,0,1,0 - 0,Finished,Ligue 1,0.51,1.44,45,55,8.0,8.0,4844181
Burnley,Sunderland,2,0,2,2 - 0,Finished,Premier League,1.0,0.77,42,58,6.0,6.0,4813388
Manchester City,Tottenham Hotspur,0,2,0,0 - 2,Finished,Premier League,1.55,1.11,61,39,32.0,32.0,4813392
FC Heidenheim,Wolfsburg,1,3,0,1 - 3,Finished,Bundesliga,0.72,2.45,49,51,5.0,5.0,4829228
AFC Bournemouth,Wolverhampton Wanderers,1,0,2,1 - 0,Finished,Premier League,1.29,0.46,59,41,9.0,9.0,4813385
Eintracht Frankfurt,Werder Bremen,4,1,2,4 - 1,Finished,Bundesliga,2.74,0.53,53,47,6.0,6.0,4829222
Bayer Leverkusen,Hoffenheim,1,2,0,1 - 2,Finished,Bundesliga,0.71,0.45,60,40,6.0,6.0,4829221
Freiburg,Augsburg,1,3,0,1 - 3,Finished,Bundesliga,2.6,1.34,60,40,5.0,5.0,4829223
Bayern München,RB Leipzig,6,0,2,6 - 0,Finished,Bundesliga,1.72,0.54,63,37,2.0,2.0,4824901
Santa Clara,Moreirense,0,1,0,0 - 1,Finished,Ligue 1,0.63,1.52,58,42,7.0,7.0,4844173
Manchester United,Arsenal,0,1,0,0 - 1,Finished,Premier League,1.52,1.31,61,39,7.0,7.0,4813382
Gil Vicente,FC Porto,0,2,0,0 - 2,Finished,Ligue 1,1.04,1.73,41,59,8.0,8.0,4844172
Chelsea,Crystal Palace,0,0,1,0 - 0,Finished,Premier League,1.6,0.66,72,28,7.0,7.0,4813381
Leeds United,Everton,1,0,2,1 - 0,Finished,Premier League,2.13,0.8,54,46,8.0,8.0,4813383
Sporting CP,Arouca,6,0,2,6 - 0,Finished,Ligue 1,3.05,0.22,57,43,7.0,7.0,4844176
Alverca,Braga,0,3,0,0 - 3,Finished,Ligue 1,2.21,1.5,33,67,7.0,7.0,4844171
Rio Ave,Nacional,1,1,1,1 - 1,Finished,Ligue 1,1.37,0.88,62,38,7.0,7.0,4844174
Brighton & Hove Albion,Fulham,1,1,1,1 - 1,Finished,Premier League,1.48,0.76,50,50,6.0,6.0,4813376
Tottenham Hotspur,Burnley,3,0,2,3 - 0,Finished,Premier League,2.32,0.94,67,33,6.0,6.0,4813379
Aston Villa,Newcastle United,0,0,1,0 - 0,Finished,Premier League,0.2,1.43,40,60,6.0,6.0,4813375
Vitoria de Guimaraes,Estoril,3,2,2,3 - 2,Finished,Ligue 1,1.88,0.94,55,45,6.0,6.0,4844175
Sunderland,West Ham United,3,0,2,3 - 0,Finished,Premier League,0.75,0.56,37,63,6.0,6.0,4813378
Liverpool,AFC Bournemouth,4,2,2,4 - 2,Finished,Premier League,2.21,1.7,61,39,5.0,5.0,4813374
Tondela,Famalicao,0,1,0,0 - 1,Finished,Ligue 1,1.08,1.08,49,51,6.0,6.0,4844177
Wolverhampton Wanderers,Manchester City,0,4,0,0 - 4,Finished,Premier League,0.56,2.47,42,58,6.0,6.0,4813380
Estrela da Amadora,Benfica,0,1,0,0 - 1,Finished,Ligue 1,1.41,2.41,43,57,6.0,6.0,4844178
Arsenal,Wolverhampton Wanderers,2,1,2,2 - 1,Finished,Premier League,1.13,0.38,69,31,35.0,35.0,4813525
Manchester City,Sunderland,3,0,2,3 - 0,Finished,Premier League,2.42,0.71,64,36,35.0,35.0,4813521
Hamburger SV,Werder Bremen,3,2,2,3 - 2,Finished,Bundesliga,1.31,0.71,54,46,2.2,2.2,4829426
Arouca,Braga,0,4,0,0 - 4,Finished,Ligue 1,0.06,2.84,16,84,2025.0,2025.0,4844260
Bayern München,Freiburg,6,2,2,6 - 2,Finished,Bundesliga,3.03,0.57,72,28,1.0,1.0,4829406
Manchester City,Leeds United,3,2,2,3 - 2,Finished,Premier League,3.1,1.54,62,38,1.0,1.0,4813500
Hoffenheim,RB Leipzig,3,1,2,3 - 1,Finished,Bundesliga,1.82,1.81,49,51,1.2,1.2,4829401
Manchester City,AFC Bournemouth,3,1,2,3 - 1,Finished,Premier League,2.22,0.72,48,52,9.0,9.0,4813470
Santa Clara,Sporting CP,1,2,0,1 - 2,Finished,Ligue 1,0.58,1.25,26,74,1.0,1.0,4844255
Mainz 05,Werder Bremen,1,1,1,1 - 1,Finished,Bundesliga,1.42,1.04,47,53,20.0,20.0,4829391
FC Heidenheim,Werder Bremen,2,2,1,2 - 2,Finished,Bundesliga,3.26,1.31,55,45,8.0,8.0,4829372
Hoffenheim,1. FC Köln,0,1,0,0 - 1,Finished,Bundesliga,1.12,0.94,61,39,0.2025,0.2025,4829366
Leeds United,AFC Bournemouth,2,2,1,2 - 2,Finished,Premier League,1.84,0.82,41,59,9.0,9.0,4813430
West Ham United,Crystal Palace,1,2,0,1 - 2,Finished,Premier League,0.66,2.31,57,43,34.0,34.0,4813423
Aston Villa,Fulham,3,1,2,3 - 1,Finished,Premier League,1.11,0.92,48,52,34.0,34.0,4813425
Sporting CP,Moreirense,3,0,2,3 - 0,Finished,Ligue 1,5.01,0.16,61,39,314774376.0,314774376.0,4844213
Mainz 05,RB Leipzig,0,1,0,0 - 1,Finished,Bundesliga,0.9,1.79,56,44,3.0,3.0,4829334
Vitoria de Guimaraes,Arouca,1,1,1,1 - 1,Finished,Ligue 1,0.35,0.46,54,46,9.0,9.0,4844194
Moreirense,Rio Ave,3,1,2,3 - 1,Finished,Ligue 1,2.25,1.17,54,46,3.0,3.0,4844201
1. FC Köln,Freiburg,4,1,2,4 - 1,Finished,Bundesliga,2.11,0.91,39,61,20.0,20.0,4829247
Aston Villa,Arsenal,2,1,2,2 - 1,Finished,Premier League,2.16,1.92,47,53,,,4813516
Alverca,Nacional,1,0,2,1 - 0,Finished,Ligue 1,1.9,0.96,50,50,,,4844271
Brighton & Hove Albion,West Ham United,1,1,1,1 - 1,Finished,Premier League,1.87,1.14,68,32,,,4813517
Famalicao,Braga,1,2,0,1 - 2,Finished,Ligue 1,1.4,2.76,43,57,,,4844277
Everton,Nottingham Forest,3,0,2,3 - 0,Finished,Premier League,1.12,0.53,41,59,,,4813518
Brighton & Hove Albion,Aston Villa,3,4,0,3 - 4,Finished,Premier League,2.21,2.41,56,44,,,4813507
VfB Stuttgart,Bayern München,0,5,0,0 - 5,Finished,Bundesliga,0.88,3.54,41,59,,,4829430
Newcastle United,Chelsea,2,2,1,2 - 2,Finished,Premier League,2.26,1.25,47,53,,,4813542
Manchester United,West Ham United,1,1,1,1 - 1,Finished,Premier League,1.8,0.79,65,35,,,4813512
Aston Villa,Wolverhampton Wanderers,1,0,2,1 - 0,Finished,Premier League,0.94,0.49,52,48,,,4813495
Everton,Newcastle United,1,4,0,1 - 4,Finished,Premier League,0.99,1.91,49,51,,,4813499
Nottingham Forest,Brighton & Hove Albion,0,2,0,0 - 2,Finished,Premier League,0.89,2.0,52,48,,,4813501
Crystal Palace,Manchester United,1,2,0,1 - 2,Finished,Premier League,1.83,1.19,44,56,,,4813498
Nacional,Benfica,1,2,0,1 - 2,Finished,Ligue 1,0.39,2.4,30,70,,,4844268
Hamburger SV,VfB Stuttgart,2,1,2,2 - 1,Finished,Bundesliga,0.98,0.75,34,66,,,4829419
Manchester United,Everton,0,1,0,0 - 1,Finished,Premier League,1.71,0.21,70,30,,,4813492
Newcastle United,Manchester City,2,1,2,2 - 1,Finished,Premier League,2.24,2.49,33,67,,,4813493
Leeds United,Aston Villa,1,2,0,1 - 2,Finished,Premier League,1.79,1.58,48,52,,,4813490
FC Porto,Braga,2,1,2,2 - 1,Finished,Ligue 1,0.93,0.91,31,69,,,4844249
Crystal Palace,Brighton & Hove Albion,0,0,1,0 - 0,Finished,Premier League,0.75,0.39,42,58,,,4813478
Braga,Moreirense,2,1,2,2 - 1,Finished,Ligue 1,2.22,0.83,53,47,,,4844256
Brentford,Newcastle United,3,1,2,3 - 1,Finished,Premier League,2.35,0.44,49,51,,,4813476
VfB Stuttgart,Augsburg,3,2,2,3 - 2,Finished,Bundesliga,2.35,1.93,62,38,,,4829402
Borussia Dortmund,VfB Stuttgart,3,3,1,3 - 3,Finished,Bundesliga,2.99,1.55,46,54,,,4829407
Nottingham Forest,Leeds United,3,1,2,3 - 1,Finished,Premier League,2.55,0.69,46,54,,,4813481
Liverpool,Nottingham Forest,0,3,0,0 - 3,Finished,Premier League,1.93,1.58,74,26,,,4813491
Famalicao,FC Porto,0,1,0,0 - 1,Finished,Ligue 1,0.27,1.24,46,54,1.2,1.2,4844254
VfB Stuttgart,Mainz 05,2,1,2,2 - 1,Finished,Bundesliga,1.94,1.45,59,41,,,4829385
Moreirense,FC Porto,1,2,0,1 - 2,Finished,Ligue 1,0.27,1.87,39,61,,,4844237
Tondela,Sporting CP,0,3,0,0 - 3,Finished,Ligue 1,0.37,2.48,34,66,,,4844241
Nacional,Famalicao,0,1,0,0 - 1,Finished,Ligue 1,0.39,1.62,44,56,20.0,20.0,4844247
Famalicao,Vitoria de Guimaraes,2,0,2,2 - 0,Finished,Ligue 1,1.68,0.5,50,50,,,4844236
Everton,Tottenham Hotspur,0,3,0,0 - 3,Finished,Premier League,1.74,1.72,54,46,,,4813460
Braga,Casa Pia AC,4,0,2,4 - 0,Finished,Ligue 1,2.61,0.21,61,39,,,4844238
Bayer Leverkusen,Freiburg,2,0,2,2 - 0,Finished,Bundesliga,1.71,0.72,69,31,,,4829379
Estoril,Nacional,1,1,1,1 - 1,Finished,Ligue 1,1.74,1.47,59,41,,,4844233
Brentford,Liverpool,3,2,2,3 - 2,Finished,Premier League,2.75,2.3,34,66,,,4813458
Hoffenheim,FC Heidenheim,3,1,2,3 - 1,Finished,Bundesliga,2.37,1.11,60,40,,,4829384
Chelsea,Sunderland,1,2,0,1 - 2,Finished,Premier League,0.89,1.31,68,32,,,4813459
Newcastle United,Fulham,2,1,2,2 - 1,Finished,Premier League,2.14,1.53,51,49,,,4813463
Arsenal,Crystal Palace,1,0,2,1 - 0,Finished,Premier League,0.92,0.45,60,40,,,4813456
Manchester United,Brighton & Hove Albion,4,2,2,4 - 2,Finished,Premier League,1.29,1.12,44,56,,,4813462
Borussia Dortmund,1. FC Köln,1,0,2,1 - 0,Finished,Bundesliga,1.9,0.39,70,30,,,4829381
Benfica,Arouca,5,0,2,5 - 0,Finished,Ligue 1,3.84,0.44,53,47,,,4844240
Borussia Mönchengladbach,Bayern München,0,3,0,0 - 3,Finished,Bundesliga,0.79,3.97,17,83,,,4829380
Wolverhampton Wanderers,Burnley,2,3,0,2 - 3,Finished,Premier League,2.28,1.43,57,43,,,4813464
VfB Stuttgart,FC Heidenheim,1,0,2,1 - 0,Finished,Bundesliga,0.99,0.38,64,36,,,4829367
Sporting CP,Braga,1,1,1,1 - 1,Finished,Ligue 1,1.43,1.31,44,56,,,4844231
Leeds United,West Ham United,2,1,2,2 - 1,Finished,Premier League,1.49,0.65,41,59,,,4813461
Hamburger SV,Wolfsburg,0,1,0,0 - 1,Finished,Bundesliga,2.77,0.37,61,39,,,4829383
Eintracht Frankfurt,St. Pauli,2,0,2,2 - 0,Finished,Bundesliga,2.26,0.39,51,49,,,4829382
West Ham United,Brentford,0,2,0,0 - 2,Finished,Premier League,0.35,2.37,44,56,,,4813454
Augsburg,RB Leipzig,0,6,0,0 - 6,Finished,Bundesliga,0.73,2.77,50,50,,,4829378
Werder Bremen,Union Berlin,1,0,2,1 - 0,Finished,Bundesliga,0.95,0.58,58,42,,,4829386
Alverca,Gil Vicente,0,4,0,0 - 4,Finished,Ligue 1,1.47,1.62,56,44,,,4844235
FC Porto,Benfica,0,0,1,0 - 0,Finished,Ligue 1,0.68,0.12,51,49,,,4844232
1. FC Köln,VfB Stuttgart,1,2,0,1 - 2,Finished,Bundesliga,1.08,1.87,43,57,,,4829353
Aston Villa,Burnley,2,1,2,2 - 1,Finished,Premier League,1.16,0.4,55,45,,,4813437
Nottingham Forest,Sunderland,0,1,0,0 - 1,Finished,Premier League,1.68,1.66,65,35,,,4813433
Manchester United,Sunderland,2,0,2,2 - 0,Finished,Premier League,1.84,0.71,50,50,,,4813442
Braga,Nacional,0,1,0,0 - 1,Finished,Ligue 1,0.61,1.77,60,40,,,4844220
Newcastle United,Arsenal,1,2,0,1 - 2,Finished,Premier League,0.61,2.04,37,63,,,4813432
Nacional,Moreirense,3,2,2,3 - 2,Finished,Ligue 1,2.64,1.97,58,42,,,4844229
Wolverhampton Wanderers,Brighton & Hove Albion,1,1,1,1 - 1,Finished,Premier League,0.56,0.92,42,58,,,4813444
Newcastle United,Nottingham Forest,2,0,2,2 - 0,Finished,Premier League,3.45,0.3,51,49,,,4813443
Burnley,Nottingham Forest,1,1,1,1 - 1,Finished,Premier League,0.85,1.1,37,63,,,4813418
Brighton & Hove Albion,Tottenham Hotspur,2,2,1,2 - 2,Finished,Premier League,1.32,1.22,36,64,,,4813417
Leeds United,Newcastle United,0,0,1,0 - 0,Finished,Premier League,0.69,0.46,43,57,,,4813398
Braga,AVS Futebol SAD,2,2,1,2 - 2,Finished,Ligue 1,2.08,0.51,76,24,,,4844183
VfB Stuttgart,Borussia Mönchengladbach,1,0,2,1 - 0,Finished,Bundesliga,0.84,1.82,51,49,,,4829243
Newcastle United,Liverpool,2,3,0,2 - 3,Finished,Premier League,0.98,0.69,38,62,,,4813393
Manchester United,Burnley,3,2,2,3 - 2,Finished,Premier League,3.63,1.2,62,38,,,4813400
Nacional,Arouca,1,2,0,1 - 2,Finished,Ligue 1,2.7,1.22,58,42,,,4844211
Borussia Mönchengladbach,Werder Bremen,0,4,0,0 - 4,Finished,Bundesliga,1.48,2.09,55,45,4.0,4.0,4829335
Union Berlin,VfB Stuttgart,2,1,2,2 - 1,Finished,Bundesliga,0.34,1.73,25,75,,,4829226
Brentford,Aston Villa,1,0,2,1 - 0,Finished,Premier League,1.21,1.19,24,76,,,4813387
Everton,Brighton & Hove Albion,2,0,2,2 - 0,Finished,Premier League,1.6,2.43,42,58,,,4813390
Nacional,Sporting CP,1,4,0,1 - 4,Finished,Ligue 1,0.66,2.59,26,74,,,4844179
Moreirense,Vitoria de Guimaraes,2,0,2,2 - 0,Finished,Ligue 1,1.54,0.29,48,52,30.0,30.0,4844187
West Ham United,Chelsea,1,5,0,1 - 5,Finished,Premier League,0.73,2.74,41,59,5.0,5.0,4813394
Crystal Palace,Nottingham Forest,1,1,1,1 - 1,Finished,Premier League,1.1,0.93,42,58,,,4813389
AVS Futebol SAD,Casa Pia AC,0,2,0,0 - 2,Finished,Ligue 1,1.24,1.5,51,49,5.0,5.0,4844170
Nottingham Forest,Brentford,3,1,2,3 - 1,Finished,Premier League,1.83,1.49,54,46,7.0,7.0,4813377
Casa Pia AC,Sporting CP,0,2,0,0 - 2,Finished,Ligue 1,0.43,2.85,33,67,28.0,28.0,4844161
Braga,Tondela,3,0,2,3 - 0,Finished,Ligue 1,1.98,0.78,68,32,,,4844162
Moreirense,Alverca,2,1,2,2 - 1,Finished,Ligue 1,0.93,0.97,58,42,,,4844166
Famalicao,Santa Clara,3,0,2,3 - 0,Finished,Ligue 1,1.01,0.36,46,54,,,4844168
Arouca,AVS Futebol SAD,3,1,2,3 - 1,Finished,Ligue 1,1.1,1.13,53,47,9.0,9.0,4844164
Estoril,Estrela da Amadora,1,1,1,1 - 1,Finished,Ligue 1,0.67,1.37,65,35,1.0,1.0,4844165
Nacional,Gil Vicente,0,2,0,0 - 2,Finished,Ligue 1,0.79,0.62,60,40,,,4844167
Aston Villa,Manchester City,1,0,2,1 - 0,Finished,Premier League,0.81,1.18,47,53,,,4813457
Fulham,Manchester United,1,1,1,1 - 1,Finished,Premier League,1.76,1.63,52,48,,,4813391
Vitoria de Guimaraes,Braga,1,1,1,1 - 1,Finished,Ligue 1,1.33,1.32,38,62,,,4844214
Brighton & Hove Albion,Brentford,2,1,2,2 - 1,Finished,Premier League,1.22,1.91,64,36,,,4813487
West Ham United,Newcastle United,3,1,2,3 - 1,Finished,Premier League,1.75,0.52,37,63,,,4813474
Wolverhampton Wanderers,Nottingham Forest,0,1,0,0 - 1,Finished,Premier League,0.91,0.74,50,50,,,4813514
FC Porto,Vitoria de Guimaraes,3,0,2,3 - 0,Finished,Ligue 1,2.68,0.54,50,50,1.0,1.0,4844169
