match_id,external_id,home_team,away_team,match_date,home_score,away_score,actual_result,round_name,stage_name,status,venue,league_name,season_id,is_finished,collection_date
4813374,4813374,Liverpool,AFC Bournemouth,2025-08-15T19:00:00Z,4,2,H,1,Premier League,,,Premier League,23032,True,2025-12-25T09:23:06.562658+00:00
4813375,4813375,Aston Villa,Newcastle United,2025-08-16T11:30:00Z,0,0,D,1,Premier League,,,Premier League,23032,True,2025-12-25T09:23:06.562680+00:00
4813376,4813376,Brighton & Hove Albion,Fulham,2025-08-16T14:00:00Z,1,1,D,1,Premier League,,,Premier League,23032,True,2025-12-25T09:23:06.562684+00:00
4813378,4813378,Sunderland,West Ham United,2025-08-16T14:00:00Z,3,0,H,1,Premier League,,,Premier League,23032,True,2025-12-25T09:23:06.562687+00:00
4813379,4813379,Tottenham Hotspur,Burnley,2025-08-16T14:00:00Z,3,0,H,1,Premier League,,,Premier League,23032,True,2025-12-25T09:23:06.562690+00:00
4813380,4813380,Wolverhampton Wanderers,Manchester City,2025-08-16T16:30:00Z,0,4,A,1,Premier League,,,Premier League,23032,True,2025-12-25T09:23:06.562692+00:00
4813381,4813381,Chelsea,Crystal Palace,2025-08-17T13:00:00Z,0,0,D,1,Premier League,,,Premier League,23032,True,2025-12-25T09:23:06.562700+00:00
4813377,4813377,Nottingham Forest,Brentford,2025-08-17T13:00:00Z,3,1,H,1,Premier League,,,Premier League,23032,True,2025-12-25T09:23:06.562708+00:00
4813382,4813382,Manchester United,Arsenal,2025-08-17T15:30:00Z,0,1,A,1,Premier League,,,Premier League,23032,True,2025-12-25T09:23:06.562711+00:00
4813383,4813383,Leeds United,Everton,2025-08-18T19:00:00Z,1,0,H,1,Premier League,,,Premier League,23032,True,2025-12-25T09:23:06.562714+00:00
4813394,4813394,West Ham United,Chelsea,2025-08-22T19:00:00Z,1,5,A,2,Premier League,,,Premier League,23032,True,2025-12-25T09:23:06.562716+00:00
4813392,4813392,Manchester City,Tottenham Hotspur,2025-08-23T11:30:00Z,0,2,A,2,Premier League,,,Premier League,23032,True,2025-12-25T09:23:06.562718+00:00
4813385,4813385,AFC Bournemouth,Wolverhampton Wanderers,2025-08-23T14:00:00Z,1,0,H,2,Premier League,,,Premier League,23032,True,2025-12-25T09:23:06.562720+00:00
4813387,4813387,Brentford,Aston Villa,2025-08-23T14:00:00Z,1,0,H,2,Premier League,,,Premier League,23032,True,2025-12-25T09:23:06.562722+00:00
4813388,4813388,Burnley,Sunderland,2025-08-23T14:00:00Z,2,0,H,2,Premier League,,,Premier League,23032,True,2025-12-25T09:23:06.562724+00:00
4813386,4813386,Arsenal,Leeds United,2025-08-23T16:30:00Z,5,0,H,2,Premier League,,,Premier League,23032,True,2025-12-25T09:23:06.562726+00:00
4813389,4813389,Crystal Palace,Nottingham Forest,2025-08-24T13:00:00Z,1,1,D,2,Premier League,,,Premier League,23032,True,2025-12-25T09:23:06.562728+00:00
4813390,4813390,Everton,Brighton & Hove Albion,2025-08-24T13:00:00Z,2,0,H,2,Premier League,,,Premier League,23032,True,2025-12-25T09:23:06.562730+00:00
4813391,4813391,Fulham,Manchester United,2025-08-24T15:30:00Z,1,1,D,2,Premier League,,,Premier League,23032,True,2025-12-25T09:23:06.562733+00:00
4813393,4813393,Newcastle United,Liverpool,2025-08-25T19:00:00Z,2,3,A,2,Premier League,,,Premier League,23032,True,2025-12-25T09:23:06.562735+00:00
4813397,4813397,Chelsea,Fulham,2025-08-30T11:30:00Z,2,0,H,3,Premier League,,,Premier League,23032,True,2025-12-25T09:23:06.562737+00:00
4813400,4813400,Manchester United,Burnley,2025-08-30T14:00:00Z,3,2,H,3,Premier League,,,Premier League,23032,True,2025-12-25T09:23:06.562739+00:00
4813402,4813402,Sunderland,Brentford,2025-08-30T14:00:00Z,2,1,H,3,Premier League,,,Premier League,23032,True,2025-12-25T09:23:06.562740+00:00
4813403,4813403,Tottenham Hotspur,AFC Bournemouth,2025-08-30T14:00:00Z,0,1,A,3,Premier League,,,Premier League,23032,True,2025-12-25T09:23:06.562742+00:00
4813404,4813404,Wolverhampton Wanderers,Everton,2025-08-30T14:00:00Z,2,3,A,3,Premier League,,,Premier League,23032,True,2025-12-25T09:23:06.562744+00:00
4813398,4813398,Leeds United,Newcastle United,2025-08-30T16:30:00Z,0,0,D,3,Premier League,,,Premier League,23032,True,2025-12-25T09:23:06.562746+00:00
4813396,4813396,Brighton & Hove Albion,Manchester City,2025-08-31T13:00:00Z,2,1,H,3,Premier League,,,Premier League,23032,True,2025-12-25T09:23:06.562749+00:00
4813401,4813401,Nottingham Forest,West Ham United,2025-08-31T13:00:00Z,0,3,A,3,Premier League,,,Premier League,23032,True,2025-12-25T09:23:06.562751+00:00
4813399,4813399,Liverpool,Arsenal,2025-08-31T15:30:00Z,1,0,H,3,Premier League,,,Premier League,23032,True,2025-12-25T09:23:06.562753+00:00
4813395,4813395,Aston Villa,Crystal Palace,2025-08-31T18:00:00Z,0,3,A,3,Premier League,,,Premier League,23032,True,2025-12-25T09:23:06.562755+00:00
4813406,4813406,Arsenal,Nottingham Forest,2025-09-13T11:30:00Z,3,0,H,4,Premier League,,,Premier League,23032,True,2025-12-25T09:23:06.562757+00:00
4813405,4813405,AFC Bournemouth,Brighton & Hove Albion,2025-09-13T14:00:00Z,2,1,H,4,Premier League,,,Premier League,23032,True,2025-12-25T09:23:06.562759+00:00
4813409,4813409,Crystal Palace,Sunderland,2025-09-13T14:00:00Z,0,0,D,4,Premier League,,,Premier League,23032,True,2025-12-25T09:23:06.562761+00:00
4813410,4813410,Everton,Aston Villa,2025-09-13T14:00:00Z,0,0,D,4,Premier League,,,Premier League,23032,True,2025-12-25T09:23:06.562763+00:00
4813411,4813411,Fulham,Leeds United,2025-09-13T14:00:00Z,1,0,H,4,Premier League,,,Premier League,23032,True,2025-12-25T09:23:06.562765+00:00
4813413,4813413,Newcastle United,Wolverhampton Wanderers,2025-09-13T14:00:00Z,1,0,H,4,Premier League,,,Premier League,23032,True,2025-12-25T09:23:06.562767+00:00
4813414,4813414,West Ham United,Tottenham Hotspur,2025-09-13T16:30:00Z,0,3,A,4,Premier League,,,Premier League,23032,True,2025-12-25T09:23:06.562770+00:00
4813407,4813407,Brentford,Chelsea,2025-09-13T19:00:00Z,2,2,D,4,Premier League,,,Premier League,23032,True,2025-12-25T09:23:06.562772+00:00
4813408,4813408,Burnley,Liverpool,2025-09-14T13:00:00Z,0,1,A,4,Premier League,,,Premier League,23032,True,2025-12-25T09:23:06.562774+00:00
4813412,4813412,Manchester City,Manchester United,2025-09-14T15:30:00Z,3,0,H,4,Premier League,,,Premier League,23032,True,2025-12-25T09:23:06.562775+00:00
4813420,4813420,Liverpool,Everton,2025-09-20T11:30:00Z,2,1,H,5,Premier League,,,Premier League,23032,True,2025-12-25T09:23:06.562777+00:00
4813417,4813417,Brighton & Hove Albion,Tottenham Hotspur,2025-09-20T14:00:00Z,2,2,D,5,Premier League,,,Premier League,23032,True,2025-12-25T09:23:06.562779+00:00
4813418,4813418,Burnley,Nottingham Forest,2025-09-20T14:00:00Z,1,1,D,5,Premier League,,,Premier League,23032,True,2025-12-25T09:23:06.562781+00:00
4813423,4813423,West Ham United,Crystal Palace,2025-09-20T14:00:00Z,1,2,A,5,Premier League,,,Premier League,23032,True,2025-12-25T09:23:06.562783+00:00
4813424,4813424,Wolverhampton Wanderers,Leeds United,2025-09-20T14:00:00Z,1,3,A,5,Premier League,,,Premier League,23032,True,2025-12-25T09:23:06.562784+00:00
4813421,4813421,Manchester United,Chelsea,2025-09-20T16:30:00Z,2,1,H,5,Premier League,,,Premier League,23032,True,2025-12-25T09:23:06.562786+00:00
4813419,4813419,Fulham,Brentford,2025-09-20T19:00:00Z,3,1,H,5,Premier League,,,Premier League,23032,True,2025-12-25T09:23:06.562789+00:00
4813415,4813415,AFC Bournemouth,Newcastle United,2025-09-21T13:00:00Z,0,0,D,5,Premier League,,,Premier League,23032,True,2025-12-25T09:23:06.562790+00:00
4813422,4813422,Sunderland,Aston Villa,2025-09-21T13:00:00Z,1,1,D,5,Premier League,,,Premier League,23032,True,2025-12-25T09:23:06.562793+00:00
4813416,4813416,Arsenal,Manchester City,2025-09-21T15:30:00Z,1,1,D,5,Premier League,,,Premier League,23032,True,2025-12-25T09:23:06.562794+00:00
4813426,4813426,Brentford,Manchester United,2025-09-27T11:30:00Z,3,1,H,6,Premier League,,,Premier League,23032,True,2025-12-25T09:23:06.562796+00:00
4813427,4813427,Chelsea,Brighton & Hove Albion,2025-09-27T14:00:00Z,1,3,A,6,Premier League,,,Premier League,23032,True,2025-12-25T09:23:06.562799+00:00
4813428,4813428,Crystal Palace,Liverpool,2025-09-27T14:00:00Z,2,1,H,6,Premier League,,,Premier League,23032,True,2025-12-25T09:23:06.562801+00:00
4813430,4813430,Leeds United,AFC Bournemouth,2025-09-27T14:00:00Z,2,2,D,6,Premier League,,,Premier League,23032,True,2025-12-25T09:23:06.562803+00:00
4813431,4813431,Manchester City,Burnley,2025-09-27T14:00:00Z,5,1,H,6,Premier League,,,Premier League,23032,True,2025-12-25T09:23:06.562805+00:00
4813433,4813433,Nottingham Forest,Sunderland,2025-09-27T16:30:00Z,0,1,A,6,Premier League,,,Premier League,23032,True,2025-12-25T09:23:06.562807+00:00
4813434,4813434,Tottenham Hotspur,Wolverhampton Wanderers,2025-09-27T19:00:00Z,1,1,D,6,Premier League,,,Premier League,23032,True,2025-12-25T09:23:06.562809+00:00
4813425,4813425,Aston Villa,Fulham,2025-09-28T13:00:00Z,3,1,H,6,Premier League,,,Premier League,23032,True,2025-12-25T09:23:06.562811+00:00
4813432,4813432,Newcastle United,Arsenal,2025-09-28T15:30:00Z,1,2,A,6,Premier League,,,Premier League,23032,True,2025-12-25T09:23:06.562813+00:00
4813429,4813429,Everton,West Ham United,2025-09-29T19:00:00Z,1,1,D,6,Premier League,,,Premier League,23032,True,2025-12-25T09:23:06.562815+00:00
4813435,4813435,AFC Bournemouth,Fulham,2025-10-03T19:00:00Z,3,1,H,7,Premier League,,,Premier League,23032,True,2025-12-25T09:23:06.562817+00:00
4813441,4813441,Leeds United,Tottenham Hotspur,2025-10-04T11:30:00Z,1,2,A,7,Premier League,,,Premier League,23032,True,2025-12-25T09:23:06.562819+00:00
4813436,4813436,Arsenal,West Ham United,2025-10-04T14:00:00Z,2,0,H,7,Premier League,,,Premier League,23032,True,2025-12-25T09:23:06.562821+00:00
4813442,4813442,Manchester United,Sunderland,2025-10-04T14:00:00Z,2,0,H,7,Premier League,,,Premier League,23032,True,2025-12-25T09:23:06.562824+00:00
4813439,4813439,Chelsea,Liverpool,2025-10-04T16:30:00Z,2,1,H,7,Premier League,,,Premier League,23032,True,2025-12-25T09:23:06.562826+00:00
4813437,4813437,Aston Villa,Burnley,2025-10-05T13:00:00Z,2,1,H,7,Premier League,,,Premier League,23032,True,2025-12-25T09:23:06.562828+00:00
4813440,4813440,Everton,Crystal Palace,2025-10-05T13:00:00Z,2,1,H,7,Premier League,,,Premier League,23032,True,2025-12-25T09:23:06.562830+00:00
4813443,4813443,Newcastle United,Nottingham Forest,2025-10-05T13:00:00Z,2,0,H,7,Premier League,,,Premier League,23032,True,2025-12-25T09:23:06.562832+00:00
4813444,4813444,Wolverhampton Wanderers,Brighton & Hove Albion,2025-10-05T13:00:00Z,1,1,D,7,Premier League,,,Premier League,23032,True,2025-12-25T09:23:06.562834+00:00
4813438,4813438,Brentford,Manchester City,2025-10-05T15:30:00Z,0,1,A,7,Premier League,,,Premier League,23032,True,2025-12-25T09:23:06.562837+00:00
4813451,4813451,Nottingham Forest,Chelsea,2025-10-18T11:30:00Z,0,3,A,8,Premier League,,,Premier League,23032,True,2025-12-25T09:23:06.562839+00:00
4813445,4813445,Brighton & Hove Albion,Newcastle United,2025-10-18T14:00:00Z,2,1,H,8,Premier League,,,Premier League,23032,True,2025-12-25T09:23:06.562841+00:00
4813446,4813446,Burnley,Leeds United,2025-10-18T14:00:00Z,2,0,H,8,Premier League,,,Premier League,23032,True,2025-12-25T09:23:06.562843+00:00
4813447,4813447,Crystal Palace,AFC Bournemouth,2025-10-18T14:00:00Z,3,3,D,8,Premier League,,,Premier League,23032,True,2025-12-25T09:23:06.562844+00:00
4813450,4813450,Manchester City,Everton,2025-10-18T14:00:00Z,2,0,H,8,Premier League,,,Premier League,23032,True,2025-12-25T09:23:06.562846+00:00
4813452,4813452,Sunderland,Wolverhampton Wanderers,2025-10-18T14:00:00Z,2,0,H,8,Premier League,,,Premier League,23032,True,2025-12-25T09:23:06.562848+00:00
4813448,4813448,Fulham,Arsenal,2025-10-18T16:30:00Z,0,1,A,8,Premier League,,,Premier League,23032,True,2025-12-25T09:23:06.562851+00:00
4813453,4813453,Tottenham Hotspur,Aston Villa,2025-10-19T13:00:00Z,1,2,A,8,Premier League,,,Premier League,23032,True,2025-12-25T09:23:06.562853+00:00
4813449,4813449,Liverpool,Manchester United,2025-10-19T15:30:00Z,1,2,A,8,Premier League,,,Premier League,23032,True,2025-12-25T09:23:06.562855+00:00
4813454,4813454,West Ham United,Brentford,2025-10-20T19:00:00Z,0,2,A,8,Premier League,,,Premier League,23032,True,2025-12-25T09:23:06.562857+00:00
4813461,4813461,Leeds United,West Ham United,2025-10-24T19:00:00Z,2,1,H,9,Premier League,,,Premier League,23032,True,2025-12-25T09:23:06.562859+00:00
4813459,4813459,Chelsea,Sunderland,2025-10-25T14:00:00Z,1,2,A,9,Premier League,,,Premier League,23032,True,2025-12-25T09:23:06.562861+00:00
4813463,4813463,Newcastle United,Fulham,2025-10-25T14:00:00Z,2,1,H,9,Premier League,,,Premier League,23032,True,2025-12-25T09:23:06.562863+00:00
4813462,4813462,Manchester United,Brighton & Hove Albion,2025-10-25T16:30:00Z,4,2,H,9,Premier League,,,Premier League,23032,True,2025-12-25T09:23:06.562866+00:00
4813458,4813458,Brentford,Liverpool,2025-10-25T19:00:00Z,3,2,H,9,Premier League,,,Premier League,23032,True,2025-12-25T09:23:06.562868+00:00
4813455,4813455,AFC Bournemouth,Nottingham Forest,2025-10-26T14:00:00Z,2,0,H,9,Premier League,,,Premier League,23032,True,2025-12-25T09:23:06.562870+00:00
4813456,4813456,Arsenal,Crystal Palace,2025-10-26T14:00:00Z,1,0,H,9,Premier League,,,Premier League,23032,True,2025-12-25T09:23:06.562873+00:00
4813457,4813457,Aston Villa,Manchester City,2025-10-26T14:00:00Z,1,0,H,9,Premier League,,,Premier League,23032,True,2025-12-25T09:23:06.562875+00:00
4813464,4813464,Wolverhampton Wanderers,Burnley,2025-10-26T14:00:00Z,2,3,A,9,Premier League,,,Premier League,23032,True,2025-12-25T09:23:06.562877+00:00
4813460,4813460,Everton,Tottenham Hotspur,2025-10-26T16:30:00Z,0,3,A,9,Premier League,,,Premier League,23032,True,2025-12-25T09:23:06.562879+00:00
4813465,4813465,Brighton & Hove Albion,Leeds United,2025-11-01T15:00:00Z,3,0,H,10,Premier League,,,Premier League,23032,True,2025-12-25T09:23:06.562883+00:00
4813466,4813466,Burnley,Arsenal,2025-11-01T15:00:00Z,0,2,A,10,Premier League,,,Premier League,23032,True,2025-12-25T09:23:06.562885+00:00
4813467,4813467,Crystal Palace,Brentford,2025-11-01T15:00:00Z,2,0,H,10,Premier League,,,Premier League,23032,True,2025-12-25T09:23:06.562887+00:00
4813468,4813468,Fulham,Wolverhampton Wanderers,2025-11-01T15:00:00Z,3,0,H,10,Premier League,,,Premier League,23032,True,2025-12-25T09:23:06.562889+00:00
4813471,4813471,Nottingham Forest,Manchester United,2025-11-01T15:00:00Z,2,2,D,10,Premier League,,,Premier League,23032,True,2025-12-25T09:23:06.562890+00:00
4813473,4813473,Tottenham Hotspur,Chelsea,2025-11-01T17:30:00Z,0,1,A,10,Premier League,,,Premier League,23032,True,2025-12-25T09:23:06.562893+00:00
4813469,4813469,Liverpool,Aston Villa,2025-11-01T20:00:00Z,2,0,H,10,Premier League,,,Premier League,23032,True,2025-12-25T09:23:06.562895+00:00
4813474,4813474,West Ham United,Newcastle United,2025-11-02T14:00:00Z,3,1,H,10,Premier League,,,Premier League,23032,True,2025-12-25T09:23:06.562897+00:00
4813470,4813470,Manchester City,AFC Bournemouth,2025-11-02T16:30:00Z,3,1,H,10,Premier League,,,Premier League,23032,True,2025-12-25T09:23:06.562899+00:00
4813472,4813472,Sunderland,Everton,2025-11-03T20:00:00Z,1,1,D,10,Premier League,,,Premier League,23032,True,2025-12-25T09:23:06.562901+00:00
4813483,4813483,Tottenham Hotspur,Manchester United,2025-11-08T12:30:00Z,2,2,D,11,Premier League,,,Premier League,23032,True,2025-12-25T09:23:06.562903+00:00
4813479,4813479,Everton,Fulham,2025-11-08T15:00:00Z,2,0,H,11,Premier League,,,Premier League,23032,True,2025-12-25T09:23:06.562905+00:00
4813484,4813484,West Ham United,Burnley,2025-11-08T15:00:00Z,3,2,H,11,Premier League,,,Premier League,23032,True,2025-12-25T09:23:06.562907+00:00
4813482,4813482,Sunderland,Arsenal,2025-11-08T17:30:00Z,2,2,D,11,Premier League,,,Premier League,23032,True,2025-12-25T09:23:06.562909+00:00
4813477,4813477,Chelsea,Wolverhampton Wanderers,2025-11-08T20:00:00Z,3,0,H,11,Premier League,,,Premier League,23032,True,2025-12-25T09:23:06.562911+00:00
4813475,4813475,Aston Villa,AFC Bournemouth,2025-11-09T14:00:00Z,4,0,H,11,Premier League,,,Premier League,23032,True,2025-12-25T09:23:06.562912+00:00
4813476,4813476,Brentford,Newcastle United,2025-11-09T14:00:00Z,3,1,H,11,Premier League,,,Premier League,23032,True,2025-12-25T09:23:06.562915+00:00
4813478,4813478,Crystal Palace,Brighton & Hove Albion,2025-11-09T14:00:00Z,0,0,D,11,Premier League,,,Premier League,23032,True,2025-12-25T09:23:06.562917+00:00
4813481,4813481,Nottingham Forest,Leeds United,2025-11-09T14:00:00Z,3,1,H,11,Premier League,,,Premier League,23032,True,2025-12-25T09:23:06.562919+00:00
4813480,4813480,Manchester City,Liverpool,2025-11-09T16:30:00Z,3,0,H,11,Premier League,,,Premier League,23032,True,2025-12-25T09:23:06.562921+00:00
4813488,4813488,Burnley,Chelsea,2025-11-22T12:30:00Z,0,2,A,12,Premier League,,,Premier League,23032,True,2025-12-25T09:23:06.562923+00:00
4813485,4813485,AFC Bournemouth,West Ham United,2025-11-22T15:00:00Z,2,2,D,12,Premier League,,,Premier League,23032,True,2025-12-25T09:23:06.562925+00:00
4813487,4813487,Brighton & Hove Albion,Brentford,2025-11-22T15:00:00Z,2,1,H,12,Premier League,,,Premier League,23032,True,2025-12-25T09:23:06.562927+00:00
4813489,4813489,Fulham,Sunderland,2025-11-22T15:00:00Z,1,0,H,12,Premier League,,,Premier League,23032,True,2025-12-25T09:23:06.562929+00:00
4813491,4813491,Liverpool,Nottingham Forest,2025-11-22T15:00:00Z,0,3,A,12,Premier League,,,Premier League,23032,True,2025-12-25T09:23:06.562931+00:00
4813494,4813494,Wolverhampton Wanderers,Crystal Palace,2025-11-22T15:00:00Z,0,2,A,12,Premier League,,,Premier League,23032,True,2025-12-25T09:23:06.562933+00:00
4813493,4813493,Newcastle United,Manchester City,2025-11-22T17:30:00Z,2,1,H,12,Premier League,,,Premier League,23032,True,2025-12-25T09:23:06.562936+00:00
4813490,4813490,Leeds United,Aston Villa,2025-11-23T14:00:00Z,1,2,A,12,Premier League,,,Premier League,23032,True,2025-12-25T09:23:06.562938+00:00
4813486,4813486,Arsenal,Tottenham Hotspur,2025-11-23T16:30:00Z,4,1,H,12,Premier League,,,Premier League,23032,True,2025-12-25T09:23:06.562940+00:00
4813492,4813492,Manchester United,Everton,2025-11-24T20:00:00Z,0,1,A,12,Premier League,,,Premier League,23032,True,2025-12-25T09:23:06.562943+00:00
4813496,4813496,Brentford,Burnley,2025-11-29T15:00:00Z,3,1,H,13,Premier League,,,Premier League,23032,True,2025-12-25T09:23:06.562945+00:00
4813500,4813500,Manchester City,Leeds United,2025-11-29T15:00:00Z,3,2,H,13,Premier League,,,Premier League,23032,True,2025-12-25T09:23:06.562947+00:00
4813502,4813502,Sunderland,AFC Bournemouth,2025-11-29T15:00:00Z,3,2,H,13,Premier League,,,Premier League,23032,True,2025-12-25T09:23:06.562948+00:00
4813499,4813499,Everton,Newcastle United,2025-11-29T17:30:00Z,1,4,A,13,Premier League,,,Premier League,23032,True,2025-12-25T09:23:06.562951+00:00
4813503,4813503,Tottenham Hotspur,Fulham,2025-11-29T20:00:00Z,1,2,A,13,Premier League,,,Premier League,23032,True,2025-12-25T09:23:06.562953+00:00
4813498,4813498,Crystal Palace,Manchester United,2025-11-30T12:00:00Z,1,2,A,13,Premier League,,,Premier League,23032,True,2025-12-25T09:23:06.562955+00:00
4813495,4813495,Aston Villa,Wolverhampton Wanderers,2025-11-30T14:05:00Z,1,0,H,13,Premier League,,,Premier League,23032,True,2025-12-25T09:23:06.562957+00:00
4813501,4813501,Nottingham Forest,Brighton & Hove Albion,2025-11-30T14:05:00Z,0,2,A,13,Premier League,,,Premier League,23032,True,2025-12-25T09:23:06.562959+00:00
4813504,4813504,West Ham United,Liverpool,2025-11-30T14:05:00Z,0,2,A,13,Premier League,,,Premier League,23032,True,2025-12-25T09:23:06.562961+00:00
4813497,4813497,Chelsea,Arsenal,2025-11-30T16:30:00Z,1,1,D,13,Premier League,,,Premier League,23032,True,2025-12-25T09:23:06.562963+00:00
4813505,4813505,AFC Bournemouth,Everton,2025-12-02T19:30:00Z,0,1,A,14,Premier League,,,Premier League,23032,True,2025-12-25T09:23:06.562965+00:00
4813509,4813509,Fulham,Manchester City,2025-12-02T19:30:00Z,4,5,A,14,Premier League,,,Premier League,23032,True,2025-12-25T09:23:06.562966+00:00
4813513,4813513,Newcastle United,Tottenham Hotspur,2025-12-02T20:15:00Z,2,2,D,14,Premier League,,,Premier League,23032,True,2025-12-25T09:23:06.562968+00:00
4813506,4813506,Arsenal,Brentford,2025-12-03T19:30:00Z,2,0,H,14,Premier League,,,Premier League,23032,True,2025-12-25T09:23:06.562971+00:00
4813507,4813507,Brighton & Hove Albion,Aston Villa,2025-12-03T19:30:00Z,3,4,A,14,Premier League,,,Premier League,23032,True,2025-12-25T09:23:06.562973+00:00
4813508,4813508,Burnley,Crystal Palace,2025-12-03T19:30:00Z,0,1,A,14,Premier League,,,Premier League,23032,True,2025-12-25T09:23:06.562975+00:00
4813514,4813514,Wolverhampton Wanderers,Nottingham Forest,2025-12-03T19:30:00Z,0,1,A,14,Premier League,,,Premier League,23032,True,2025-12-25T09:23:06.562978+00:00
4813510,4813510,Leeds United,Chelsea,2025-12-03T20:15:00Z,3,1,H,14,Premier League,,,Premier League,23032,True,2025-12-25T09:23:06.562980+00:00
4813511,4813511,Liverpool,Sunderland,2025-12-03T20:15:00Z,1,1,D,14,Premier League,,,Premier League,23032,True,2025-12-25T09:23:06.562982+00:00
4813512,4813512,Manchester United,West Ham United,2025-12-04T20:00:00Z,1,1,D,14,Premier League,,,Premier League,23032,True,2025-12-25T09:23:06.562984+00:00
4813516,4813516,Aston Villa,Arsenal,2025-12-06T12:30:00Z,2,1,H,15,Premier League,,,Premier League,23032,True,2025-12-25T09:23:06.562986+00:00
4813515,4813515,AFC Bournemouth,Chelsea,2025-12-06T15:00:00Z,0,0,D,15,Premier League,,,Premier League,23032,True,2025-12-25T09:23:06.562988+00:00
4813518,4813518,Everton,Nottingham Forest,2025-12-06T15:00:00Z,3,0,H,15,Premier League,,,Premier League,23032,True,2025-12-25T09:23:06.562990+00:00
4813521,4813521,Manchester City,Sunderland,2025-12-06T15:00:00Z,3,0,H,15,Premier League,,,Premier League,23032,True,2025-12-25T09:23:06.562991+00:00
4813522,4813522,Newcastle United,Burnley,2025-12-06T15:00:00Z,2,1,H,15,Premier League,,,Premier League,23032,True,2025-12-25T09:23:06.562993+00:00
4813523,4813523,Tottenham Hotspur,Brentford,2025-12-06T15:00:00Z,2,0,H,15,Premier League,,,Premier League,23032,True,2025-12-25T09:23:06.562995+00:00
4813520,4813520,Leeds United,Liverpool,2025-12-06T17:30:00Z,3,3,D,15,Premier League,,,Premier League,23032,True,2025-12-25T09:23:06.562997+00:00
4813517,4813517,Brighton & Hove Albion,West Ham United,2025-12-07T14:00:00Z,1,1,D,15,Premier League,,,Premier League,23032,True,2025-12-25T09:23:06.563000+00:00
4813519,4813519,Fulham,Crystal Palace,2025-12-07T16:30:00Z,1,2,A,15,Premier League,,,Premier League,23032,True,2025-12-25T09:23:06.563002+00:00
4813524,4813524,Wolverhampton Wanderers,Manchester United,2025-12-08T20:00:00Z,1,4,A,15,Premier League,,,Premier League,23032,True,2025-12-25T09:23:06.563004+00:00
4813528,4813528,Chelsea,Everton,2025-12-13T15:00:00Z,2,0,H,16,Premier League,,,Premier League,23032,True,2025-12-25T09:23:06.563006+00:00
4813530,4813530,Liverpool,Brighton & Hove Albion,2025-12-13T15:00:00Z,2,0,H,16,Premier League,,,Premier League,23032,True,2025-12-25T09:23:06.563008+00:00
4813527,4813527,Burnley,Fulham,2025-12-13T17:30:00Z,2,3,A,16,Premier League,,,Premier League,23032,True,2025-12-25T09:23:06.563009+00:00
4813525,4813525,Arsenal,Wolverhampton Wanderers,2025-12-13T20:00:00Z,2,1,H,16,Premier League,,,Premier League,23032,True,2025-12-25T09:23:06.563011+00:00
4813529,4813529,Crystal Palace,Manchester City,2025-12-14T14:00:00Z,0,3,A,16,Premier League,,,Premier League,23032,True,2025-12-25T09:23:06.563013+00:00
4813532,4813532,Nottingham Forest,Tottenham Hotspur,2025-12-14T14:00:00Z,3,0,H,16,Premier League,,,Premier League,23032,True,2025-12-25T09:23:06.563015+00:00
4813533,4813533,Sunderland,Newcastle United,2025-12-14T14:00:00Z,1,0,H,16,Premier League,,,Premier League,23032,True,2025-12-25T09:23:06.563018+00:00
4813534,4813534,West Ham United,Aston Villa,2025-12-14T14:00:00Z,2,3,A,16,Premier League,,,Premier League,23032,True,2025-12-25T09:23:06.563020+00:00
4813526,4813526,Brentford,Leeds United,2025-12-14T16:30:00Z,1,1,D,16,Premier League,,,Premier League,23032,True,2025-12-25T09:23:06.563022+00:00
4813531,4813531,Manchester United,AFC Bournemouth,2025-12-15T20:00:00Z,4,4,D,16,Premier League,,,Premier League,23032,True,2025-12-25T09:23:06.563024+00:00
4813542,4813542,Newcastle United,Chelsea,2025-12-20T12:30:00Z,2,2,D,17,Premier League,,,Premier League,23032,True,2025-12-25T09:23:06.563026+00:00
4813535,4813535,AFC Bournemouth,Burnley,2025-12-20T15:00:00Z,1,1,D,17,Premier League,,,Premier League,23032,True,2025-12-25T09:23:06.563028+00:00
4813537,4813537,Brighton & Hove Albion,Sunderland,2025-12-20T15:00:00Z,0,0,D,17,Premier League,,,Premier League,23032,True,2025-12-25T09:23:06.563030+00:00
4813541,4813541,Manchester City,West Ham United,2025-12-20T15:00:00Z,3,0,H,17,Premier League,,,Premier League,23032,True,2025-12-25T09:23:06.563031+00:00
4813544,4813544,Wolverhampton Wanderers,Brentford,2025-12-20T15:00:00Z,0,2,A,17,Premier League,,,Premier League,23032,True,2025-12-25T09:23:06.563033+00:00
4813543,4813543,Tottenham Hotspur,Liverpool,2025-12-20T17:30:00Z,1,2,A,17,Premier League,,,Premier League,23032,True,2025-12-25T09:23:06.563035+00:00
4813538,4813538,Everton,Arsenal,2025-12-20T20:00:00Z,0,1,A,17,Premier League,,,Premier League,23032,True,2025-12-25T09:23:06.563037+00:00
4813540,4813540,Leeds United,Crystal Palace,2025-12-20T20:00:00Z,4,1,H,17,Premier League,,,Premier League,23032,True,2025-12-25T09:23:06.563039+00:00
4813536,4813536,Aston Villa,Manchester United,2025-12-21T16:30:00Z,2,1,H,17,Premier League,,,Premier League,23032,True,2025-12-25T09:23:06.563041+00:00
4813539,4813539,Fulham,Nottingham Forest,2025-12-22T20:00:00Z,1,0,H,17,Premier League,,,Premier League,23032,True,2025-12-25T09:23:06.563043+00:00
4813551,4813551,Manchester United,Newcastle United,2025-12-26T20:00:00Z,,,,18,Premier League,,,Premier League,23032,False,2025-12-25T09:23:06.563045+00:00
4813552,4813552,Nottingham Forest,Manchester City,2025-12-27T12:30:00Z,,,,18,Premier League,,,Premier League,23032,False,2025-12-25T09:23:06.563047+00:00
4813545,4813545,Arsenal,Brighton & Hove Albion,2025-12-27T15:00:00Z,,,,18,Premier League,,,Premier League,23032,False,2025-12-25T09:23:06.563049+00:00
4813546,4813546,Brentford,AFC Bournemouth,2025-12-27T15:00:00Z,,,,18,Premier League,,,Premier League,23032,False,2025-12-25T09:23:06.563050+00:00
4813547,4813547,Burnley,Everton,2025-12-27T15:00:00Z,,,,18,Premier League,,,Premier League,23032,False,2025-12-25T09:23:06.563052+00:00
4813550,4813550,Liverpool,Wolverhampton Wanderers,2025-12-27T15:00:00Z,,,,18,Premier League,,,Premier League,23032,False,2025-12-25T09:23:06.563053+00:00
4813554,4813554,West Ham United,Fulham,2025-12-27T15:00:00Z,,,,18,Premier League,,,Premier League,23032,False,2025-12-25T09:23:06.563056+00:00
4813548,4813548,Chelsea,Aston Villa,2025-12-27T17:30:00Z,,,,18,Premier League,,,Premier League,23032,False,2025-12-25T09:23:06.563058+00:00
4813553,4813553,Sunderland,Leeds United,2025-12-28T14:00:00Z,,,,18,Premier League,,,Premier League,23032,False,2025-12-25T09:23:06.563059+00:00
4813549,4813549,Crystal Palace,Tottenham Hotspur,2025-12-28T16:30:00Z,,,,18,Premier League,,,Premier League,23032,False,2025-12-25T09:23:06.563061+00:00
4813557,4813557,Burnley,Newcastle United,2025-12-30T19:30:00Z,,,,19,Premier League,,,Premier League,23032,False,2025-12-25T09:23:06.563063+00:00
4813558,4813558,Chelsea,AFC Bournemouth,2025-12-30T19:30:00Z,,,,19,Premier League,,,Premier League,23032,False,2025-12-25T09:23:06.563064+00:00
4813562,4813562,Nottingham Forest,Everton,2025-12-30T19:30:00Z,,,,19,Premier League,,,Premier League,23032,False,2025-12-25T09:23:06.563065+00:00
4813564,4813564,West Ham United,Brighton & Hove Albion,2025-12-30T19:30:00Z,,,,19,Premier League,,,Premier League,23032,False,2025-12-25T09:23:06.563067+00:00
4813555,4813555,Arsenal,Aston Villa,2025-12-30T20:15:00Z,,,,19,Premier League,,,Premier League,23032,False,2025-12-25T09:23:06.563068+00:00
4813561,4813561,Manchester United,Wolverhampton Wanderers,2025-12-30T20:15:00Z,,,,19,Premier League,,,Premier League,23032,False,2025-12-25T09:23:06.563070+00:00
4813559,4813559,Crystal Palace,Fulham,2026-01-01T17:30:00Z,,,,19,Premier League,,,Premier League,23032,False,2025-12-25T09:23:06.563072+00:00
4813560,4813560,Liverpool,Leeds United,2026-01-01T17:30:00Z,,,,19,Premier League,,,Premier League,23032,False,2025-12-25T09:23:06.563074+00:00
4813556,4813556,Brentford,Tottenham Hotspur,2026-01-01T20:00:00Z,,,,19,Premier League,,,Premier League,23032,False,2025-12-25T09:23:06.563075+00:00
4813563,4813563,Sunderland,Manchester City,2026-01-01T20:00:00Z,,,,19,Premier League,,,Premier League,23032,False,2025-12-25T09:23:06.563076+00:00
4813566,4813566,Aston Villa,Nottingham Forest,2026-01-03T12:30:00Z,,,,20,Premier League,,,Premier League,23032,False,2025-12-25T09:23:06.563079+00:00
4813567,4813567,Brighton & Hove Albion,Burnley,2026-01-03T15:00:00Z,,,,20,Premier League,,,Premier League,23032,False,2025-12-25T09:23:06.563081+00:00
4813574,4813574,Wolverhampton Wanderers,West Ham United,2026-01-03T15:00:00Z,,,,20,Premier League,,,Premier League,23032,False,2025-12-25T09:23:06.563082+00:00
4813565,4813565,AFC Bournemouth,Arsenal,2026-01-03T17:30:00Z,,,,20,Premier League,,,Premier League,23032,False,2025-12-25T09:23:06.563084+00:00
4813570,4813570,Leeds United,Manchester United,2026-01-04T12:30:00Z,,,,20,Premier League,,,Premier League,23032,False,2025-12-25T09:23:06.563086+00:00
4813568,4813568,Everton,Brentford,2026-01-04T15:00:00Z,,,,20,Premier League,,,Premier League,23032,False,2025-12-25T09:23:06.563088+00:00
4813569,4813569,Fulham,Liverpool,2026-01-04T15:00:00Z,,,,20,Premier League,,,Premier League,23032,False,2025-12-25T09:23:06.563090+00:00
4813572,4813572,Newcastle United,Crystal Palace,2026-01-04T15:00:00Z,,,,20,Premier League,,,Premier League,23032,False,2025-12-25T09:23:06.563091+00:00
4813573,4813573,Tottenham Hotspur,Sunderland,2026-01-04T15:00:00Z,,,,20,Premier League,,,Premier League,23032,False,2025-12-25T09:23:06.563093+00:00
4813571,4813571,Manchester City,Chelsea,2026-01-04T17:30:00Z,,,,20,Premier League,,,Premier League,23032,False,2025-12-25T09:23:06.563095+00:00
4813584,4813584,West Ham United,Nottingham Forest,2026-01-06T20:00:00Z,,,,21,Premier League,,,Premier League,23032,False,2025-12-25T09:23:06.563097+00:00
4813575,4813575,AFC Bournemouth,Tottenham Hotspur,2026-01-07T19:30:00Z,,,,21,Premier League,,,Premier League,23032,False,2025-12-25T09:23:06.563098+00:00
4813577,4813577,Brentford,Sunderland,2026-01-07T19:30:00Z,,,,21,Premier League,,,Premier League,23032,False,2025-12-25T09:23:06.563100+00:00
4813579,4813579,Crystal Palace,Aston Villa,2026-01-07T19:30:00Z,,,,21,Premier League,,,Premier League,23032,False,2025-12-25T09:23:06.563101+00:00
4813580,4813580,Everton,Wolverhampton Wanderers,2026-01-07T19:30:00Z,,,,21,Premier League,,,Premier League,23032,False,2025-12-25T09:23:06.563103+00:00
4813581,4813581,Fulham,Chelsea,2026-01-07T19:30:00Z,,,,21,Premier League,,,Premier League,23032,False,2025-12-25T09:23:06.563104+00:00
4813582,4813582,Manchester City,Brighton & Hove Albion,2026-01-07T19:30:00Z,,,,21,Premier League,,,Premier League,23032,False,2025-12-25T09:23:06.563107+00:00
4813578,4813578,Burnley,Manchester United,2026-01-07T20:15:00Z,,,,21,Premier League,,,Premier League,23032,False,2025-12-25T09:23:06.563108+00:00
4813583,4813583,Newcastle United,Leeds United,2026-01-07T20:15:00Z,,,,21,Premier League,,,Premier League,23032,False,2025-12-25T09:23:06.563110+00:00
4813576,4813576,Arsenal,Liverpool,2026-01-08T20:00:00Z,,,,21,Premier League,,,Premier League,23032,False,2025-12-25T09:23:06.563111+00:00
4813590,4813590,Manchester United,Manchester City,2026-01-17T12:30:00Z,,,,22,Premier League,,,Premier League,23032,False,2025-12-25T09:23:06.563113+00:00
4813587,4813587,Chelsea,Brentford,2026-01-17T15:00:00Z,,,,22,Premier League,,,Premier League,23032,False,2025-12-25T09:23:06.563114+00:00
4813588,4813588,Leeds United,Fulham,2026-01-17T15:00:00Z,,,,22,Premier League,,,Premier League,23032,False,2025-12-25T09:23:06.563116+00:00
4813589,4813589,Liverpool,Burnley,2026-01-17T15:00:00Z,,,,22,Premier League,,,Premier League,23032,False,2025-12-25T09:23:06.563117+00:00
4813592,4813592,Sunderland,Crystal Palace,2026-01-17T15:00:00Z,,,,22,Premier League,,,Premier League,23032,False,2025-12-25T09:23:06.563118+00:00
4813593,4813593,Tottenham Hotspur,West Ham United,2026-01-17T15:00:00Z,,,,22,Premier League,,,Premier League,23032,False,2025-12-25T09:23:06.563120+00:00
4813591,4813591,Nottingham Forest,Arsenal,2026-01-17T17:30:00Z,,,,22,Premier League,,,Premier League,23032,False,2025-12-25T09:23:06.563122+00:00
4813594,4813594,Wolverhampton Wanderers,Newcastle United,2026-01-18T14:00:00Z,,,,22,Premier League,,,Premier League,23032,False,2025-12-25T09:23:06.563123+00:00
4813585,4813585,Aston Villa,Everton,2026-01-18T16:30:00Z,,,,22,Premier League,,,Premier League,23032,False,2025-12-25T09:23:06.563125+00:00
4813586,4813586,Brighton & Hove Albion,AFC Bournemouth,2026-01-19T20:00:00Z,,,,22,Premier League,,,Premier League,23032,False,2025-12-25T09:23:06.563127+00:00
4813604,4813604,West Ham United,Sunderland,2026-01-24T12:30:00Z,,,,23,Premier League,,,Premier League,23032,False,2025-12-25T09:23:06.563128+00:00
4813598,4813598,Burnley,Tottenham Hotspur,2026-01-24T15:00:00Z,,,,23,Premier League,,,Premier League,23032,False,2025-12-25T09:23:06.563130+00:00
4813601,4813601,Fulham,Brighton & Hove Albion,2026-01-24T15:00:00Z,,,,23,Premier League,,,Premier League,23032,False,2025-12-25T09:23:06.563131+00:00
4813602,4813602,Manchester City,Wolverhampton Wanderers,2026-01-24T15:00:00Z,,,,23,Premier League,,,Premier League,23032,False,2025-12-25T09:23:06.563133+00:00
4813595,4813595,AFC Bournemouth,Liverpool,2026-01-24T17:30:00Z,,,,23,Premier League,,,Premier League,23032,False,2025-12-25T09:23:06.563134+00:00
4813597,4813597,Brentford,Nottingham Forest,2026-01-25T14:00:00Z,,,,23,Premier League,,,Premier League,23032,False,2025-12-25T09:23:06.563136+00:00
4813599,4813599,Crystal Palace,Chelsea,2026-01-25T14:00:00Z,,,,23,Premier League,,,Premier League,23032,False,2025-12-25T09:23:06.563138+00:00
4813603,4813603,Newcastle United,Aston Villa,2026-01-25T14:00:00Z,,,,23,Premier League,,,Premier League,23032,False,2025-12-25T09:23:06.563140+00:00
4813596,4813596,Arsenal,Manchester United,2026-01-25T16:30:00Z,,,,23,Premier League,,,Premier League,23032,False,2025-12-25T09:23:06.563141+00:00
4813600,4813600,Everton,Leeds United,2026-01-26T20:00:00Z,,,,23,Premier League,,,Premier League,23032,False,2025-12-25T09:23:06.563142+00:00
4813606,4813606,Brighton & Hove Albion,Everton,2026-01-31T15:00:00Z,,,,24,Premier League,,,Premier League,23032,False,2025-12-25T09:23:06.563144+00:00
4813608,4813608,Leeds United,Arsenal,2026-01-31T15:00:00Z,,,,24,Premier League,,,Premier League,23032,False,2025-12-25T09:23:06.563146+00:00
4813614,4813614,Wolverhampton Wanderers,AFC Bournemouth,2026-01-31T15:00:00Z,,,,24,Premier League,,,Premier League,23032,False,2025-12-25T09:23:06.563147+00:00
4813607,4813607,Chelsea,West Ham United,2026-01-31T17:30:00Z,,,,24,Premier League,,,Premier League,23032,False,2025-12-25T09:23:06.563149+00:00
4813609,4813609,Liverpool,Newcastle United,2026-01-31T20:00:00Z,,,,24,Premier League,,,Premier League,23032,False,2025-12-25T09:23:06.563150+00:00
4813605,4813605,Aston Villa,Brentford,2026-02-01T14:00:00Z,,,,24,Premier League,,,Premier League,23032,False,2025-12-25T09:23:06.563151+00:00
4813610,4813610,Manchester United,Fulham,2026-02-01T14:00:00Z,,,,24,Premier League,,,Premier League,23032,False,2025-12-25T09:23:06.563153+00:00
4813611,4813611,Nottingham Forest,Crystal Palace,2026-02-01T14:00:00Z,,,,24,Premier League,,,Premier League,23032,False,2025-12-25T09:23:06.563155+00:00
4813613,4813613,Tottenham Hotspur,Manchester City,2026-02-01T16:30:00Z,,,,24,Premier League,,,Premier League,23032,False,2025-12-25T09:23:06.563156+00:00
4813612,4813612,Sunderland,Burnley,2026-02-02T20:00:00Z,,,,24,Premier League,,,Premier League,23032,False,2025-12-25T09:23:06.563157+00:00
4813620,4813620,Leeds United,Nottingham Forest,2026-02-06T20:00:00Z,,,,25,Premier League,,,Premier League,23032,False,2025-12-25T09:23:06.563159+00:00
4813622,4813622,Manchester United,Tottenham Hotspur,2026-02-07T12:30:00Z,,,,25,Premier League,,,Premier League,23032,False,2025-12-25T09:23:06.563161+00:00
4813615,4813615,AFC Bournemouth,Aston Villa,2026-02-07T15:00:00Z,,,,25,Premier League,,,Premier League,23032,False,2025-12-25T09:23:06.563162+00:00
4813616,4813616,Arsenal,Sunderland,2026-02-07T15:00:00Z,,,,25,Premier League,,,Premier League,23032,False,2025-12-25T09:23:06.563163+00:00
4813618,4813618,Burnley,West Ham United,2026-02-07T15:00:00Z,,,,25,Premier League,,,Premier League,23032,False,2025-12-25T09:23:06.563165+00:00
4813619,4813619,Fulham,Everton,2026-02-07T15:00:00Z,,,,25,Premier League,,,Premier League,23032,False,2025-12-25T09:23:06.563167+00:00
4813624,4813624,Wolverhampton Wanderers,Chelsea,2026-02-07T15:00:00Z,,,,25,Premier League,,,Premier League,23032,False,2025-12-25T09:23:06.563169+00:00
4813623,4813623,Newcastle United,Brentford,2026-02-07T17:30:00Z,,,,25,Premier League,,,Premier League,23032,False,2025-12-25T09:23:06.563170+00:00
4813617,4813617,Brighton & Hove Albion,Crystal Palace,2026-02-08T14:00:00Z,,,,25,Premier League,,,Premier League,23032,False,2025-12-25T09:23:06.563171+00:00
4813621,4813621,Liverpool,Manchester City,2026-02-08T16:30:00Z,,,,25,Premier League,,,Premier League,23032,False,2025-12-25T09:23:06.563173+00:00
4813627,4813627,Chelsea,Leeds United,2026-02-10T19:30:00Z,,,,26,Premier League,,,Premier League,23032,False,2025-12-25T09:23:06.563174+00:00
4813629,4813629,Everton,AFC Bournemouth,2026-02-10T19:30:00Z,,,,26,Premier League,,,Premier League,23032,False,2025-12-25T09:23:06.563176+00:00
4813633,4813633,Tottenham Hotspur,Newcastle United,2026-02-10T19:30:00Z,,,,26,Premier League,,,Premier League,23032,False,2025-12-25T09:23:06.563177+00:00
4813634,4813634,West Ham United,Manchester United,2026-02-10T20:15:00Z,,,,26,Premier League,,,Premier League,23032,False,2025-12-25T09:23:06.563179+00:00
4813625,4813625,Aston Villa,Brighton & Hove Albion,2026-02-11T19:30:00Z,,,,26,Premier League,,,Premier League,23032,False,2025-12-25T09:23:06.563180+00:00
4813628,4813628,Crystal Palace,Burnley,2026-02-11T19:30:00Z,,,,26,Premier League,,,Premier League,23032,False,2025-12-25T09:23:06.563182+00:00
4813630,4813630,Manchester City,Fulham,2026-02-11T19:30:00Z,,,,26,Premier League,,,Premier League,23032,False,2025-12-25T09:23:06.563184+00:00
4813631,4813631,Nottingham Forest,Wolverhampton Wanderers,2026-02-11T19:30:00Z,,,,26,Premier League,,,Premier League,23032,False,2025-12-25T09:23:06.563185+00:00
4813632,4813632,Sunderland,Liverpool,2026-02-11T20:15:00Z,,,,26,Premier League,,,Premier League,23032,False,2025-12-25T09:23:06.563186+00:00
4813626,4813626,Brentford,Arsenal,2026-02-12T20:00:00Z,,,,26,Premier League,,,Premier League,23032,False,2025-12-25T09:23:06.563188+00:00
4813640,4813640,Manchester City,Newcastle United,2026-02-21T12:30:00Z,,,,27,Premier League,,,Premier League,23032,False,2025-12-25T09:23:06.563189+00:00
4813635,4813635,Aston Villa,Leeds United,2026-02-21T15:00:00Z,,,,27,Premier League,,,Premier League,23032,False,2025-12-25T09:23:06.563192+00:00
4813636,4813636,Brentford,Brighton & Hove Albion,2026-02-21T15:00:00Z,,,,27,Premier League,,,Premier League,23032,False,2025-12-25T09:23:06.563193+00:00
4813637,4813637,Chelsea,Burnley,2026-02-21T15:00:00Z,,,,27,Premier League,,,Premier League,23032,False,2025-12-25T09:23:06.563195+00:00
4813638,4813638,Crystal Palace,Wolverhampton Wanderers,2026-02-21T15:00:00Z,,,,27,Premier League,,,Premier League,23032,False,2025-12-25T09:23:06.563196+00:00
4813641,4813641,Nottingham Forest,Liverpool,2026-02-21T15:00:00Z,,,,27,Premier League,,,Premier League,23032,False,2025-12-25T09:23:06.563198+00:00
4813644,4813644,West Ham United,AFC Bournemouth,2026-02-21T17:30:00Z,,,,27,Premier League,,,Premier League,23032,False,2025-12-25T09:23:06.563200+00:00
4813642,4813642,Sunderland,Fulham,2026-02-22T14:00:00Z,,,,27,Premier League,,,Premier League,23032,False,2025-12-25T09:23:06.563201+00:00
4813643,4813643,Tottenham Hotspur,Arsenal,2026-02-22T16:30:00Z,,,,27,Premier League,,,Premier League,23032,False,2025-12-25T09:23:06.563203+00:00
4813639,4813639,Everton,Manchester United,2026-02-23T20:00:00Z,,,,27,Premier League,,,Premier League,23032,False,2025-12-25T09:23:06.563204+00:00
4813654,4813654,Wolverhampton Wanderers,Aston Villa,2026-02-27T20:00:00Z,,,,28,Premier League,,,Premier League,23032,False,2025-12-25T09:23:06.563206+00:00
4813645,4813645,AFC Bournemouth,Sunderland,2026-02-28T12:30:00Z,,,,28,Premier League,,,Premier League,23032,False,2025-12-25T09:23:06.563207+00:00
4813647,4813647,Brighton & Hove Albion,Nottingham Forest,2026-02-28T15:00:00Z,,,,28,Premier League,,,Premier League,23032,False,2025-12-25T09:23:06.563209+00:00
4813648,4813648,Burnley,Brentford,2026-02-28T15:00:00Z,,,,28,Premier League,,,Premier League,23032,False,2025-12-25T09:23:06.563210+00:00
4813651,4813651,Liverpool,West Ham United,2026-02-28T15:00:00Z,,,,28,Premier League,,,Premier League,23032,False,2025-12-25T09:23:06.563212+00:00
4813652,4813652,Manchester United,Crystal Palace,2026-02-28T15:00:00Z,,,,28,Premier League,,,Premier League,23032,False,2025-12-25T09:23:06.563213+00:00
4813653,4813653,Newcastle United,Everton,2026-02-28T15:00:00Z,,,,28,Premier League,,,Premier League,23032,False,2025-12-25T09:23:06.563215+00:00
4813650,4813650,Leeds United,Manchester City,2026-02-28T17:30:00Z,,,,28,Premier League,,,Premier League,23032,False,2025-12-25T09:23:06.563217+00:00
4813649,4813649,Fulham,Tottenham Hotspur,2026-03-01T14:00:00Z,,,,28,Premier League,,,Premier League,23032,False,2025-12-25T09:23:06.563218+00:00
4813646,4813646,Arsenal,Chelsea,2026-03-01T16:30:00Z,,,,28,Premier League,,,Premier League,23032,False,2025-12-25T09:23:06.563219+00:00
4813655,4813655,AFC Bournemouth,Brentford,2026-03-04T20:00:00Z,,,,29,Premier League,,,Premier League,23032,False,2025-12-25T09:23:06.563221+00:00
4813656,4813656,Aston Villa,Chelsea,2026-03-04T20:00:00Z,,,,29,Premier League,,,Premier League,23032,False,2025-12-25T09:23:06.563223+00:00
4813657,4813657,Brighton & Hove Albion,Arsenal,2026-03-04T20:00:00Z,,,,29,Premier League,,,Premier League,23032,False,2025-12-25T09:23:06.563225+00:00
4813658,4813658,Everton,Burnley,2026-03-04T20:00:00Z,,,,29,Premier League,,,Premier League,23032,False,2025-12-25T09:23:06.563226+00:00
4813659,4813659,Fulham,West Ham United,2026-03-04T20:00:00Z,,,,29,Premier League,,,Premier League,23032,False,2025-12-25T09:23:06.563228+00:00
4813660,4813660,Leeds United,Sunderland,2026-03-04T20:00:00Z,,,,29,Premier League,,,Premier League,23032,False,2025-12-25T09:23:06.563229+00:00
4813661,4813661,Manchester City,Nottingham Forest,2026-03-04T20:00:00Z,,,,29,Premier League,,,Premier League,23032,False,2025-12-25T09:23:06.563231+00:00
4813662,4813662,Newcastle United,Manchester United,2026-03-04T20:00:00Z,,,,29,Premier League,,,Premier League,23032,False,2025-12-25T09:23:06.563233+00:00
4813663,4813663,Tottenham Hotspur,Crystal Palace,2026-03-04T20:00:00Z,,,,29,Premier League,,,Premier League,23032,False,2025-12-25T09:23:06.563234+00:00
4813664,4813664,Wolverhampton Wanderers,Liverpool,2026-03-04T20:00:00Z,,,,29,Premier League,,,Premier League,23032,False,2025-12-25T09:23:06.563236+00:00
4813665,4813665,Arsenal,Everton,2026-03-14T15:00:00Z,,,,30,Premier League,,,Premier League,23032,False,2025-12-25T09:23:06.563237+00:00
4813666,4813666,Brentford,Wolverhampton Wanderers,2026-03-14T15:00:00Z,,,,30,Premier League,,,Premier League,23032,False,2025-12-25T09:23:06.563239+00:00
4813667,4813667,Burnley,AFC Bournemouth,2026-03-14T15:00:00Z,,,,30,Premier League,,,Premier League,23032,False,2025-12-25T09:23:06.563240+00:00
4813668,4813668,Chelsea,Newcastle United,2026-03-14T15:00:00Z,,,,30,Premier League,,,Premier League,23032,False,2025-12-25T09:23:06.563242+00:00
4813669,4813669,Crystal Palace,Leeds United,2026-03-14T15:00:00Z,,,,30,Premier League,,,Premier League,23032,False,2025-12-25T09:23:06.563243+00:00
4813670,4813670,Liverpool,Tottenham Hotspur,2026-03-14T15:00:00Z,,,,30,Premier League,,,Premier League,23032,False,2025-12-25T09:23:06.563245+00:00
4813671,4813671,Manchester United,Aston Villa,2026-03-14T15:00:00Z,,,,30,Premier League,,,Premier League,23032,False,2025-12-25T09:23:06.563248+00:00
4813672,4813672,Nottingham Forest,Fulham,2026-03-14T15:00:00Z,,,,30,Premier League,,,Premier League,23032,False,2025-12-25T09:23:06.563249+00:00
4813673,4813673,Sunderland,Brighton & Hove Albion,2026-03-14T15:00:00Z,,,,30,Premier League,,,Premier League,23032,False,2025-12-25T09:23:06.563251+00:00
4813674,4813674,West Ham United,Manchester City,2026-03-14T15:00:00Z,,,,30,Premier League,,,Premier League,23032,False,2025-12-25T09:23:06.563252+00:00
4813675,4813675,AFC Bournemouth,Manchester United,2026-03-21T15:00:00Z,,,,31,Premier League,,,Premier League,23032,False,2025-12-25T09:23:06.563269+00:00
4813676,4813676,Aston Villa,West Ham United,2026-03-21T15:00:00Z,,,,31,Premier League,,,Premier League,23032,False,2025-12-25T09:23:06.563275+00:00
4813677,4813677,Brighton & Hove Albion,Liverpool,2026-03-21T15:00:00Z,,,,31,Premier League,,,Premier League,23032,False,2025-12-25T09:23:06.563278+00:00
4813678,4813678,Everton,Chelsea,2026-03-21T15:00:00Z,,,,31,Premier League,,,Premier League,23032,False,2025-12-25T09:23:06.563280+00:00
4813679,4813679,Fulham,Burnley,2026-03-21T15:00:00Z,,,,31,Premier League,,,Premier League,23032,False,2025-12-25T09:23:06.563284+00:00
4813680,4813680,Leeds United,Brentford,2026-03-21T15:00:00Z,,,,31,Premier League,,,Premier League,23032,False,2025-12-25T09:23:06.563286+00:00
4813681,4813681,Manchester City,Crystal Palace,2026-03-21T15:00:00Z,,,,31,Premier League,,,Premier League,23032,False,2025-12-25T09:23:06.563288+00:00
4813682,4813682,Newcastle United,Sunderland,2026-03-21T15:00:00Z,,,,31,Premier League,,,Premier League,23032,False,2025-12-25T09:23:06.563290+00:00
4813683,4813683,Tottenham Hotspur,Nottingham Forest,2026-03-21T15:00:00Z,,,,31,Premier League,,,Premier League,23032,False,2025-12-25T09:23:06.563291+00:00
4813684,4813684,Wolverhampton Wanderers,Arsenal,2026-03-21T15:00:00Z,,,,31,Premier League,,,Premier League,23032,False,2025-12-25T09:23:06.563293+00:00
4813685,4813685,Arsenal,AFC Bournemouth,2026-04-11T14:00:00Z,,,,32,Premier League,,,Premier League,23032,False,2025-12-25T09:23:06.563294+00:00
4813686,4813686,Brentford,Everton,2026-04-11T14:00:00Z,,,,32,Premier League,,,Premier League,23032,False,2025-12-25T09:23:06.563296+00:00
4813687,4813687,Burnley,Brighton & Hove Albion,2026-04-11T14:00:00Z,,,,32,Premier League,,,Premier League,23032,False,2025-12-25T09:23:06.563297+00:00
4813688,4813688,Chelsea,Manchester City,2026-04-11T14:00:00Z,,,,32,Premier League,,,Premier League,23032,False,2025-12-25T09:23:06.563298+00:00
4813689,4813689,Crystal Palace,Newcastle United,2026-04-11T14:00:00Z,,,,32,Premier League,,,Premier League,23032,False,2025-12-25T09:23:06.563300+00:00
4813690,4813690,Liverpool,Fulham,2026-04-11T14:00:00Z,,,,32,Premier League,,,Premier League,23032,False,2025-12-25T09:23:06.563302+00:00
4813691,4813691,Manchester United,Leeds United,2026-04-11T14:00:00Z,,,,32,Premier League,,,Premier League,23032,False,2025-12-25T09:23:06.563304+00:00
4813692,4813692,Nottingham Forest,Aston Villa,2026-04-11T14:00:00Z,,,,32,Premier League,,,Premier League,23032,False,2025-12-25T09:23:06.563305+00:00
4813693,4813693,Sunderland,Tottenham Hotspur,2026-04-11T14:00:00Z,,,,32,Premier League,,,Premier League,23032,False,2025-12-25T09:23:06.563307+00:00
4813694,4813694,West Ham United,Wolverhampton Wanderers,2026-04-11T14:00:00Z,,,,32,Premier League,,,Premier League,23032,False,2025-12-25T09:23:06.563308+00:00
4813695,4813695,Aston Villa,Sunderland,2026-04-18T14:00:00Z,,,,33,Premier League,,,Premier League,23032,False,2025-12-25T09:23:06.563309+00:00
4813696,4813696,Brentford,Fulham,2026-04-18T14:00:00Z,,,,33,Premier League,,,Premier League,23032,False,2025-12-25T09:23:06.563311+00:00
4813697,4813697,Chelsea,Manchester United,2026-04-18T14:00:00Z,,,,33,Premier League,,,Premier League,23032,False,2025-12-25T09:23:06.563312+00:00
4813698,4813698,Crystal Palace,West Ham United,2026-04-18T14:00:00Z,,,,33,Premier League,,,Premier League,23032,False,2025-12-25T09:23:06.563314+00:00
4813699,4813699,Everton,Liverpool,2026-04-18T14:00:00Z,,,,33,Premier League,,,Premier League,23032,False,2025-12-25T09:23:06.563315+00:00
4813700,4813700,Leeds United,Wolverhampton Wanderers,2026-04-18T14:00:00Z,,,,33,Premier League,,,Premier League,23032,False,2025-12-25T09:23:06.563317+00:00
4813701,4813701,Manchester City,Arsenal,2026-04-18T14:00:00Z,,,,33,Premier League,,,Premier League,23032,False,2025-12-25T09:23:06.563319+00:00
4813702,4813702,Newcastle United,AFC Bournemouth,2026-04-18T14:00:00Z,,,,33,Premier League,,,Premier League,23032,False,2025-12-25T09:23:06.563320+00:00
4813703,4813703,Nottingham Forest,Burnley,2026-04-18T14:00:00Z,,,,33,Premier League,,,Premier League,23032,False,2025-12-25T09:23:06.563322+00:00
4813704,4813704,Tottenham Hotspur,Brighton & Hove Albion,2026-04-18T14:00:00Z,,,,33,Premier League,,,Premier League,23032,False,2025-12-25T09:23:06.563323+00:00
4813705,4813705,AFC Bournemouth,Leeds United,2026-04-25T14:00:00Z,,,,34,Premier League,,,Premier League,23032,False,2025-12-25T09:23:06.563325+00:00
4813706,4813706,Arsenal,Newcastle United,2026-04-25T14:00:00Z,,,,34,Premier League,,,Premier League,23032,False,2025-12-25T09:23:06.563326+00:00
4813707,4813707,Brighton & Hove Albion,Chelsea,2026-04-25T14:00:00Z,,,,34,Premier League,,,Premier League,23032,False,2025-12-25T09:23:06.563328+00:00
4813708,4813708,Burnley,Manchester City,2026-04-25T14:00:00Z,,,,34,Premier League,,,Premier League,23032,False,2025-12-25T09:23:06.563329+00:00
4813709,4813709,Fulham,Aston Villa,2026-04-25T14:00:00Z,,,,34,Premier League,,,Premier League,23032,False,2025-12-25T09:23:06.563331+00:00
4813710,4813710,Liverpool,Crystal Palace,2026-04-25T14:00:00Z,,,,34,Premier League,,,Premier League,23032,False,2025-12-25T09:23:06.563332+00:00
4813711,4813711,Manchester United,Brentford,2026-04-25T14:00:00Z,,,,34,Premier League,,,Premier League,23032,False,2025-12-25T09:23:06.563335+00:00
4813712,4813712,Sunderland,Nottingham Forest,2026-04-25T14:00:00Z,,,,34,Premier League,,,Premier League,23032,False,2025-12-25T09:23:06.563336+00:00
4813713,4813713,West Ham United,Everton,2026-04-25T14:00:00Z,,,,34,Premier League,,,Premier League,23032,False,2025-12-25T09:23:06.563337+00:00
4813714,4813714,Wolverhampton Wanderers,Tottenham Hotspur,2026-04-25T14:00:00Z,,,,34,Premier League,,,Premier League,23032,False,2025-12-25T09:23:06.563339+00:00
4813715,4813715,AFC Bournemouth,Crystal Palace,2026-05-02T14:00:00Z,,,,35,Premier League,,,Premier League,23032,False,2025-12-25T09:23:06.563340+00:00
4813716,4813716,Arsenal,Fulham,2026-05-02T14:00:00Z,,,,35,Premier League,,,Premier League,23032,False,2025-12-25T09:23:06.563342+00:00
4813717,4813717,Aston Villa,Tottenham Hotspur,2026-05-02T14:00:00Z,,,,35,Premier League,,,Premier League,23032,False,2025-12-25T09:23:06.563344+00:00
4813718,4813718,Brentford,West Ham United,2026-05-02T14:00:00Z,,,,35,Premier League,,,Premier League,23032,False,2025-12-25T09:23:06.563345+00:00
4813719,4813719,Chelsea,Nottingham Forest,2026-05-02T14:00:00Z,,,,35,Premier League,,,Premier League,23032,False,2025-12-25T09:23:06.563347+00:00
4813720,4813720,Everton,Manchester City,2026-05-02T14:00:00Z,,,,35,Premier League,,,Premier League,23032,False,2025-12-25T09:23:06.563348+00:00
4813721,4813721,Leeds United,Burnley,2026-05-02T14:00:00Z,,,,35,Premier League,,,Premier League,23032,False,2025-12-25T09:23:06.563350+00:00
4813722,4813722,Manchester United,Liverpool,2026-05-02T14:00:00Z,,,,35,Premier League,,,Premier League,23032,False,2025-12-25T09:23:06.563353+00:00
4813723,4813723,Newcastle United,Brighton & Hove Albion,2026-05-02T14:00:00Z,,,,35,Premier League,,,Premier League,23032,False,2025-12-25T09:23:06.563354+00:00
4813724,4813724,Wolverhampton Wanderers,Sunderland,2026-05-02T14:00:00Z,,,,35,Premier League,,,Premier League,23032,False,2025-12-25T09:23:06.563355+00:00
4813725,4813725,Brighton & Hove Albion,Wolverhampton Wanderers,2026-05-09T14:00:00Z,,,,36,Premier League,,,Premier League,23032,False,2025-12-25T09:23:06.563357+00:00
4813726,4813726,Burnley,Aston Villa,2026-05-09T14:00:00Z,,,,36,Premier League,,,Premier League,23032,False,2025-12-25T09:23:06.563358+00:00
4813727,4813727,Crystal Palace,Everton,2026-05-09T14:00:00Z,,,,36,Premier League,,,Premier League,23032,False,2025-12-25T09:23:06.563371+00:00
4813728,4813728,Fulham,AFC Bournemouth,2026-05-09T14:00:00Z,,,,36,Premier League,,,Premier League,23032,False,2025-12-25T09:23:06.563374+00:00
4813729,4813729,Liverpool,Chelsea,2026-05-09T14:00:00Z,,,,36,Premier League,,,Premier League,23032,False,2025-12-25T09:23:06.563375+00:00
4813730,4813730,Manchester City,Brentford,2026-05-09T14:00:00Z,,,,36,Premier League,,,Premier League,23032,False,2025-12-25T09:23:06.563377+00:00
4813731,4813731,Nottingham Forest,Newcastle United,2026-05-09T14:00:00Z,,,,36,Premier League,,,Premier League,23032,False,2025-12-25T09:23:06.563379+00:00
4813732,4813732,Sunderland,Manchester United,2026-05-09T14:00:00Z,,,,36,Premier League,,,Premier League,23032,False,2025-12-25T09:23:06.563380+00:00
4813733,4813733,Tottenham Hotspur,Leeds United,2026-05-09T14:00:00Z,,,,36,Premier League,,,Premier League,23032,False,2025-12-25T09:23:06.563382+00:00
4813734,4813734,West Ham United,Arsenal,2026-05-09T14:00:00Z,,,,36,Premier League,,,Premier League,23032,False,2025-12-25T09:23:06.563383+00:00
4813735,4813735,AFC Bournemouth,Manchester City,2026-05-17T14:00:00Z,,,,37,Premier League,,,Premier League,23032,False,2025-12-25T09:23:06.563385+00:00
4813736,4813736,Arsenal,Burnley,2026-05-17T14:00:00Z,,,,37,Premier League,,,Premier League,23032,False,2025-12-25T09:23:06.563386+00:00
4813737,4813737,Aston Villa,Liverpool,2026-05-17T14:00:00Z,,,,37,Premier League,,,Premier League,23032,False,2025-12-25T09:23:06.563387+00:00
4813738,4813738,Brentford,Crystal Palace,2026-05-17T14:00:00Z,,,,37,Premier League,,,Premier League,23032,False,2025-12-25T09:23:06.563389+00:00
4813739,4813739,Chelsea,Tottenham Hotspur,2026-05-17T14:00:00Z,,,,37,Premier League,,,Premier League,23032,False,2025-12-25T09:23:06.563390+00:00
4813740,4813740,Everton,Sunderland,2026-05-17T14:00:00Z,,,,37,Premier League,,,Premier League,23032,False,2025-12-25T09:23:06.563391+00:00
4813741,4813741,Leeds United,Brighton & Hove Albion,2026-05-17T14:00:00Z,,,,37,Premier League,,,Premier League,23032,False,2025-12-25T09:23:06.563393+00:00
4813742,4813742,Manchester United,Nottingham Forest,2026-05-17T14:00:00Z,,,,37,Premier League,,,Premier League,23032,False,2025-12-25T09:23:06.563395+00:00
4813743,4813743,Newcastle United,West Ham United,2026-05-17T14:00:00Z,,,,37,Premier League,,,Premier League,23032,False,2025-12-25T09:23:06.563396+00:00
4813744,4813744,Wolverhampton Wanderers,Fulham,2026-05-17T14:00:00Z,,,,37,Premier League,,,Premier League,23032,False,2025-12-25T09:23:06.563398+00:00
4813745,4813745,Brighton & Hove Albion,Manchester United,2026-05-24T15:00:00Z,,,,38,Premier League,,,Premier League,23032,False,2025-12-25T09:23:06.563399+00:00
4813746,4813746,Burnley,Wolverhampton Wanderers,2026-05-24T15:00:00Z,,,,38,Premier League,,,Premier League,23032,False,2025-12-25T09:23:06.563401+00:00
4813747,4813747,Crystal Palace,Arsenal,2026-05-24T15:00:00Z,,,,38,Premier League,,,Premier League,23032,False,2025-12-25T09:23:06.563402+00:00
4813748,4813748,Fulham,Newcastle United,2026-05-24T15:00:00Z,,,,38,Premier League,,,Premier League,23032,False,2025-12-25T09:23:06.563404+00:00
4813749,4813749,Liverpool,Brentford,2026-05-24T15:00:00Z,,,,38,Premier League,,,Premier League,23032,False,2025-12-25T09:23:06.563405+00:00
4813750,4813750,Manchester City,Aston Villa,2026-05-24T15:00:00Z,,,,38,Premier League,,,Premier League,23032,False,2025-12-25T09:23:06.563407+00:00
4813751,4813751,Nottingham Forest,AFC Bournemouth,2026-05-24T15:00:00Z,,,,38,Premier League,,,Premier League,23032,False,2025-12-25T09:23:06.563409+00:00
4813752,4813752,Sunderland,Chelsea,2026-05-24T15:00:00Z,,,,38,Premier League,,,Premier League,23032,False,2025-12-25T09:23:06.563410+00:00
4813753,4813753,Tottenham Hotspur,Everton,2026-05-24T15:00:00Z,,,,38,Premier League,,,Premier League,23032,False,2025-12-25T09:23:06.563412+00:00
4813754,4813754,West Ham United,Leeds United,2026-05-24T15:00:00Z,,,,38,Premier League,,,Premier League,23032,False,2025-12-25T09:23:06.563413+00:00
