match_id,fotmob_home,fotmob_away,csv_home,csv_away,match_date,real_home_odds,real_draw_odds,real_away_odds,is_matched
4813374,Liverpool,AFC Bournemouth,Liverpool,AFC Bournemouth,2025-08-15T19:00:00Z,1.11,10.17,25.51,True
4813374,Liverpool,AFC Bournemouth,Liverpool,AFC Bournemouth,2025-08-15T19:00:00Z,1.23,6.86,11.82,True
4813374,Liverpool,AFC Bournemouth,Liverpool,AFC Bournemouth,2025-08-15T19:00:00Z,1.29,6.31,9.35,True
4813377,Nottingham Forest,Brentford,Nottingham Forest,Brentford,2025-08-17T13:00:00Z,2.78,3.39,2.59,True
4813381,Chelsea,Crystal Palace,Chelsea,Crystal Palace,2025-08-17T13:00:00Z,1.66,3.93,5.47,True
4813377,Nottingham Forest,Brentford,Nottingham Forest,Brentford,2025-08-17T13:00:00Z,2.81,3.27,2.65,True
4813381,Chelsea,Crystal Palace,Chelsea,Crystal Palace,2025-08-17T13:00:00Z,1.7,3.91,5.02,True
4813381,Chelsea,Crystal Palace,Chelsea,Crystal Palace,2025-08-17T13:00:00Z,1.63,4.4,5.01,True
4813377,Nottingham Forest,Brentford,Nottingham Forest,Brentford,2025-08-17T13:00:00Z,2.17,3.55,3.27,True
4813394,West Ham United,Chelsea,West Ham United,Chelsea,2025-08-22T19:00:00Z,3.4,3.29,2.27,True
4813394,West Ham United,Chelsea,West Ham United,Chelsea,2025-08-22T19:00:00Z,3.66,3.57,2.04,True
4813394,West Ham United,Chelsea,West Ham United,Chelsea,2025-08-22T19:00:00Z,3.49,3.89,2.01,True
4813385,AFC Bournemouth,Wolverhampton Wanderers,AFC Bournemouth,Wolverhampton Wanderers,2025-08-23T14:00:00Z,3.53,3.38,2.16,True
4813387,Brentford,Aston Villa,Brentford,Aston Villa,2025-08-23T14:00:00Z,2.53,3.38,2.84,True
4813385,AFC Bournemouth,Wolverhampton Wanderers,AFC Bournemouth,Wolverhampton Wanderers,2025-08-23T14:00:00Z,2.41,3.48,2.95,True
4813387,Brentford,Aston Villa,Brentford,Aston Villa,2025-08-23T14:00:00Z,3.26,3.71,2.16,True
4813385,AFC Bournemouth,Wolverhampton Wanderers,AFC Bournemouth,Wolverhampton Wanderers,2025-08-23T14:00:00Z,1.56,4.45,5.5,True
4813387,Brentford,Aston Villa,Brentford,Aston Villa,2025-08-23T14:00:00Z,2.26,3.8,2.95,True
4813389,Crystal Palace,Nottingham Forest,Crystal Palace,Nottingham Forest,2025-08-24T13:00:00Z,1.69,4.15,4.77,True
4813389,Crystal Palace,Nottingham Forest,Crystal Palace,Nottingham Forest,2025-08-24T13:00:00Z,2.24,3.25,3.49,True
4813389,Crystal Palace,Nottingham Forest,Crystal Palace,Nottingham Forest,2025-08-24T13:00:00Z,2.29,3.38,3.15,True
4813397,Chelsea,Fulham,Chelsea,Fulham,2025-08-30T11:30:00Z,1.64,4.05,5.55,True
4813397,Chelsea,Fulham,Chelsea,Fulham,2025-08-30T11:30:00Z,1.64,4.24,5.19,True
4813397,Chelsea,Fulham,Chelsea,Fulham,2025-08-30T11:30:00Z,1.47,4.88,6.15,True
4813404,Wolverhampton Wanderers,Everton,Wolverhampton Wanderers,Everton,2025-08-30T14:00:00Z,2.77,3.35,2.63,True
4813404,Wolverhampton Wanderers,Everton,Wolverhampton Wanderers,Everton,2025-08-30T14:00:00Z,2.64,3.38,2.74,True
4813404,Wolverhampton Wanderers,Everton,Wolverhampton Wanderers,Everton,2025-08-30T14:00:00Z,2.63,3.14,2.87,True
4813401,Nottingham Forest,West Ham United,Nottingham Forest,West Ham United,2025-08-31T13:00:00Z,4.21,3.64,1.9,True
4813401,Nottingham Forest,West Ham United,Nottingham Forest,West Ham United,2025-08-31T13:00:00Z,2.43,3.51,2.9,True
4813401,Nottingham Forest,West Ham United,Nottingham Forest,West Ham United,2025-08-31T13:00:00Z,2.15,3.52,3.43,True
4813399,Liverpool,Arsenal,Liverpool,Arsenal,2025-08-31T15:30:00Z,2.79,3.69,2.41,True
4813399,Liverpool,Arsenal,Liverpool,Arsenal,2025-08-31T15:30:00Z,2.43,3.63,2.83,True
4813399,Liverpool,Arsenal,Liverpool,Arsenal,2025-08-31T15:30:00Z,2.06,3.54,3.57,True
4813395,Aston Villa,Crystal Palace,Aston Villa,Crystal Palace,2025-08-31T18:00:00Z,2.07,3.32,3.88,True
4813395,Aston Villa,Crystal Palace,Aston Villa,Crystal Palace,2025-08-31T18:00:00Z,1.9,3.7,4.07,True
4813395,Aston Villa,Crystal Palace,Aston Villa,Crystal Palace,2025-08-31T18:00:00Z,1.63,4.11,5.45,True
4813406,Arsenal,Nottingham Forest,Arsenal,Nottingham Forest,2025-09-13T11:30:00Z,1.2,6.96,14.82,True
4813406,Arsenal,Nottingham Forest,Arsenal,Nottingham Forest,2025-09-13T11:30:00Z,1.18,7.64,15.67,True
4813406,Arsenal,Nottingham Forest,Arsenal,Nottingham Forest,2025-09-13T11:30:00Z,1.37,4.97,8.9,True
4813410,Everton,Aston Villa,Everton,Aston Villa,2025-09-13T14:00:00Z,2.54,3.21,2.98,True
4813410,Everton,Aston Villa,Everton,Aston Villa,2025-09-13T14:00:00Z,2.79,3.62,2.45,True
4813410,Everton,Aston Villa,Everton,Aston Villa,2025-09-13T14:00:00Z,3.2,3.24,2.35,True
4813407,Brentford,Chelsea,Brentford,Chelsea,2025-09-13T19:00:00Z,4.79,3.92,1.74,True
4813407,Brentford,Chelsea,Brentford,Chelsea,2025-09-13T19:00:00Z,3.07,3.86,2.19,True
4813407,Brentford,Chelsea,Brentford,Chelsea,2025-09-13T19:00:00Z,3.2,3.73,2.15,True
4813408,Burnley,Liverpool,Burnley,Liverpool,2025-09-14T13:00:00Z,7.67,5.3,1.39,True
4813420,Liverpool,Everton,Liverpool,Everton,2025-09-20T11:30:00Z,1.53,4.38,6.23,True
4813420,Liverpool,Everton,Liverpool,Everton,2025-09-20T11:30:00Z,1.36,5.66,8.01,True
4813420,Liverpool,Everton,Liverpool,Everton,2025-09-20T11:30:00Z,1.36,5.02,8.78,True
4813423,West Ham United,Crystal Palace,West Ham United,Crystal Palace,2025-09-20T14:00:00Z,1.94,3.49,4.18,True
4813423,West Ham United,Crystal Palace,West Ham United,Crystal Palace,2025-09-20T14:00:00Z,2.02,3.53,3.84,True
4813418,Burnley,Nottingham Forest,Burnley,Nottingham Forest,2025-09-20T14:00:00Z,2.9,3.74,2.32,True
4813423,West Ham United,Crystal Palace,West Ham United,Crystal Palace,2025-09-20T14:00:00Z,2.62,3.41,2.69,True
4813419,Fulham,Brentford,Fulham,Brentford,2025-09-20T19:00:00Z,2.46,3.42,2.92,True
4813419,Fulham,Brentford,Fulham,Brentford,2025-09-20T19:00:00Z,2.72,3.4,2.63,True
4813419,Fulham,Brentford,Fulham,Brentford,2025-09-20T19:00:00Z,2.03,3.73,3.52,True
4813428,Crystal Palace,Liverpool,Crystal Palace,Liverpool,2025-09-27T14:00:00Z,4.7,3.93,1.74,True
4813428,Crystal Palace,Liverpool,Crystal Palace,Liverpool,2025-09-27T14:00:00Z,6.12,4.54,1.52,True
4813428,Crystal Palace,Liverpool,Crystal Palace,Liverpool,2025-09-27T14:00:00Z,6.36,4.65,1.49,True
4813425,Aston Villa,Fulham,Aston Villa,Fulham,2025-09-28T13:00:00Z,1.8,3.87,4.43,True
4813425,Aston Villa,Fulham,Aston Villa,Fulham,2025-09-28T13:00:00Z,1.59,4.28,5.66,True
4813425,Aston Villa,Fulham,Aston Villa,Fulham,2025-09-28T13:00:00Z,1.79,3.88,4.32,True
4813429,Everton,West Ham United,Everton,West Ham United,2025-09-29T19:00:00Z,2.95,3.31,2.5,True
4813429,Everton,West Ham United,Everton,West Ham United,2025-09-29T19:00:00Z,2.09,3.57,3.52,True
4813429,Everton,West Ham United,Everton,West Ham United,2025-09-29T19:00:00Z,2.11,3.27,3.81,True
4813435,AFC Bournemouth,Fulham,AFC Bournemouth,Fulham,2025-10-03T19:00:00Z,2.56,3.34,2.84,True
4813435,AFC Bournemouth,Fulham,AFC Bournemouth,Fulham,2025-10-03T19:00:00Z,2.22,3.62,3.2,True
4813435,AFC Bournemouth,Fulham,AFC Bournemouth,Fulham,2025-10-03T19:00:00Z,2.15,3.58,3.3,True
4813436,Arsenal,West Ham United,Arsenal,West Ham United,2025-10-04T14:00:00Z,1.51,4.39,6.52,True
4813436,Arsenal,West Ham United,Arsenal,West Ham United,2025-10-04T14:00:00Z,1.35,5.39,8.64,True
4813436,Arsenal,West Ham United,Arsenal,West Ham United,2025-10-04T14:00:00Z,1.25,6.2,11.63,True
4813439,Chelsea,Liverpool,Chelsea,Liverpool,2025-10-04T16:30:00Z,2.25,3.46,3.28,True
4813439,Chelsea,Liverpool,Chelsea,Liverpool,2025-10-04T16:30:00Z,2.87,3.64,2.39,True
4813439,Chelsea,Liverpool,Chelsea,Liverpool,2025-10-04T16:30:00Z,2.18,3.71,3.14,True
4813440,Everton,Crystal Palace,Everton,Crystal Palace,2025-10-05T13:00:00Z,2.58,3.18,2.96,True
4813437,Aston Villa,Burnley,Aston Villa,Burnley,2025-10-05T13:00:00Z,1.37,5.27,8.15,True
4813440,Everton,Crystal Palace,Everton,Crystal Palace,2025-10-05T13:00:00Z,1.73,3.68,5.12,True
4813440,Everton,Crystal Palace,Everton,Crystal Palace,2025-10-05T13:00:00Z,2.73,3.39,2.63,True
4813451,Nottingham Forest,Chelsea,Nottingham Forest,Chelsea,2025-10-18T11:30:00Z,5.21,3.88,1.69,True
4813451,Nottingham Forest,Chelsea,Nottingham Forest,Chelsea,2025-10-18T11:30:00Z,3.39,3.94,2.03,True
4813451,Nottingham Forest,Chelsea,Nottingham Forest,Chelsea,2025-10-18T11:30:00Z,3.09,3.72,2.2,True
4813447,Crystal Palace,AFC Bournemouth,Crystal Palace,AFC Bournemouth,2025-10-18T14:00:00Z,1.88,3.7,4.18,True
4813447,Crystal Palace,AFC Bournemouth,Crystal Palace,AFC Bournemouth,2025-10-18T14:00:00Z,2.27,3.45,3.25,True
4813447,Crystal Palace,AFC Bournemouth,Crystal Palace,AFC Bournemouth,2025-10-18T14:00:00Z,2.54,3.54,2.69,True
4813448,Fulham,Arsenal,Fulham,Arsenal,2025-10-18T16:30:00Z,5.74,4.17,1.59,True
4813448,Fulham,Arsenal,Fulham,Arsenal,2025-10-18T16:30:00Z,5.74,4.29,1.57,True
4813448,Fulham,Arsenal,Fulham,Arsenal,2025-10-18T16:30:00Z,5.4,4.24,1.61,True
4813454,West Ham United,Brentford,West Ham United,Brentford,2025-10-20T19:00:00Z,2.06,3.59,3.64,True
4813454,West Ham United,Brentford,West Ham United,Brentford,2025-10-20T19:00:00Z,2.5,3.6,2.73,True
4813454,West Ham United,Brentford,West Ham United,Brentford,2025-10-20T19:00:00Z,2.41,3.64,2.82,True
4813458,Brentford,Liverpool,Brentford,Liverpool,2025-10-25T19:00:00Z,5.65,4.52,1.56,True
4813458,Brentford,Liverpool,Brentford,Liverpool,2025-10-25T19:00:00Z,5.24,4.52,1.59,True
4813458,Brentford,Liverpool,Brentford,Liverpool,2025-10-25T19:00:00Z,6.43,5.15,1.43,True
4813455,AFC Bournemouth,Nottingham Forest,AFC Bournemouth,Nottingham Forest,2025-10-26T14:00:00Z,2.76,3.18,2.76,True
4813456,Arsenal,Crystal Palace,Arsenal,Crystal Palace,2025-10-26T14:00:00Z,1.26,5.93,12.83,True
4813464,Wolverhampton Wanderers,Burnley,Wolverhampton Wanderers,Burnley,2025-10-26T14:00:00Z,1.89,3.62,4.31,True
4813456,Arsenal,Crystal Palace,Arsenal,Crystal Palace,2025-10-26T14:00:00Z,1.29,5.74,11.19,True
4813455,AFC Bournemouth,Nottingham Forest,AFC Bournemouth,Nottingham Forest,2025-10-26T14:00:00Z,1.7,4.15,4.65,True
4813455,AFC Bournemouth,Nottingham Forest,AFC Bournemouth,Nottingham Forest,2025-10-26T14:00:00Z,2.09,3.64,3.42,True
4813456,Arsenal,Crystal Palace,Arsenal,Crystal Palace,2025-10-26T14:00:00Z,1.41,4.66,8.13,True
4813467,Crystal Palace,Brentford,Crystal Palace,Brentford,2025-11-01T15:00:00Z,2.1,3.42,3.72,True
4813468,Fulham,Wolverhampton Wanderers,Fulham,Wolverhampton Wanderers,2025-11-01T15:00:00Z,2.54,3.22,3.0,True
4813468,Fulham,Wolverhampton Wanderers,Fulham,Wolverhampton Wanderers,2025-11-01T15:00:00Z,2.43,3.34,3.02,True
4813467,Crystal Palace,Brentford,Crystal Palace,Brentford,2025-11-01T15:00:00Z,2.23,3.33,3.43,True
4813466,Burnley,Arsenal,Burnley,Arsenal,2025-11-01T15:00:00Z,9.94,5.73,1.31,True
4813468,Fulham,Wolverhampton Wanderers,Fulham,Wolverhampton Wanderers,2025-11-01T15:00:00Z,1.65,4.09,5.23,True
4813467,Crystal Palace,Brentford,Crystal Palace,Brentford,2025-11-01T15:00:00Z,2.06,3.68,3.47,True
4813469,Liverpool,Aston Villa,Liverpool,Aston Villa,2025-11-01T20:00:00Z,1.49,4.86,6.16,True
4813469,Liverpool,Aston Villa,Liverpool,Aston Villa,2025-11-01T20:00:00Z,1.66,4.49,4.57,True
4813469,Liverpool,Aston Villa,Liverpool,Aston Villa,2025-11-01T20:00:00Z,1.42,5.26,6.7,True
4813479,Everton,Fulham,Everton,Fulham,2025-11-08T15:00:00Z,2.07,3.39,3.78,True
4813479,Everton,Fulham,Everton,Fulham,2025-11-08T15:00:00Z,2.24,3.43,3.3,True
4813484,West Ham United,Burnley,West Ham United,Burnley,2025-11-08T15:00:00Z,1.67,4.08,4.97,True
4813479,Everton,Fulham,Everton,Fulham,2025-11-08T15:00:00Z,2.76,3.37,2.6,True
4813477,Chelsea,Wolverhampton Wanderers,Chelsea,Wolverhampton Wanderers,2025-11-08T20:00:00Z,1.4,4.82,8.5,True
4813477,Chelsea,Wolverhampton Wanderers,Chelsea,Wolverhampton Wanderers,2025-11-08T20:00:00Z,1.63,4.22,5.24,True
4813477,Chelsea,Wolverhampton Wanderers,Chelsea,Wolverhampton Wanderers,2025-11-08T20:00:00Z,1.37,5.51,7.3,True
4813475,Aston Villa,AFC Bournemouth,Aston Villa,AFC Bournemouth,2025-11-09T14:00:00Z,1.72,3.85,4.99,True
4813475,Aston Villa,AFC Bournemouth,Aston Villa,AFC Bournemouth,2025-11-09T14:00:00Z,1.87,4.11,3.76,True
4813475,Aston Villa,AFC Bournemouth,Aston Villa,AFC Bournemouth,2025-11-09T14:00:00Z,1.86,3.97,3.97,True
4813488,Burnley,Chelsea,Burnley,Chelsea,2025-11-22T12:30:00Z,4.63,3.92,1.76,True
4813491,Liverpool,Nottingham Forest,Liverpool,Nottingham Forest,2025-11-22T15:00:00Z,1.18,7.64,16.06,True
4813485,AFC Bournemouth,West Ham United,AFC Bournemouth,West Ham United,2025-11-22T15:00:00Z,2.83,3.25,2.61,True
4813494,Wolverhampton Wanderers,Crystal Palace,Wolverhampton Wanderers,Crystal Palace,2025-11-22T15:00:00Z,2.52,3.14,3.09,True
4813485,AFC Bournemouth,West Ham United,AFC Bournemouth,West Ham United,2025-11-22T15:00:00Z,2.69,3.44,2.64,True
4813491,Liverpool,Nottingham Forest,Liverpool,Nottingham Forest,2025-11-22T15:00:00Z,1.27,6.38,10.39,True
4813494,Wolverhampton Wanderers,Crystal Palace,Wolverhampton Wanderers,Crystal Palace,2025-11-22T15:00:00Z,2.86,3.51,2.47,True
4813491,Liverpool,Nottingham Forest,Liverpool,Nottingham Forest,2025-11-22T15:00:00Z,1.22,7.03,12.4,True
4813494,Wolverhampton Wanderers,Crystal Palace,Wolverhampton Wanderers,Crystal Palace,2025-11-22T15:00:00Z,2.53,3.4,2.85,True
4813485,AFC Bournemouth,West Ham United,AFC Bournemouth,West Ham United,2025-11-22T15:00:00Z,1.71,4.19,4.43,True
4813496,Brentford,Burnley,Brentford,Burnley,2025-11-29T15:00:00Z,1.83,3.74,4.4,True
4813495,Aston Villa,Wolverhampton Wanderers,Aston Villa,Wolverhampton Wanderers,2025-11-30T14:05:00Z,1.99,3.57,3.86,True
4813504,West Ham United,Liverpool,West Ham United,Liverpool,2025-11-30T14:05:00Z,3.96,3.86,1.88,True
4813495,Aston Villa,Wolverhampton Wanderers,Aston Villa,Wolverhampton Wanderers,2025-11-30T14:05:00Z,1.64,4.38,4.86,True
4813504,West Ham United,Liverpool,West Ham United,Liverpool,2025-11-30T14:05:00Z,5.63,4.89,1.51,True
4813495,Aston Villa,Wolverhampton Wanderers,Aston Villa,Wolverhampton Wanderers,2025-11-30T14:05:00Z,1.59,4.39,5.35,True
4813504,West Ham United,Liverpool,West Ham United,Liverpool,2025-11-30T14:05:00Z,7.04,5.21,1.4,True
4813497,Chelsea,Arsenal,Chelsea,Arsenal,2025-11-30T16:30:00Z,2.64,3.42,2.7,True
4813497,Chelsea,Arsenal,Chelsea,Arsenal,2025-11-30T16:30:00Z,3.24,3.47,2.26,True
4813497,Chelsea,Arsenal,Chelsea,Arsenal,2025-11-30T16:30:00Z,2.75,3.49,2.53,True
4813505,AFC Bournemouth,Everton,AFC Bournemouth,Everton,2025-12-02T19:30:00Z,2.86,3.25,2.6,True
4813505,AFC Bournemouth,Everton,AFC Bournemouth,Everton,2025-12-02T19:30:00Z,2.2,3.61,3.23,True
4813505,AFC Bournemouth,Everton,AFC Bournemouth,Everton,2025-12-02T19:30:00Z,1.75,3.82,4.71,True
4813514,Wolverhampton Wanderers,Nottingham Forest,Wolverhampton Wanderers,Nottingham Forest,2025-12-03T19:30:00Z,1.72,3.81,5.13,True
4813506,Arsenal,Brentford,Arsenal,Brentford,2025-12-03T19:30:00Z,1.45,4.72,7.52,True
4813508,Burnley,Crystal Palace,Burnley,Crystal Palace,2025-12-03T19:30:00Z,2.85,3.23,2.63,True
4813514,Wolverhampton Wanderers,Nottingham Forest,Wolverhampton Wanderers,Nottingham Forest,2025-12-03T19:30:00Z,1.87,3.64,4.34,True
4813506,Arsenal,Brentford,Arsenal,Brentford,2025-12-03T19:30:00Z,1.23,6.84,12.02,True
4813514,Wolverhampton Wanderers,Nottingham Forest,Wolverhampton Wanderers,Nottingham Forest,2025-12-03T19:30:00Z,3.22,3.22,2.33,True
4813506,Arsenal,Brentford,Arsenal,Brentford,2025-12-03T19:30:00Z,1.61,4.16,5.35,True
4813516,Aston Villa,Arsenal,Aston Villa,Arsenal,2025-12-06T12:30:00Z,4.43,3.71,1.84,True
4813516,Aston Villa,Arsenal,Aston Villa,Arsenal,2025-12-06T12:30:00Z,3.41,3.66,2.11,True
4813516,Aston Villa,Arsenal,Aston Villa,Arsenal,2025-12-06T12:30:00Z,4.41,3.92,1.78,True
4813518,Everton,Nottingham Forest,Everton,Nottingham Forest,2025-12-06T15:00:00Z,1.97,3.48,4.05,True
4813515,AFC Bournemouth,Chelsea,AFC Bournemouth,Chelsea,2025-12-06T15:00:00Z,3.42,3.47,2.17,True
4813515,AFC Bournemouth,Chelsea,AFC Bournemouth,Chelsea,2025-12-06T15:00:00Z,4.34,3.96,1.79,True
4813518,Everton,Nottingham Forest,Everton,Nottingham Forest,2025-12-06T15:00:00Z,2.07,3.52,3.63,True
4813515,AFC Bournemouth,Chelsea,AFC Bournemouth,Chelsea,2025-12-06T15:00:00Z,3.33,3.96,2.05,True
4813518,Everton,Nottingham Forest,Everton,Nottingham Forest,2025-12-06T15:00:00Z,2.64,3.16,2.83,True
4813519,Fulham,Crystal Palace,Fulham,Crystal Palace,2025-12-07T16:30:00Z,2.45,3.4,2.97,True
4813519,Fulham,Crystal Palace,Fulham,Crystal Palace,2025-12-07T16:30:00Z,2.11,3.6,3.42,True
4813519,Fulham,Crystal Palace,Fulham,Crystal Palace,2025-12-07T16:30:00Z,2.05,3.48,3.74,True
4813528,Chelsea,Everton,Chelsea,Everton,2025-12-13T15:00:00Z,1.49,4.18,7.62,True
4813528,Chelsea,Everton,Chelsea,Everton,2025-12-13T15:00:00Z,1.71,4.2,4.53,True
4813528,Chelsea,Everton,Chelsea,Everton,2025-12-13T15:00:00Z,1.58,4.08,5.91,True
4813527,Burnley,Fulham,Burnley,Fulham,2025-12-13T17:30:00Z,2.94,3.45,2.43,True
4813525,Arsenal,Wolverhampton Wanderers,Arsenal,Wolverhampton Wanderers,2025-12-13T20:00:00Z,1.37,5.33,7.87,True
4813525,Arsenal,Wolverhampton Wanderers,Arsenal,Wolverhampton Wanderers,2025-12-13T20:00:00Z,1.27,5.95,11.58,True
4813525,Arsenal,Wolverhampton Wanderers,Arsenal,Wolverhampton Wanderers,2025-12-13T20:00:00Z,1.18,7.86,15.87,True
4813534,West Ham United,Aston Villa,West Ham United,Aston Villa,2025-12-14T14:00:00Z,2.23,3.37,3.36,True
4813534,West Ham United,Aston Villa,West Ham United,Aston Villa,2025-12-14T14:00:00Z,2.65,3.73,2.51,True
4813534,West Ham United,Aston Villa,West Ham United,Aston Villa,2025-12-14T14:00:00Z,2.44,3.69,2.79,True
4813544,Wolverhampton Wanderers,Brentford,Wolverhampton Wanderers,Brentford,2025-12-20T15:00:00Z,2.52,3.23,3.0,True
4813535,AFC Bournemouth,Burnley,AFC Bournemouth,Burnley,2025-12-20T15:00:00Z,2.13,3.66,3.38,True
4813544,Wolverhampton Wanderers,Brentford,Wolverhampton Wanderers,Brentford,2025-12-20T15:00:00Z,2.12,3.66,3.38,True
4813544,Wolverhampton Wanderers,Brentford,Wolverhampton Wanderers,Brentford,2025-12-20T15:00:00Z,2.71,3.76,2.43,True
4813538,Everton,Arsenal,Everton,Arsenal,2025-12-20T20:00:00Z,8.22,4.75,1.41,True
4813538,Everton,Arsenal,Everton,Arsenal,2025-12-20T20:00:00Z,6.07,4.55,1.52,True
4813538,Everton,Arsenal,Everton,Arsenal,2025-12-20T20:00:00Z,5.15,3.44,1.78,True
4813539,Fulham,Nottingham Forest,Fulham,Nottingham Forest,2025-12-22T20:00:00.000Z,1.93,3.56,4.22,True
4813539,Fulham,Nottingham Forest,Fulham,Nottingham Forest,2025-12-22T20:00:00.000Z,2.05,3.49,3.78,True
4813539,Fulham,Nottingham Forest,Fulham,Nottingham Forest,2025-12-22T20:00:00.000Z,2.22,3.35,3.39,True
4813554,West Ham United,Fulham,West Ham United,Fulham,2025-12-27T15:00:00Z,1.78,3.9,4.56,True
4813546,Brentford,AFC Bournemouth,Brentford,AFC Bournemouth,2025-12-27T15:00:00Z,1.66,4.09,5.2,True
4813550,Liverpool,Wolverhampton Wanderers,Liverpool,Wolverhampton Wanderers,2025-12-27T15:00:00Z,1.49,4.59,6.6,True
4813546,Brentford,AFC Bournemouth,Brentford,AFC Bournemouth,2025-12-27T15:00:00Z,1.72,4.06,4.67,True
4813547,Burnley,Everton,Burnley,Everton,2025-12-27T15:00:00Z,3.55,3.45,2.14,True
4813554,West Ham United,Fulham,West Ham United,Fulham,2025-12-27T15:00:00Z,2.38,3.65,2.88,True
4813550,Liverpool,Wolverhampton Wanderers,Liverpool,Wolverhampton Wanderers,2025-12-27T15:00:00Z,1.16,8.71,14.55,True
4813546,Brentford,AFC Bournemouth,Brentford,AFC Bournemouth,2025-12-27T15:00:00Z,2.53,3.59,2.72,True
4813554,West Ham United,Fulham,West Ham United,Fulham,2025-12-27T15:00:00Z,2.97,3.43,2.41,True
4813550,Liverpool,Wolverhampton Wanderers,Liverpool,Wolverhampton Wanderers,2025-12-27T15:00:00Z,1.19,7.85,12.84,True
4813548,Chelsea,Aston Villa,Chelsea,Aston Villa,2025-12-27T17:30:00Z,1.68,3.83,5.4,True
4813548,Chelsea,Aston Villa,Chelsea,Aston Villa,2025-12-27T17:30:00Z,1.91,3.85,3.87,True
4813548,Chelsea,Aston Villa,Chelsea,Aston Villa,2025-12-27T17:30:00Z,1.71,4.21,4.51,True
4813558,Chelsea,AFC Bournemouth,Chelsea,AFC Bournemouth,2025-12-30T19:30:00Z,1.32,5.46,9.72,True
4813562,Nottingham Forest,Everton,Nottingham Forest,Everton,2025-12-30T19:30:00Z,2.68,3.08,2.92,True
4813562,Nottingham Forest,Everton,Nottingham Forest,Everton,2025-12-30T19:30:00Z,2.8,3.35,2.62,True
4813558,Chelsea,AFC Bournemouth,Chelsea,AFC Bournemouth,2025-12-30T19:30:00Z,1.45,5.32,5.99,True
4813558,Chelsea,AFC Bournemouth,Chelsea,AFC Bournemouth,2025-12-30T19:30:00Z,1.5,4.81,5.92,True
4813562,Nottingham Forest,Everton,Nottingham Forest,Everton,2025-12-30T19:30:00Z,2.11,3.33,3.67,True
4813555,Arsenal,Aston Villa,Arsenal,Aston Villa,2025-12-30T20:15:00Z,1.47,4.63,7.0,True
4813555,Arsenal,Aston Villa,Arsenal,Aston Villa,2025-12-30T20:15:00Z,1.28,6.1,9.89,True
4813555,Arsenal,Aston Villa,Arsenal,Aston Villa,2025-12-30T20:15:00Z,1.51,4.35,6.45,True
4813559,Crystal Palace,Fulham,Crystal Palace,Fulham,2026-01-01T17:30:00Z,2.07,3.55,3.58,True
4813559,Crystal Palace,Fulham,Crystal Palace,Fulham,2026-01-01T17:30:00Z,1.95,3.51,4.09,True
4813559,Crystal Palace,Fulham,Crystal Palace,Fulham,2026-01-01T17:30:00Z,2.7,3.48,2.61,True
4813566,Aston Villa,Nottingham Forest,Aston Villa,Nottingham Forest,2026-01-03T12:30:00Z,1.62,4.09,5.55,True
4813566,Aston Villa,Nottingham Forest,Aston Villa,Nottingham Forest,2026-01-03T12:30:00Z,1.55,4.54,5.63,True
4813566,Aston Villa,Nottingham Forest,Aston Villa,Nottingham Forest,2026-01-03T12:30:00Z,1.99,3.63,3.72,True
4813574,Wolverhampton Wanderers,West Ham United,Wolverhampton Wanderers,West Ham United,2026-01-03T15:00:00Z,2.7,3.27,2.75,True
4813574,Wolverhampton Wanderers,West Ham United,Wolverhampton Wanderers,West Ham United,2026-01-03T15:00:00Z,2.51,3.58,2.75,True
4813574,Wolverhampton Wanderers,West Ham United,Wolverhampton Wanderers,West Ham United,2026-01-03T15:00:00Z,2.57,3.2,2.92,True
4813565,AFC Bournemouth,Arsenal,AFC Bournemouth,Arsenal,2026-01-03T17:30:00Z,7.65,4.7,1.43,True
4813565,AFC Bournemouth,Arsenal,AFC Bournemouth,Arsenal,2026-01-03T17:30:00Z,5.77,4.68,1.53,True
4813565,AFC Bournemouth,Arsenal,AFC Bournemouth,Arsenal,2026-01-03T17:30:00Z,4.94,4.09,1.68,True
4813569,Fulham,Liverpool,Fulham,Liverpool,2026-01-04T15:00:00Z,10.99,6.05,1.28,True
4813568,Everton,Brentford,Everton,Brentford,2026-01-04T15:00:00Z,2.71,3.2,2.76,True
4813569,Fulham,Liverpool,Fulham,Liverpool,2026-01-04T15:00:00Z,5.19,4.67,1.57,True
4813568,Everton,Brentford,Everton,Brentford,2026-01-04T15:00:00Z,2.36,3.5,2.97,True
4813568,Everton,Brentford,Everton,Brentford,2026-01-04T15:00:00Z,2.46,3.41,2.94,True
4813569,Fulham,Liverpool,Fulham,Liverpool,2026-01-04T15:00:00Z,4.24,3.7,1.86,True
4813584,West Ham United,Nottingham Forest,West Ham United,Nottingham Forest,2026-01-06T20:00:00Z,1.78,3.61,4.97,True
4813584,West Ham United,Nottingham Forest,West Ham United,Nottingham Forest,2026-01-06T20:00:00Z,1.89,3.77,4.09,True
4813584,West Ham United,Nottingham Forest,West Ham United,Nottingham Forest,2026-01-06T20:00:00Z,2.8,3.4,2.53,True
4813579,Crystal Palace,Aston Villa,Crystal Palace,Aston Villa,2026-01-07T19:30:00Z,2.52,3.2,3.0,True
4813580,Everton,Wolverhampton Wanderers,Everton,Wolverhampton Wanderers,2026-01-07T19:30:00Z,2.35,3.25,3.24,True
4813581,Fulham,Chelsea,Fulham,Chelsea,2026-01-07T19:30:00Z,3.36,3.54,2.18,True
4813580,Everton,Wolverhampton Wanderers,Everton,Wolverhampton Wanderers,2026-01-07T19:30:00Z,2.32,3.31,3.24,True
4813581,Fulham,Chelsea,Fulham,Chelsea,2026-01-07T19:30:00Z,3.73,3.49,2.06,True
4813579,Crystal Palace,Aston Villa,Crystal Palace,Aston Villa,2026-01-07T19:30:00Z,1.87,4.28,3.67,True
4813580,Everton,Wolverhampton Wanderers,Everton,Wolverhampton Wanderers,2026-01-07T19:30:00Z,2.14,3.46,3.51,True
4813579,Crystal Palace,Aston Villa,Crystal Palace,Aston Villa,2026-01-07T19:30:00Z,2.55,3.38,2.83,True
4813581,Fulham,Chelsea,Fulham,Chelsea,2026-01-07T19:30:00Z,2.82,3.52,2.43,True
4813576,Arsenal,Liverpool,Arsenal,Liverpool,2026-01-08T20:00:00Z,2.58,3.72,2.62,True
4813576,Arsenal,Liverpool,Arsenal,Liverpool,2026-01-08T20:00:00Z,2.25,3.67,3.07,True
4813576,Arsenal,Liverpool,Arsenal,Liverpool,2026-01-08T20:00:00Z,2.49,3.37,2.89,True
4813587,Chelsea,Brentford,Chelsea,Brentford,2026-01-17T15:00:00Z,1.71,3.89,5.02,True
4813587,Chelsea,Brentford,Chelsea,Brentford,2026-01-17T15:00:00Z,1.65,4.1,5.31,True
4813589,Liverpool,Burnley,Liverpool,Burnley,2026-01-17T15:00:00Z,1.16,8.4,15.8,True
4813587,Chelsea,Brentford,Chelsea,Brentford,2026-01-17T15:00:00Z,1.33,5.89,8.08,True
4813591,Nottingham Forest,Arsenal,Nottingham Forest,Arsenal,2026-01-17T17:30:00Z,5.37,4.45,1.59,True
4813591,Nottingham Forest,Arsenal,Nottingham Forest,Arsenal,2026-01-17T17:30:00Z,8.12,5.09,1.39,True
4813591,Nottingham Forest,Arsenal,Nottingham Forest,Arsenal,2026-01-17T17:30:00Z,3.94,3.48,1.98,True
4813585,Aston Villa,Everton,Aston Villa,Everton,2026-01-18T16:30:00Z,1.82,3.56,4.87,True
4813585,Aston Villa,Everton,Aston Villa,Everton,2026-01-18T16:30:00Z,1.7,3.91,5.0,True
4813585,Aston Villa,Everton,Aston Villa,Everton,2026-01-18T16:30:00Z,1.51,4.48,6.34,True
4813595,AFC Bournemouth,Liverpool,AFC Bournemouth,Liverpool,2026-01-24T17:30:00Z,7.07,4.95,1.43,True
4813595,AFC Bournemouth,Liverpool,AFC Bournemouth,Liverpool,2026-01-24T17:30:00Z,4.38,4.37,1.71,True
4813595,AFC Bournemouth,Liverpool,AFC Bournemouth,Liverpool,2026-01-24T17:30:00Z,4.56,4.32,1.68,True
4813599,Crystal Palace,Chelsea,Crystal Palace,Chelsea,2026-01-25T14:00:00Z,4.29,3.57,1.9,True
4813597,Brentford,Nottingham Forest,Brentford,Nottingham Forest,2026-01-25T14:00:00Z,1.66,3.88,5.5,True
4813597,Brentford,Nottingham Forest,Brentford,Nottingham Forest,2026-01-25T14:00:00Z,1.9,3.72,4.06,True
4813599,Crystal Palace,Chelsea,Crystal Palace,Chelsea,2026-01-25T14:00:00Z,4.2,3.8,1.84,True
4813597,Brentford,Nottingham Forest,Brentford,Nottingham Forest,2026-01-25T14:00:00Z,2.35,3.52,2.99,True
4813599,Crystal Palace,Chelsea,Crystal Palace,Chelsea,2026-01-25T14:00:00Z,3.65,3.88,1.95,True
4813614,Wolverhampton Wanderers,AFC Bournemouth,Wolverhampton Wanderers,AFC Bournemouth,2026-01-31T15:00:00Z,1.68,3.81,5.53,True
4813614,Wolverhampton Wanderers,AFC Bournemouth,Wolverhampton Wanderers,AFC Bournemouth,2026-01-31T15:00:00Z,2.72,3.6,2.52,True
4813614,Wolverhampton Wanderers,AFC Bournemouth,Wolverhampton Wanderers,AFC Bournemouth,2026-01-31T15:00:00Z,2.81,3.61,2.44,True
4813607,Chelsea,West Ham United,Chelsea,West Ham United,2026-01-31T17:30:00Z,1.55,4.38,6.03,True
4813607,Chelsea,West Ham United,Chelsea,West Ham United,2026-01-31T17:30:00Z,1.65,4.55,4.58,True
4813607,Chelsea,West Ham United,Chelsea,West Ham United,2026-01-31T17:30:00Z,1.36,5.54,7.58,True
4813605,Aston Villa,Brentford,Aston Villa,Brentford,2026-02-01T14:00:00Z,2.14,3.5,3.49,True
4813611,Nottingham Forest,Crystal Palace,Nottingham Forest,Crystal Palace,2026-02-01T14:00:00Z,3.12,3.24,2.43,True
4813611,Nottingham Forest,Crystal Palace,Nottingham Forest,Crystal Palace,2026-02-01T14:00:00Z,2.26,3.36,3.31,True
4813605,Aston Villa,Brentford,Aston Villa,Brentford,2026-02-01T14:00:00Z,1.7,4.2,4.68,True
4813611,Nottingham Forest,Crystal Palace,Nottingham Forest,Crystal Palace,2026-02-01T14:00:00Z,2.36,3.31,3.11,True
4813605,Aston Villa,Brentford,Aston Villa,Brentford,2026-02-01T14:00:00Z,1.8,4.01,4.24,True
4813615,AFC Bournemouth,Aston Villa,AFC Bournemouth,Aston Villa,2026-02-07T15:00:00Z,3.8,3.5,2.04,True
4813619,Fulham,Everton,Fulham,Everton,2026-02-07T15:00:00Z,2.36,3.43,3.07,True
4813624,Wolverhampton Wanderers,Chelsea,Wolverhampton Wanderers,Chelsea,2026-02-07T15:00:00Z,4.14,3.47,1.95,True
4813618,Burnley,West Ham United,Burnley,West Ham United,2026-02-07T15:00:00Z,3.47,3.62,2.1,True
4813615,AFC Bournemouth,Aston Villa,AFC Bournemouth,Aston Villa,2026-02-07T15:00:00Z,3.45,4.0,2.01,True
4813624,Wolverhampton Wanderers,Chelsea,Wolverhampton Wanderers,Chelsea,2026-02-07T15:00:00Z,3.73,3.73,1.98,True
4813619,Fulham,Everton,Fulham,Everton,2026-02-07T15:00:00Z,2.45,3.33,3.01,True
4813624,Wolverhampton Wanderers,Chelsea,Wolverhampton Wanderers,Chelsea,2026-02-07T15:00:00Z,4.37,4.0,1.77,True
4813619,Fulham,Everton,Fulham,Everton,2026-02-07T15:00:00Z,1.87,3.55,4.32,True
4813615,AFC Bournemouth,Aston Villa,AFC Bournemouth,Aston Villa,2026-02-07T15:00:00Z,2.45,3.68,2.71,True
4813629,Everton,AFC Bournemouth,Everton,AFC Bournemouth,2026-02-10T19:30:00Z,1.49,4.61,6.58,True
4813629,Everton,AFC Bournemouth,Everton,AFC Bournemouth,2026-02-10T19:30:00Z,1.97,3.7,3.81,True
4813629,Everton,AFC Bournemouth,Everton,AFC Bournemouth,2026-02-10T19:30:00Z,2.78,3.4,2.59,True
4813631,Nottingham Forest,Wolverhampton Wanderers,Nottingham Forest,Wolverhampton Wanderers,2026-02-11T19:30:00Z,2.96,3.13,2.61,True
4813628,Crystal Palace,Burnley,Crystal Palace,Burnley,2026-02-11T19:30:00Z,2.01,3.46,3.92,True
4813631,Nottingham Forest,Wolverhampton Wanderers,Nottingham Forest,Wolverhampton Wanderers,2026-02-11T19:30:00Z,2.16,3.55,3.37,True
4813631,Nottingham Forest,Wolverhampton Wanderers,Nottingham Forest,Wolverhampton Wanderers,2026-02-11T19:30:00Z,2.03,3.66,3.65,True
4813626,Brentford,Arsenal,Brentford,Arsenal,2026-02-12T20:00:00Z,4.3,3.91,1.81,True
4813626,Brentford,Arsenal,Brentford,Arsenal,2026-02-12T20:00:00Z,4.64,3.84,1.77,True
4813626,Brentford,Arsenal,Brentford,Arsenal,2026-02-12T20:00:00Z,6.67,4.8,1.44,True
4813638,Crystal Palace,Wolverhampton Wanderers,Crystal Palace,Wolverhampton Wanderers,2026-02-21T15:00:00Z,2.29,3.19,3.46,True
4813641,Nottingham Forest,Liverpool,Nottingham Forest,Liverpool,2026-02-21T15:00:00Z,11.31,6.19,1.26,True
4813638,Crystal Palace,Wolverhampton Wanderers,Crystal Palace,Wolverhampton Wanderers,2026-02-21T15:00:00Z,1.95,3.45,4.15,True
4813641,Nottingham Forest,Liverpool,Nottingham Forest,Liverpool,2026-02-21T15:00:00Z,5.63,4.67,1.54,True
4813637,Chelsea,Burnley,Chelsea,Burnley,2026-02-21T15:00:00Z,1.3,5.96,9.44,True
4813641,Nottingham Forest,Liverpool,Nottingham Forest,Liverpool,2026-02-21T15:00:00Z,5.14,4.16,1.64,True
4813638,Crystal Palace,Wolverhampton Wanderers,Crystal Palace,Wolverhampton Wanderers,2026-02-21T15:00:00Z,2.27,3.32,3.26,True
4813644,West Ham United,AFC Bournemouth,West Ham United,AFC Bournemouth,2026-02-21T17:30:00Z,1.55,4.16,6.2,True
4813644,West Ham United,AFC Bournemouth,West Ham United,AFC Bournemouth,2026-02-21T17:30:00Z,2.43,3.73,2.75,True
4813644,West Ham United,AFC Bournemouth,West Ham United,AFC Bournemouth,2026-02-21T17:30:00Z,3.04,3.47,2.34,True
4813654,Wolverhampton Wanderers,Aston Villa,Wolverhampton Wanderers,Aston Villa,2026-02-27T20:00:00Z,2.98,3.26,2.51,True
4813654,Wolverhampton Wanderers,Aston Villa,Wolverhampton Wanderers,Aston Villa,2026-02-27T20:00:00Z,3.4,3.59,2.14,True
4813654,Wolverhampton Wanderers,Aston Villa,Wolverhampton Wanderers,Aston Villa,2026-02-27T20:00:00Z,3.36,3.58,2.14,True
4813651,Liverpool,West Ham United,Liverpool,West Ham United,2026-02-28T15:00:00Z,1.44,5.01,6.96,True
4813651,Liverpool,West Ham United,Liverpool,West Ham United,2026-02-28T15:00:00Z,1.39,5.38,7.19,True
4813648,Burnley,Brentford,Burnley,Brentford,2026-02-28T15:00:00Z,3.27,3.66,2.16,True
4813651,Liverpool,West Ham United,Liverpool,West Ham United,2026-02-28T15:00:00Z,1.3,5.89,9.45,True
4813646,Arsenal,Chelsea,Arsenal,Chelsea,2026-03-01T16:30:00Z,1.59,4.22,5.75,True
4813646,Arsenal,Chelsea,Arsenal,Chelsea,2026-03-01T16:30:00Z,1.45,4.93,6.78,True
4813646,Arsenal,Chelsea,Arsenal,Chelsea,2026-03-01T16:30:00Z,1.81,3.74,4.44,True
4813655,AFC Bournemouth,Brentford,AFC Bournemouth,Brentford,2026-03-04T20:00:00Z,3.36,3.44,2.21,True
4813656,Aston Villa,Chelsea,Aston Villa,Chelsea,2026-03-04T20:00:00Z,4.54,3.69,1.82,True
4813664,Wolverhampton Wanderers,Liverpool,Wolverhampton Wanderers,Liverpool,2026-03-04T20:00:00Z,4.02,3.85,1.88,True
4813659,Fulham,West Ham United,Fulham,West Ham United,2026-03-04T20:00:00Z,2.79,3.24,2.66,True
4813664,Wolverhampton Wanderers,Liverpool,Wolverhampton Wanderers,Liverpool,2026-03-04T20:00:00Z,6.64,4.95,1.45,True
4813659,Fulham,West Ham United,Fulham,West Ham United,2026-03-04T20:00:00Z,2.39,3.49,2.95,True
4813658,Everton,Burnley,Everton,Burnley,2026-03-04T20:00:00Z,1.67,4.07,5.04,True
4813656,Aston Villa,Chelsea,Aston Villa,Chelsea,2026-03-04T20:00:00Z,2.17,3.9,3.06,True
4813655,AFC Bournemouth,Brentford,AFC Bournemouth,Brentford,2026-03-04T20:00:00Z,1.98,3.99,3.5,True
4813659,Fulham,West Ham United,Fulham,West Ham United,2026-03-04T20:00:00Z,2.42,3.48,2.92,True
4813664,Wolverhampton Wanderers,Liverpool,Wolverhampton Wanderers,Liverpool,2026-03-04T20:00:00Z,8.05,5.55,1.35,True
4813656,Aston Villa,Chelsea,Aston Villa,Chelsea,2026-03-04T20:00:00Z,2.62,3.7,2.56,True
4813655,AFC Bournemouth,Brentford,AFC Bournemouth,Brentford,2026-03-04T20:00:00Z,1.76,4.16,4.25,True
4813672,Nottingham Forest,Fulham,Nottingham Forest,Fulham,2026-03-14T15:00:00Z,2.81,3.4,2.57,True
4813666,Brentford,Wolverhampton Wanderers,Brentford,Wolverhampton Wanderers,2026-03-14T15:00:00Z,2.2,3.46,3.33,True
4813665,Arsenal,Everton,Arsenal,Everton,2026-03-14T15:00:00Z,1.36,5.04,9.33,True
4813666,Brentford,Wolverhampton Wanderers,Brentford,Wolverhampton Wanderers,2026-03-14T15:00:00Z,1.96,3.59,3.97,True
4813667,Burnley,AFC Bournemouth,Burnley,AFC Bournemouth,2026-03-14T15:00:00Z,3.72,3.78,1.96,True
4813672,Nottingham Forest,Fulham,Nottingham Forest,Fulham,2026-03-14T15:00:00Z,2.71,3.49,2.62,True
4813665,Arsenal,Everton,Arsenal,Everton,2026-03-14T15:00:00Z,1.17,8.04,15.37,True
4813672,Nottingham Forest,Fulham,Nottingham Forest,Fulham,2026-03-14T15:00:00Z,2.4,3.34,3.07,True
4813666,Brentford,Wolverhampton Wanderers,Brentford,Wolverhampton Wanderers,2026-03-14T15:00:00Z,2.09,3.64,3.47,True
4813665,Arsenal,Everton,Arsenal,Everton,2026-03-14T15:00:00Z,1.23,6.33,13.36,True
4813678,Everton,Chelsea,Everton,Chelsea,2026-03-21T15:00:00Z,5.74,3.96,1.63,True
4813676,Aston Villa,West Ham United,Aston Villa,West Ham United,2026-03-21T15:00:00Z,2.3,3.43,3.18,True
4813684,Wolverhampton Wanderers,Arsenal,Wolverhampton Wanderers,Arsenal,2026-03-21T15:00:00Z,6.15,4.26,1.55,True
4813676,Aston Villa,West Ham United,Aston Villa,West Ham United,2026-03-21T15:00:00Z,1.9,3.86,3.88,True
4813678,Everton,Chelsea,Everton,Chelsea,2026-03-21T15:00:00Z,3.02,3.59,2.31,True
4813679,Fulham,Burnley,Fulham,Burnley,2026-03-21T15:00:00Z,1.7,3.94,5.01,True
4813684,Wolverhampton Wanderers,Arsenal,Wolverhampton Wanderers,Arsenal,2026-03-21T15:00:00Z,8.05,5.05,1.39,True
4813678,Everton,Chelsea,Everton,Chelsea,2026-03-21T15:00:00Z,5.18,4.13,1.63,True
4813684,Wolverhampton Wanderers,Arsenal,Wolverhampton Wanderers,Arsenal,2026-03-21T15:00:00Z,6.85,4.65,1.46,True
4813676,Aston Villa,West Ham United,Aston Villa,West Ham United,2026-03-21T15:00:00Z,1.55,4.39,5.81,True
4813686,Brentford,Everton,Brentford,Everton,2026-04-11T14:00:00Z,2.06,3.47,3.77,True
4813694,West Ham United,Wolverhampton Wanderers,West Ham United,Wolverhampton Wanderers,2026-04-11T14:00:00Z,1.96,3.48,4.12,True
4813692,Nottingham Forest,Aston Villa,Nottingham Forest,Aston Villa,2026-04-11T14:00:00Z,3.35,3.49,2.19,True
4813685,Arsenal,AFC Bournemouth,Arsenal,AFC Bournemouth,2026-04-11T14:00:00Z,1.22,6.82,13.83,True
4813690,Liverpool,Fulham,Liverpool,Fulham,2026-04-11T14:00:00Z,1.26,6.39,10.73,True
4813686,Brentford,Everton,Brentford,Everton,2026-04-11T14:00:00Z,1.8,3.78,4.49,True
4813692,Nottingham Forest,Aston Villa,Nottingham Forest,Aston Villa,2026-04-11T14:00:00Z,4.09,3.77,1.89,True
4813690,Liverpool,Fulham,Liverpool,Fulham,2026-04-11T14:00:00Z,1.26,6.62,10.56,True
4813694,West Ham United,Wolverhampton Wanderers,West Ham United,Wolverhampton Wanderers,2026-04-11T14:00:00Z,2.16,3.55,3.4,True
4813685,Arsenal,AFC Bournemouth,Arsenal,AFC Bournemouth,2026-04-11T14:00:00Z,1.2,7.59,12.74,True
4813694,West Ham United,Wolverhampton Wanderers,West Ham United,Wolverhampton Wanderers,2026-04-11T14:00:00Z,1.91,3.85,3.81,True
4813690,Liverpool,Fulham,Liverpool,Fulham,2026-04-11T14:00:00Z,1.32,5.75,8.89,True
4813692,Nottingham Forest,Aston Villa,Nottingham Forest,Aston Villa,2026-04-11T14:00:00Z,2.64,3.39,2.68,True
4813686,Brentford,Everton,Brentford,Everton,2026-04-11T14:00:00Z,2.02,3.68,3.59,True
4813685,Arsenal,AFC Bournemouth,Arsenal,AFC Bournemouth,2026-04-11T14:00:00Z,2.08,3.6,3.47,True
4813699,Everton,Liverpool,Everton,Liverpool,2026-04-18T14:00:00Z,7.77,5.06,1.4,True
4813696,Brentford,Fulham,Brentford,Fulham,2026-04-18T14:00:00Z,2.0,3.65,3.71,True
4813698,Crystal Palace,West Ham United,Crystal Palace,West Ham United,2026-04-18T14:00:00Z,2.7,3.18,2.81,True
4813703,Nottingham Forest,Burnley,Nottingham Forest,Burnley,2026-04-18T14:00:00Z,2.24,3.51,3.22,True
4813698,Crystal Palace,West Ham United,Crystal Palace,West Ham United,2026-04-18T14:00:00Z,2.15,3.59,3.34,True
4813699,Everton,Liverpool,Everton,Liverpool,2026-04-18T14:00:00Z,7.11,4.98,1.42,True
4813696,Brentford,Fulham,Brentford,Fulham,2026-04-18T14:00:00Z,2.12,3.8,3.25,True
4813698,Crystal Palace,West Ham United,Crystal Palace,West Ham United,2026-04-18T14:00:00Z,2.17,3.63,3.25,True
4813699,Everton,Liverpool,Everton,Liverpool,2026-04-18T14:00:00Z,7.36,4.71,1.44,True
4813696,Brentford,Fulham,Brentford,Fulham,2026-04-18T14:00:00Z,1.93,3.9,3.64,True
4813710,Liverpool,Crystal Palace,Liverpool,Crystal Palace,2026-04-25T14:00:00Z,1.2,6.85,16.33,True
4813709,Fulham,Aston Villa,Fulham,Aston Villa,2026-04-25T14:00:00Z,2.88,3.42,2.51,True
4813713,West Ham United,Everton,West Ham United,Everton,2026-04-25T14:00:00Z,1.8,3.68,4.76,True
4813713,West Ham United,Everton,West Ham United,Everton,2026-04-25T14:00:00Z,2.15,3.64,3.32,True
4813709,Fulham,Aston Villa,Fulham,Aston Villa,2026-04-25T14:00:00Z,2.94,3.77,2.29,True
4813710,Liverpool,Crystal Palace,Liverpool,Crystal Palace,2026-04-25T14:00:00Z,1.21,7.37,13.35,True
4813709,Fulham,Aston Villa,Fulham,Aston Villa,2026-04-25T14:00:00Z,2.44,3.5,2.89,True
4813713,West Ham United,Everton,West Ham United,Everton,2026-04-25T14:00:00Z,2.18,3.47,3.38,True
4813710,Liverpool,Crystal Palace,Liverpool,Crystal Palace,2026-04-25T14:00:00Z,1.4,5.65,6.27,True
4813716,Arsenal,Fulham,Arsenal,Fulham,2026-05-02T14:00:00Z,1.32,5.77,9.44,True
4813715,AFC Bournemouth,Crystal Palace,AFC Bournemouth,Crystal Palace,2026-05-02T14:00:00Z,2.91,3.27,2.55,True
4813719,Chelsea,Nottingham Forest,Chelsea,Nottingham Forest,2026-05-02T14:00:00Z,1.51,4.4,6.68,True
4813718,Brentford,West Ham United,Brentford,West Ham United,2026-05-02T14:00:00Z,2.05,3.56,3.66,True
4813716,Arsenal,Fulham,Arsenal,Fulham,2026-05-02T14:00:00Z,1.23,6.49,13.35,True
4813719,Chelsea,Nottingham Forest,Chelsea,Nottingham Forest,2026-05-02T14:00:00Z,1.38,5.03,8.27,True
4813718,Brentford,West Ham United,Brentford,West Ham United,2026-05-02T14:00:00Z,2.08,3.67,3.46,True
4813715,AFC Bournemouth,Crystal Palace,AFC Bournemouth,Crystal Palace,2026-05-02T14:00:00Z,1.99,3.76,3.69,True
4813718,Brentford,West Ham United,Brentford,West Ham United,2026-05-02T14:00:00Z,2.23,3.62,3.16,True
4813719,Chelsea,Nottingham Forest,Chelsea,Nottingham Forest,2026-05-02T14:00:00Z,1.48,4.73,6.32,True
4813715,AFC Bournemouth,Crystal Palace,AFC Bournemouth,Crystal Palace,2026-05-02T14:00:00Z,1.9,3.77,3.87,True
4813716,Arsenal,Fulham,Arsenal,Fulham,2026-05-02T14:00:00Z,1.48,4.2,7.73,True
4813728,Fulham,AFC Bournemouth,Fulham,AFC Bournemouth,2026-05-09T14:00:00Z,1.89,3.72,4.13,True
4813729,Liverpool,Chelsea,Liverpool,Chelsea,2026-05-09T14:00:00Z,1.89,3.82,4.08,True
4813734,West Ham United,Arsenal,West Ham United,Arsenal,2026-05-09T14:00:00Z,5.92,4.22,1.57,True
4813727,Crystal Palace,Everton,Crystal Palace,Everton,2026-05-09T14:00:00Z,2.11,3.25,3.83,True
4813726,Burnley,Aston Villa,Burnley,Aston Villa,2026-05-09T14:00:00Z,3.36,3.55,2.16,True
4813727,Crystal Palace,Everton,Crystal Palace,Everton,2026-05-09T14:00:00Z,2.44,3.21,3.11,True
4813729,Liverpool,Chelsea,Liverpool,Chelsea,2026-05-09T14:00:00Z,1.58,4.61,5.15,True
4813728,Fulham,AFC Bournemouth,Fulham,AFC Bournemouth,2026-05-09T14:00:00Z,2.4,3.58,2.88,True
4813734,West Ham United,Arsenal,West Ham United,Arsenal,2026-05-09T14:00:00Z,5.81,4.38,1.55,True
4813729,Liverpool,Chelsea,Liverpool,Chelsea,2026-05-09T14:00:00Z,1.63,4.39,4.89,True
4813734,West Ham United,Arsenal,West Ham United,Arsenal,2026-05-09T14:00:00Z,7.09,4.68,1.46,True
4813728,Fulham,AFC Bournemouth,Fulham,AFC Bournemouth,2026-05-09T14:00:00Z,2.35,3.58,2.91,True
4813727,Crystal Palace,Everton,Crystal Palace,Everton,2026-05-09T14:00:00Z,1.81,3.45,4.94,True
4813744,Wolverhampton Wanderers,Fulham,Wolverhampton Wanderers,Fulham,2026-05-17T14:00:00Z,2.4,3.28,3.15,True
4813737,Aston Villa,Liverpool,Aston Villa,Liverpool,2026-05-17T14:00:00Z,4.51,4.04,1.75,True
4813738,Brentford,Crystal Palace,Brentford,Crystal Palace,2026-05-17T14:00:00Z,1.86,3.54,4.59,True
4813738,Brentford,Crystal Palace,Brentford,Crystal Palace,2026-05-17T14:00:00Z,2.14,3.41,3.57,True
4813736,Arsenal,Burnley,Arsenal,Burnley,2026-05-17T14:00:00Z,1.19,7.34,15.07,True
4813744,Wolverhampton Wanderers,Fulham,Wolverhampton Wanderers,Fulham,2026-05-17T14:00:00Z,2.54,3.45,2.79,True
4813737,Aston Villa,Liverpool,Aston Villa,Liverpool,2026-05-17T14:00:00Z,4.15,4.55,1.71,True
4813738,Brentford,Crystal Palace,Brentford,Crystal Palace,2026-05-17T14:00:00Z,2.46,3.44,2.9,True
4813737,Aston Villa,Liverpool,Aston Villa,Liverpool,2026-05-17T14:00:00Z,3.93,4.0,1.85,True
4813744,Wolverhampton Wanderers,Fulham,Wolverhampton Wanderers,Fulham,2026-05-17T14:00:00Z,2.71,3.34,2.69,True
4813747,Crystal Palace,Arsenal,Crystal Palace,Arsenal,2026-05-24T15:00:00Z,4.39,3.59,1.88,True
4813751,Nottingham Forest,AFC Bournemouth,Nottingham Forest,AFC Bournemouth,2026-05-24T15:00:00Z,2.02,3.47,3.89,True
4813749,Liverpool,Brentford,Liverpool,Brentford,2026-05-24T15:00:00Z,1.48,4.91,6.16,True
4813747,Crystal Palace,Arsenal,Crystal Palace,Arsenal,2026-05-24T15:00:00Z,5.79,4.06,1.6,True
4813749,Liverpool,Brentford,Liverpool,Brentford,2026-05-24T15:00:00Z,1.42,5.16,7.05,True
4813751,Nottingham Forest,AFC Bournemouth,Nottingham Forest,AFC Bournemouth,2026-05-24T15:00:00Z,2.76,3.49,2.54,True
4813746,Burnley,Wolverhampton Wanderers,Burnley,Wolverhampton Wanderers,2026-05-24T15:00:00Z,2.53,3.49,2.8,True
4813751,Nottingham Forest,AFC Bournemouth,Nottingham Forest,AFC Bournemouth,2026-05-24T15:00:00Z,2.45,3.49,2.89,True
4813749,Liverpool,Brentford,Liverpool,Brentford,2026-05-24T15:00:00Z,1.25,6.78,10.37,True
4813747,Crystal Palace,Arsenal,Crystal Palace,Arsenal,2026-05-24T15:00:00Z,6.08,4.11,1.57,True
