match_id,external_id,home_team,away_team,match_date,home_score,away_score,actual_result,round_name,league_name,season_id,is_finished,venue,status,collection_date
4193450,4193450,Burnley,Manchester City,2023-08-11T19:00:00Z,0,3,A,1,Premier League,2023/2024,True,,Finished,2025-12-22T15:13:58.167269+00:00
4193451,4193451,Arsenal,Nottingham Forest,2023-08-12T12:00:00Z,2,1,H,1,Premier League,2023/2024,True,,Finished,2025-12-22T15:13:58.167299+00:00
4193452,4193452,AFC Bournemouth,West Ham United,2023-08-12T14:00:00Z,1,1,D,1,Premier League,2023/2024,True,,Finished,2025-12-22T15:13:58.167303+00:00
4193453,4193453,Brighton & Hove Albion,Luton Town,2023-08-12T14:00:00Z,4,1,H,1,Premier League,2023/2024,True,,Finished,2025-12-22T15:13:58.167306+00:00
4193454,4193454,Everton,Fulham,2023-08-12T14:00:00Z,0,1,A,1,Premier League,2023/2024,True,,Finished,2025-12-22T15:13:58.167310+00:00
4193455,4193455,Sheffield United,Crystal Palace,2023-08-12T14:00:00Z,0,1,A,1,Premier League,2023/2024,True,,Finished,2025-12-22T15:13:58.167312+00:00
4193456,4193456,Newcastle United,Aston Villa,2023-08-12T16:30:00Z,5,1,H,1,Premier League,2023/2024,True,,Finished,2025-12-22T15:13:58.167315+00:00
4193457,4193457,Brentford,Tottenham Hotspur,2023-08-13T13:00:00Z,2,2,D,1,Premier League,2023/2024,True,,Finished,2025-12-22T15:13:58.167322+00:00
4193458,4193458,Chelsea,Liverpool,2023-08-13T15:30:00Z,1,1,D,1,Premier League,2023/2024,True,,Finished,2025-12-22T15:13:58.167325+00:00
4193459,4193459,Manchester United,Wolverhampton Wanderers,2023-08-14T19:00:00Z,1,0,H,1,Premier League,2023/2024,True,,Finished,2025-12-22T15:13:58.167328+00:00
4193476,4193476,Nottingham Forest,Sheffield United,2023-08-18T18:45:00Z,2,1,H,2,Premier League,2023/2024,True,,Finished,2025-12-22T15:13:58.167330+00:00
4193472,4193472,Fulham,Brentford,2023-08-19T14:00:00Z,0,3,A,2,Premier League,2023/2024,True,,Finished,2025-12-22T15:13:58.167333+00:00
4193473,4193473,Liverpool,AFC Bournemouth,2023-08-19T14:00:00Z,3,1,H,2,Premier League,2023/2024,True,,Finished,2025-12-22T15:13:58.167335+00:00
4193479,4193479,Wolverhampton Wanderers,Brighton & Hove Albion,2023-08-19T14:00:00Z,1,4,A,2,Premier League,2023/2024,True,,Finished,2025-12-22T15:13:58.167337+00:00
4193477,4193477,Tottenham Hotspur,Manchester United,2023-08-19T16:30:00Z,2,0,H,2,Premier League,2023/2024,True,,Finished,2025-12-22T15:13:58.167339+00:00
4193475,4193475,Manchester City,Newcastle United,2023-08-19T19:00:00Z,1,0,H,2,Premier League,2023/2024,True,,Finished,2025-12-22T15:13:58.167341+00:00
4193470,4193470,Aston Villa,Everton,2023-08-20T13:00:00Z,4,0,H,2,Premier League,2023/2024,True,,Finished,2025-12-22T15:13:58.167343+00:00
4193478,4193478,West Ham United,Chelsea,2023-08-20T15:30:00Z,3,1,H,2,Premier League,2023/2024,True,,Finished,2025-12-22T15:13:58.167345+00:00
4193471,4193471,Crystal Palace,Arsenal,2023-08-21T19:00:00Z,0,1,A,2,Premier League,2023/2024,True,,Finished,2025-12-22T15:13:58.167347+00:00
4193485,4193485,Chelsea,Luton Town,2023-08-25T19:00:00Z,3,0,H,3,Premier League,2023/2024,True,,Finished,2025-12-22T15:13:58.167349+00:00
4193480,4193480,AFC Bournemouth,Tottenham Hotspur,2023-08-26T11:30:00Z,0,2,A,3,Premier League,2023/2024,True,,Finished,2025-12-22T15:13:58.167351+00:00
4193481,4193481,Arsenal,Fulham,2023-08-26T14:00:00Z,2,2,D,3,Premier League,2023/2024,True,,Finished,2025-12-22T15:13:58.167354+00:00
4193482,4193482,Brentford,Crystal Palace,2023-08-26T14:00:00Z,1,1,D,3,Premier League,2023/2024,True,,Finished,2025-12-22T15:13:58.167356+00:00
4193486,4193486,Everton,Wolverhampton Wanderers,2023-08-26T14:00:00Z,0,1,A,3,Premier League,2023/2024,True,,Finished,2025-12-22T15:13:58.167358+00:00
4193487,4193487,Manchester United,Nottingham Forest,2023-08-26T14:00:00Z,3,2,H,3,Premier League,2023/2024,True,,Finished,2025-12-22T15:13:58.167360+00:00
4193483,4193483,Brighton & Hove Albion,West Ham United,2023-08-26T16:30:00Z,1,3,A,3,Premier League,2023/2024,True,,Finished,2025-12-22T15:13:58.167362+00:00
4193484,4193484,Burnley,Aston Villa,2023-08-27T13:00:00Z,1,3,A,3,Premier League,2023/2024,True,,Finished,2025-12-22T15:13:58.167364+00:00
4193489,4193489,Sheffield United,Manchester City,2023-08-27T13:00:00Z,1,2,A,3,Premier League,2023/2024,True,,Finished,2025-12-22T15:13:58.167366+00:00
4193488,4193488,Newcastle United,Liverpool,2023-08-27T15:30:00Z,1,2,A,3,Premier League,2023/2024,True,,Finished,2025-12-22T15:13:58.167368+00:00
4193497,4193497,Luton Town,West Ham United,2023-09-01T19:00:00Z,1,2,A,4,Premier League,2023/2024,True,,Finished,2025-12-22T15:13:58.167370+00:00
4193499,4193499,Sheffield United,Everton,2023-09-02T11:30:00Z,2,2,D,4,Premier League,2023/2024,True,,Finished,2025-12-22T15:13:58.167372+00:00
4193491,4193491,Brentford,AFC Bournemouth,2023-09-02T14:00:00Z,2,2,D,4,Premier League,2023/2024,True,,Finished,2025-12-22T15:13:58.167374+00:00
4193493,4193493,Burnley,Tottenham Hotspur,2023-09-02T14:00:00Z,2,5,A,4,Premier League,2023/2024,True,,Finished,2025-12-22T15:13:58.167376+00:00
4193494,4193494,Chelsea,Nottingham Forest,2023-09-02T14:00:00Z,0,1,A,4,Premier League,2023/2024,True,,Finished,2025-12-22T15:13:58.167378+00:00
4193498,4193498,Manchester City,Fulham,2023-09-02T14:00:00Z,5,1,H,4,Premier League,2023/2024,True,,Finished,2025-12-22T15:13:58.167380+00:00
4193492,4193492,Brighton & Hove Albion,Newcastle United,2023-09-02T16:30:00Z,3,1,H,4,Premier League,2023/2024,True,,Finished,2025-12-22T15:13:58.167382+00:00
4193495,4193495,Crystal Palace,Wolverhampton Wanderers,2023-09-03T13:00:00Z,3,2,H,4,Premier League,2023/2024,True,,Finished,2025-12-22T15:13:58.167384+00:00
4193496,4193496,Liverpool,Aston Villa,2023-09-03T13:00:00Z,3,0,H,4,Premier League,2023/2024,True,,Finished,2025-12-22T15:13:58.167386+00:00
4193490,4193490,Arsenal,Manchester United,2023-09-03T15:30:00Z,3,1,H,4,Premier League,2023/2024,True,,Finished,2025-12-22T15:13:58.167388+00:00
4193509,4193509,Wolverhampton Wanderers,Liverpool,2023-09-16T11:30:00Z,1,3,A,5,Premier League,2023/2024,True,,Finished,2025-12-22T15:13:58.167391+00:00
4193501,4193501,Aston Villa,Crystal Palace,2023-09-16T14:00:00Z,3,1,H,5,Premier League,2023/2024,True,,Finished,2025-12-22T15:13:58.167393+00:00
4193503,4193503,Fulham,Luton Town,2023-09-16T14:00:00Z,1,0,H,5,Premier League,2023/2024,True,,Finished,2025-12-22T15:13:58.167395+00:00
4193504,4193504,Manchester United,Brighton & Hove Albion,2023-09-16T14:00:00Z,1,3,A,5,Premier League,2023/2024,True,,Finished,2025-12-22T15:13:58.167397+00:00
4193507,4193507,Tottenham Hotspur,Sheffield United,2023-09-16T14:00:00Z,2,1,H,5,Premier League,2023/2024,True,,Finished,2025-12-22T15:13:58.167399+00:00
4193508,4193508,West Ham United,Manchester City,2023-09-16T14:00:00Z,1,3,A,5,Premier League,2023/2024,True,,Finished,2025-12-22T15:13:58.167402+00:00
4193505,4193505,Newcastle United,Brentford,2023-09-16T16:30:00Z,1,0,H,5,Premier League,2023/2024,True,,Finished,2025-12-22T15:13:58.167404+00:00
4193500,4193500,AFC Bournemouth,Chelsea,2023-09-17T13:00:00Z,0,0,D,5,Premier League,2023/2024,True,,Finished,2025-12-22T15:13:58.167406+00:00
4193502,4193502,Everton,Arsenal,2023-09-17T15:30:00Z,0,1,A,5,Premier League,2023/2024,True,,Finished,2025-12-22T15:13:58.167409+00:00
4193506,4193506,Nottingham Forest,Burnley,2023-09-18T18:45:00Z,1,1,D,5,Premier League,2023/2024,True,,Finished,2025-12-22T15:13:58.167411+00:00
4193515,4193515,Crystal Palace,Fulham,2023-09-23T14:00:00Z,0,0,D,6,Premier League,2023/2024,True,,Finished,2025-12-22T15:13:58.167413+00:00
4193517,4193517,Luton Town,Wolverhampton Wanderers,2023-09-23T14:00:00Z,1,1,D,6,Premier League,2023/2024,True,,Finished,2025-12-22T15:13:58.167415+00:00
4193518,4193518,Manchester City,Nottingham Forest,2023-09-23T14:00:00Z,2,0,H,6,Premier League,2023/2024,True,,Finished,2025-12-22T15:13:58.167417+00:00
4193511,4193511,Brentford,Everton,2023-09-23T16:30:00Z,1,3,A,6,Premier League,2023/2024,True,,Finished,2025-12-22T15:13:58.167419+00:00
4193513,4193513,Burnley,Manchester United,2023-09-23T19:00:00Z,0,1,A,6,Premier League,2023/2024,True,,Finished,2025-12-22T15:13:58.167421+00:00
4193510,4193510,Arsenal,Tottenham Hotspur,2023-09-24T13:00:00Z,2,2,D,6,Premier League,2023/2024,True,,Finished,2025-12-22T15:13:58.167423+00:00
4193512,4193512,Brighton & Hove Albion,AFC Bournemouth,2023-09-24T13:00:00Z,3,1,H,6,Premier League,2023/2024,True,,Finished,2025-12-22T15:13:58.167425+00:00
4193514,4193514,Chelsea,Aston Villa,2023-09-24T13:00:00Z,0,1,A,6,Premier League,2023/2024,True,,Finished,2025-12-22T15:13:58.167427+00:00
4193516,4193516,Liverpool,West Ham United,2023-09-24T13:00:00Z,3,1,H,6,Premier League,2023/2024,True,,Finished,2025-12-22T15:13:58.167429+00:00
4193519,4193519,Sheffield United,Newcastle United,2023-09-24T15:30:00Z,0,8,A,6,Premier League,2023/2024,True,,Finished,2025-12-22T15:13:58.167431+00:00
4193521,4193521,Aston Villa,Brighton & Hove Albion,2023-09-30T11:30:00Z,6,1,H,7,Premier League,2023/2024,True,,Finished,2025-12-22T15:13:58.167433+00:00
4193520,4193520,AFC Bournemouth,Arsenal,2023-09-30T14:00:00Z,0,4,A,7,Premier League,2023/2024,True,,Finished,2025-12-22T15:13:58.167435+00:00
4193522,4193522,Everton,Luton Town,2023-09-30T14:00:00Z,1,2,A,7,Premier League,2023/2024,True,,Finished,2025-12-22T15:13:58.167438+00:00
4193524,4193524,Manchester United,Crystal Palace,2023-09-30T14:00:00Z,0,1,A,7,Premier League,2023/2024,True,,Finished,2025-12-22T15:13:58.167440+00:00
4193525,4193525,Newcastle United,Burnley,2023-09-30T14:00:00Z,2,0,H,7,Premier League,2023/2024,True,,Finished,2025-12-22T15:13:58.167442+00:00
4193528,4193528,West Ham United,Sheffield United,2023-09-30T14:00:00Z,2,0,H,7,Premier League,2023/2024,True,,Finished,2025-12-22T15:13:58.167444+00:00
4193529,4193529,Wolverhampton Wanderers,Manchester City,2023-09-30T14:00:00Z,2,1,H,7,Premier League,2023/2024,True,,Finished,2025-12-22T15:13:58.167446+00:00
4193527,4193527,Tottenham Hotspur,Liverpool,2023-09-30T16:30:00Z,2,1,H,7,Premier League,2023/2024,True,,Finished,2025-12-22T15:13:58.167448+00:00
4193526,4193526,Nottingham Forest,Brentford,2023-10-01T13:00:00Z,1,1,D,7,Premier League,2023/2024,True,,Finished,2025-12-22T15:13:58.167450+00:00
4193523,4193523,Fulham,Chelsea,2023-10-02T19:00:00Z,0,2,A,7,Premier League,2023/2024,True,,Finished,2025-12-22T15:13:58.167452+00:00
4193474,4193474,Luton Town,Burnley,2023-10-03T18:30:00Z,1,2,A,2,Premier League,2023/2024,True,,Finished,2025-12-22T15:13:58.167454+00:00
4193536,4193536,Luton Town,Tottenham Hotspur,2023-10-07T11:30:00Z,0,1,A,8,Premier League,2023/2024,True,,Finished,2025-12-22T15:13:58.167456+00:00
4193532,4193532,Burnley,Chelsea,2023-10-07T14:00:00Z,1,4,A,8,Premier League,2023/2024,True,,Finished,2025-12-22T15:13:58.167459+00:00
4193534,4193534,Everton,AFC Bournemouth,2023-10-07T14:00:00Z,3,0,H,8,Premier League,2023/2024,True,,Finished,2025-12-22T15:13:58.167460+00:00
4193535,4193535,Fulham,Sheffield United,2023-10-07T14:00:00Z,3,1,H,8,Premier League,2023/2024,True,,Finished,2025-12-22T15:13:58.167462+00:00
4193537,4193537,Manchester United,Brentford,2023-10-07T14:00:00Z,2,1,H,8,Premier League,2023/2024,True,,Finished,2025-12-22T15:13:58.167464+00:00
4193533,4193533,Crystal Palace,Nottingham Forest,2023-10-07T16:30:00Z,0,0,D,8,Premier League,2023/2024,True,,Finished,2025-12-22T15:13:58.167466+00:00
4193531,4193531,Brighton & Hove Albion,Liverpool,2023-10-08T13:00:00Z,2,2,D,8,Premier League,2023/2024,True,,Finished,2025-12-22T15:13:58.167468+00:00
4193538,4193538,West Ham United,Newcastle United,2023-10-08T13:00:00Z,2,2,D,8,Premier League,2023/2024,True,,Finished,2025-12-22T15:13:58.167471+00:00
4193539,4193539,Wolverhampton Wanderers,Aston Villa,2023-10-08T13:00:00Z,1,1,D,8,Premier League,2023/2024,True,,Finished,2025-12-22T15:13:58.167473+00:00
4193530,4193530,Arsenal,Manchester City,2023-10-08T15:30:00Z,1,0,H,8,Premier League,2023/2024,True,,Finished,2025-12-22T15:13:58.167475+00:00
4193544,4193544,Liverpool,Everton,2023-10-21T11:30:00Z,2,0,H,9,Premier League,2023/2024,True,,Finished,2025-12-22T15:13:58.167476+00:00
4193540,4193540,AFC Bournemouth,Wolverhampton Wanderers,2023-10-21T14:00:00Z,1,2,A,9,Premier League,2023/2024,True,,Finished,2025-12-22T15:13:58.167479+00:00
4193542,4193542,Brentford,Burnley,2023-10-21T14:00:00Z,3,0,H,9,Premier League,2023/2024,True,,Finished,2025-12-22T15:13:58.167481+00:00
4193545,4193545,Manchester City,Brighton & Hove Albion,2023-10-21T14:00:00Z,2,1,H,9,Premier League,2023/2024,True,,Finished,2025-12-22T15:13:58.167483+00:00
4193546,4193546,Newcastle United,Crystal Palace,2023-10-21T14:00:00Z,4,0,H,9,Premier League,2023/2024,True,,Finished,2025-12-22T15:13:58.167485+00:00
4193547,4193547,Nottingham Forest,Luton Town,2023-10-21T14:00:00Z,2,2,D,9,Premier League,2023/2024,True,,Finished,2025-12-22T15:13:58.167487+00:00
4193543,4193543,Chelsea,Arsenal,2023-10-21T16:30:00Z,2,2,D,9,Premier League,2023/2024,True,,Finished,2025-12-22T15:13:58.167491+00:00
4193548,4193548,Sheffield United,Manchester United,2023-10-21T19:00:00Z,1,2,A,9,Premier League,2023/2024,True,,Finished,2025-12-22T15:13:58.167493+00:00
4193541,4193541,Aston Villa,West Ham United,2023-10-22T15:30:00Z,4,1,H,9,Premier League,2023/2024,True,,Finished,2025-12-22T15:13:58.167495+00:00
4193549,4193549,Tottenham Hotspur,Fulham,2023-10-23T19:00:00Z,2,0,H,9,Premier League,2023/2024,True,,Finished,2025-12-22T15:13:58.167497+00:00
4193555,4193555,Crystal Palace,Tottenham Hotspur,2023-10-27T19:00:00Z,1,2,A,10,Premier League,2023/2024,True,,Finished,2025-12-22T15:13:58.167499+00:00
4193554,4193554,Chelsea,Brentford,2023-10-28T11:30:00Z,0,2,A,10,Premier League,2023/2024,True,,Finished,2025-12-22T15:13:58.167501+00:00
4193550,4193550,AFC Bournemouth,Burnley,2023-10-28T14:00:00Z,2,1,H,10,Premier League,2023/2024,True,,Finished,2025-12-22T15:13:58.167503+00:00
4193551,4193551,Arsenal,Sheffield United,2023-10-28T14:00:00Z,5,0,H,10,Premier League,2023/2024,True,,Finished,2025-12-22T15:13:58.167506+00:00
4193559,4193559,Wolverhampton Wanderers,Newcastle United,2023-10-28T16:30:00Z,2,2,D,10,Premier League,2023/2024,True,,Finished,2025-12-22T15:13:58.167508+00:00
4193558,4193558,West Ham United,Everton,2023-10-29T13:00:00Z,0,1,A,10,Premier League,2023/2024,True,,Finished,2025-12-22T15:13:58.167509+00:00
4193552,4193552,Aston Villa,Luton Town,2023-10-29T14:00:00Z,3,1,H,10,Premier League,2023/2024,True,,Finished,2025-12-22T15:13:58.167511+00:00
4193553,4193553,Brighton & Hove Albion,Fulham,2023-10-29T14:00:00Z,1,1,D,10,Premier League,2023/2024,True,,Finished,2025-12-22T15:13:58.167514+00:00
4193556,4193556,Liverpool,Nottingham Forest,2023-10-29T14:00:00Z,3,0,H,10,Premier League,2023/2024,True,,Finished,2025-12-22T15:13:58.167516+00:00
4193557,4193557,Manchester United,Manchester City,2023-10-29T15:30:00Z,0,3,A,10,Premier League,2023/2024,True,,Finished,2025-12-22T15:13:58.167517+00:00
4193563,4193563,Fulham,Manchester United,2023-11-04T12:30:00Z,0,1,A,11,Premier League,2023/2024,True,,Finished,2025-12-22T15:13:58.167519+00:00
4193560,4193560,Brentford,West Ham United,2023-11-04T15:00:00Z,3,2,H,11,Premier League,2023/2024,True,,Finished,2025-12-22T15:13:58.167522+00:00
4193561,4193561,Burnley,Crystal Palace,2023-11-04T15:00:00Z,0,2,A,11,Premier League,2023/2024,True,,Finished,2025-12-22T15:13:58.167524+00:00
4193562,4193562,Everton,Brighton & Hove Albion,2023-11-04T15:00:00Z,1,1,D,11,Premier League,2023/2024,True,,Finished,2025-12-22T15:13:58.167526+00:00
4193565,4193565,Manchester City,AFC Bournemouth,2023-11-04T15:00:00Z,6,1,H,11,Premier League,2023/2024,True,,Finished,2025-12-22T15:13:58.167529+00:00
4193568,4193568,Sheffield United,Wolverhampton Wanderers,2023-11-04T15:00:00Z,2,1,H,11,Premier League,2023/2024,True,,Finished,2025-12-22T15:13:58.167531+00:00
4193566,4193566,Newcastle United,Arsenal,2023-11-04T17:30:00Z,1,0,H,11,Premier League,2023/2024,True,,Finished,2025-12-22T15:13:58.167532+00:00
4193567,4193567,Nottingham Forest,Aston Villa,2023-11-05T14:00:00Z,2,0,H,11,Premier League,2023/2024,True,,Finished,2025-12-22T15:13:58.167534+00:00
4193564,4193564,Luton Town,Liverpool,2023-11-05T16:30:00Z,1,1,D,11,Premier League,2023/2024,True,,Finished,2025-12-22T15:13:58.167536+00:00
4193569,4193569,Tottenham Hotspur,Chelsea,2023-11-06T20:00:00Z,1,4,A,11,Premier League,2023/2024,True,,Finished,2025-12-22T15:13:58.167538+00:00
4193579,4193579,Wolverhampton Wanderers,Tottenham Hotspur,2023-11-11T12:30:00Z,2,1,H,12,Premier League,2023/2024,True,,Finished,2025-12-22T15:13:58.167540+00:00
4193571,4193571,Arsenal,Burnley,2023-11-11T15:00:00Z,3,1,H,12,Premier League,2023/2024,True,,Finished,2025-12-22T15:13:58.167543+00:00
4193575,4193575,Crystal Palace,Everton,2023-11-11T15:00:00Z,2,3,A,12,Premier League,2023/2024,True,,Finished,2025-12-22T15:13:58.167559+00:00
4193577,4193577,Manchester United,Luton Town,2023-11-11T15:00:00Z,1,0,H,12,Premier League,2023/2024,True,,Finished,2025-12-22T15:13:58.167571+00:00
4193570,4193570,AFC Bournemouth,Newcastle United,2023-11-11T17:30:00Z,2,0,H,12,Premier League,2023/2024,True,,Finished,2025-12-22T15:13:58.167574+00:00
4193572,4193572,Aston Villa,Fulham,2023-11-12T14:00:00Z,3,1,H,12,Premier League,2023/2024,True,,Finished,2025-12-22T15:13:58.167576+00:00
4193573,4193573,Brighton & Hove Albion,Sheffield United,2023-11-12T14:00:00Z,1,1,D,12,Premier League,2023/2024,True,,Finished,2025-12-22T15:13:58.167578+00:00
4193576,4193576,Liverpool,Brentford,2023-11-12T14:00:00Z,3,0,H,12,Premier League,2023/2024,True,,Finished,2025-12-22T15:13:58.167580+00:00
4193578,4193578,West Ham United,Nottingham Forest,2023-11-12T14:00:00Z,3,2,H,12,Premier League,2023/2024,True,,Finished,2025-12-22T15:13:58.167582+00:00
4193574,4193574,Chelsea,Manchester City,2023-11-12T16:30:00Z,4,4,D,12,Premier League,2023/2024,True,,Finished,2025-12-22T15:13:58.167584+00:00
4193656,4193656,Manchester City,Liverpool,2023-11-25T12:30:00Z,1,1,D,13,Premier League,2023/2024,True,,Finished,2025-12-22T15:13:58.167586+00:00
4193652,4193652,Burnley,West Ham United,2023-11-25T15:00:00Z,1,2,A,13,Premier League,2023/2024,True,,Finished,2025-12-22T15:13:58.167591+00:00
4193655,4193655,Luton Town,Crystal Palace,2023-11-25T15:00:00Z,2,1,H,13,Premier League,2023/2024,True,,Finished,2025-12-22T15:13:58.167593+00:00
4193657,4193657,Newcastle United,Chelsea,2023-11-25T15:00:00Z,4,1,H,13,Premier League,2023/2024,True,,Finished,2025-12-22T15:13:58.167595+00:00
4193658,4193658,Nottingham Forest,Brighton & Hove Albion,2023-11-25T15:00:00Z,2,3,A,13,Premier League,2023/2024,True,,Finished,2025-12-22T15:13:58.167597+00:00
4193659,4193659,Sheffield United,AFC Bournemouth,2023-11-25T15:00:00Z,1,3,A,13,Premier League,2023/2024,True,,Finished,2025-12-22T15:13:58.167599+00:00
4193651,4193651,Brentford,Arsenal,2023-11-25T17:30:00Z,0,1,A,13,Premier League,2023/2024,True,,Finished,2025-12-22T15:13:58.167601+00:00
4193660,4193660,Tottenham Hotspur,Aston Villa,2023-11-26T14:00:00Z,1,2,A,13,Premier League,2023/2024,True,,Finished,2025-12-22T15:13:58.167603+00:00
4193653,4193653,Everton,Manchester United,2023-11-26T16:30:00Z,0,3,A,13,Premier League,2023/2024,True,,Finished,2025-12-22T15:13:58.167606+00:00
4193654,4193654,Fulham,Wolverhampton Wanderers,2023-11-27T20:00:00Z,3,2,H,13,Premier League,2023/2024,True,,Finished,2025-12-22T15:13:58.167608+00:00
4193662,4193662,Arsenal,Wolverhampton Wanderers,2023-12-02T15:00:00Z,2,1,H,14,Premier League,2023/2024,True,,Finished,2025-12-22T15:13:58.167610+00:00
4193663,4193663,Brentford,Luton Town,2023-12-02T15:00:00Z,3,1,H,14,Premier League,2023/2024,True,,Finished,2025-12-22T15:13:58.167613+00:00
4193664,4193664,Burnley,Sheffield United,2023-12-02T15:00:00Z,5,0,H,14,Premier League,2023/2024,True,,Finished,2025-12-22T15:13:58.167615+00:00
4193669,4193669,Nottingham Forest,Everton,2023-12-02T17:30:00Z,0,1,A,14,Premier League,2023/2024,True,,Finished,2025-12-22T15:13:58.167617+00:00
4193668,4193668,Newcastle United,Manchester United,2023-12-02T20:00:00Z,1,0,H,14,Premier League,2023/2024,True,,Finished,2025-12-22T15:13:58.167619+00:00
4193661,4193661,AFC Bournemouth,Aston Villa,2023-12-03T14:00:00Z,2,2,D,14,Premier League,2023/2024,True,,Finished,2025-12-22T15:13:58.167620+00:00
4193665,4193665,Chelsea,Brighton & Hove Albion,2023-12-03T14:00:00Z,3,2,H,14,Premier League,2023/2024,True,,Finished,2025-12-22T15:13:58.167622+00:00
4193666,4193666,Liverpool,Fulham,2023-12-03T14:00:00Z,4,3,H,14,Premier League,2023/2024,True,,Finished,2025-12-22T15:13:58.167624+00:00
4193670,4193670,West Ham United,Crystal Palace,2023-12-03T14:00:00Z,1,1,D,14,Premier League,2023/2024,True,,Finished,2025-12-22T15:13:58.167626+00:00
4193667,4193667,Manchester City,Tottenham Hotspur,2023-12-03T16:30:00Z,3,3,D,14,Premier League,2023/2024,True,,Finished,2025-12-22T15:13:58.167628+00:00
4193678,4193678,Wolverhampton Wanderers,Burnley,2023-12-05T19:30:00Z,1,0,H,15,Premier League,2023/2024,True,,Finished,2025-12-22T15:13:58.167630+00:00
4193675,4193675,Luton Town,Arsenal,2023-12-05T20:15:00Z,3,4,A,15,Premier League,2023/2024,True,,Finished,2025-12-22T15:13:58.167632+00:00
4193672,4193672,Brighton & Hove Albion,Brentford,2023-12-06T19:30:00Z,2,1,H,15,Premier League,2023/2024,True,,Finished,2025-12-22T15:13:58.167634+00:00
4193679,4193679,Crystal Palace,AFC Bournemouth,2023-12-06T19:30:00Z,0,2,A,15,Premier League,2023/2024,True,,Finished,2025-12-22T15:13:58.167636+00:00
4193674,4193674,Fulham,Nottingham Forest,2023-12-06T19:30:00Z,5,0,H,15,Premier League,2023/2024,True,,Finished,2025-12-22T15:13:58.167638+00:00
4193676,4193676,Sheffield United,Liverpool,2023-12-06T19:30:00Z,0,2,A,15,Premier League,2023/2024,True,,Finished,2025-12-22T15:13:58.167640+00:00
4193671,4193671,Aston Villa,Manchester City,2023-12-06T20:15:00Z,1,0,H,15,Premier League,2023/2024,True,,Finished,2025-12-22T15:13:58.167642+00:00
4193680,4193680,Manchester United,Chelsea,2023-12-06T20:15:00Z,2,1,H,15,Premier League,2023/2024,True,,Finished,2025-12-22T15:13:58.167644+00:00
4193673,4193673,Everton,Newcastle United,2023-12-07T19:30:00Z,3,0,H,15,Premier League,2023/2024,True,,Finished,2025-12-22T15:13:58.167646+00:00
4193677,4193677,Tottenham Hotspur,West Ham United,2023-12-07T20:15:00Z,1,2,A,15,Premier League,2023/2024,True,,Finished,2025-12-22T15:13:58.167648+00:00
4193683,4193683,Crystal Palace,Liverpool,2023-12-09T12:30:00Z,1,2,A,16,Premier League,2023/2024,True,,Finished,2025-12-22T15:13:58.167650+00:00
4193682,4193682,Brighton & Hove Albion,Burnley,2023-12-09T15:00:00Z,1,1,D,16,Premier League,2023/2024,True,,Finished,2025-12-22T15:13:58.167652+00:00
4193687,4193687,Manchester United,AFC Bournemouth,2023-12-09T15:00:00Z,0,3,A,16,Premier League,2023/2024,True,,Finished,2025-12-22T15:13:58.167654+00:00
4193688,4193688,Sheffield United,Brentford,2023-12-09T15:00:00Z,1,0,H,16,Premier League,2023/2024,True,,Finished,2025-12-22T15:13:58.167656+00:00
4193690,4193690,Wolverhampton Wanderers,Nottingham Forest,2023-12-09T15:00:00Z,1,1,D,16,Premier League,2023/2024,True,,Finished,2025-12-22T15:13:58.167658+00:00
4193681,4193681,Aston Villa,Arsenal,2023-12-09T17:30:00Z,1,0,H,16,Premier League,2023/2024,True,,Finished,2025-12-22T15:13:58.167660+00:00
4193684,4193684,Everton,Chelsea,2023-12-10T14:00:00Z,2,0,H,16,Premier League,2023/2024,True,,Finished,2025-12-22T15:13:58.167662+00:00
4193685,4193685,Fulham,West Ham United,2023-12-10T14:00:00Z,5,0,H,16,Premier League,2023/2024,True,,Finished,2025-12-22T15:13:58.167664+00:00
4193686,4193686,Luton Town,Manchester City,2023-12-10T14:00:00Z,1,2,A,16,Premier League,2023/2024,True,,Finished,2025-12-22T15:13:58.167666+00:00
4193689,4193689,Tottenham Hotspur,Newcastle United,2023-12-10T16:30:00Z,4,1,H,16,Premier League,2023/2024,True,,Finished,2025-12-22T15:13:58.167668+00:00
4193699,4193699,Nottingham Forest,Tottenham Hotspur,2023-12-15T20:00:00Z,0,2,A,17,Premier League,2023/2024,True,,Finished,2025-12-22T15:13:58.167669+00:00
4193691,4193691,AFC Bournemouth,Luton Town,2023-12-16T15:00:00Z,1,1,D,17,Premier League,2023/2024,True,,Finished,2025-12-22T15:13:58.167672+00:00
4193695,4193695,Chelsea,Sheffield United,2023-12-16T15:00:00Z,2,0,H,17,Premier League,2023/2024,True,,Finished,2025-12-22T15:13:58.167674+00:00
4193697,4193697,Manchester City,Crystal Palace,2023-12-16T15:00:00Z,2,2,D,17,Premier League,2023/2024,True,,Finished,2025-12-22T15:13:58.167677+00:00
4193698,4193698,Newcastle United,Fulham,2023-12-16T15:00:00Z,3,0,H,17,Premier League,2023/2024,True,,Finished,2025-12-22T15:13:58.167678+00:00
4193694,4193694,Burnley,Everton,2023-12-16T17:30:00Z,0,2,A,17,Premier League,2023/2024,True,,Finished,2025-12-22T15:13:58.167680+00:00
4193692,4193692,Arsenal,Brighton & Hove Albion,2023-12-17T14:00:00Z,2,0,H,17,Premier League,2023/2024,True,,Finished,2025-12-22T15:13:58.167683+00:00
4193693,4193693,Brentford,Aston Villa,2023-12-17T14:00:00Z,1,2,A,17,Premier League,2023/2024,True,,Finished,2025-12-22T15:13:58.167684+00:00
4193700,4193700,West Ham United,Wolverhampton Wanderers,2023-12-17T14:00:00Z,3,0,H,17,Premier League,2023/2024,True,,Finished,2025-12-22T15:13:58.167686+00:00
4193696,4193696,Liverpool,Manchester United,2023-12-17T16:30:00Z,0,0,D,17,Premier League,2023/2024,True,,Finished,2025-12-22T15:13:58.167688+00:00
4193702,4193702,Crystal Palace,Brighton & Hove Albion,2023-12-21T20:00:00Z,1,1,D,18,Premier League,2023/2024,True,,Finished,2025-12-22T15:13:58.167690+00:00
4193701,4193701,Aston Villa,Sheffield United,2023-12-22T20:00:00Z,1,1,D,18,Premier League,2023/2024,True,,Finished,2025-12-22T15:13:58.167693+00:00
4193709,4193709,West Ham United,Manchester United,2023-12-23T12:30:00Z,2,0,H,18,Premier League,2023/2024,True,,Finished,2025-12-22T15:13:58.167695+00:00
4193703,4193703,Fulham,Burnley,2023-12-23T15:00:00Z,0,2,A,18,Premier League,2023/2024,True,,Finished,2025-12-22T15:13:58.167697+00:00
4193705,4193705,Luton Town,Newcastle United,2023-12-23T15:00:00Z,1,0,H,18,Premier League,2023/2024,True,,Finished,2025-12-22T15:13:58.167699+00:00
4193707,4193707,Nottingham Forest,AFC Bournemouth,2023-12-23T15:00:00Z,2,3,A,18,Premier League,2023/2024,True,,Finished,2025-12-22T15:13:58.167701+00:00
4193708,4193708,Tottenham Hotspur,Everton,2023-12-23T15:00:00Z,2,1,H,18,Premier League,2023/2024,True,,Finished,2025-12-22T15:13:58.167703+00:00
4193704,4193704,Liverpool,Arsenal,2023-12-23T17:30:00Z,1,1,D,18,Premier League,2023/2024,True,,Finished,2025-12-22T15:13:58.167705+00:00
4193710,4193710,Wolverhampton Wanderers,Chelsea,2023-12-24T13:00:00Z,2,1,H,18,Premier League,2023/2024,True,,Finished,2025-12-22T15:13:58.167707+00:00
4193719,4193719,Newcastle United,Nottingham Forest,2023-12-26T12:30:00Z,1,3,A,19,Premier League,2023/2024,True,,Finished,2025-12-22T15:13:58.167709+00:00
4193711,4193711,AFC Bournemouth,Fulham,2023-12-26T15:00:00Z,3,0,H,19,Premier League,2023/2024,True,,Finished,2025-12-22T15:13:58.167711+00:00
4193720,4193720,Sheffield United,Luton Town,2023-12-26T15:00:00Z,2,3,A,19,Premier League,2023/2024,True,,Finished,2025-12-22T15:13:58.167713+00:00
4193715,4193715,Burnley,Liverpool,2023-12-26T17:30:00Z,0,2,A,19,Premier League,2023/2024,True,,Finished,2025-12-22T15:13:58.167715+00:00
4193718,4193718,Manchester United,Aston Villa,2023-12-26T20:00:00Z,3,2,H,19,Premier League,2023/2024,True,,Finished,2025-12-22T15:13:58.167717+00:00
4193713,4193713,Brentford,Wolverhampton Wanderers,2023-12-27T19:30:00Z,1,4,A,19,Premier League,2023/2024,True,,Finished,2025-12-22T15:13:58.167719+00:00
4193716,4193716,Chelsea,Crystal Palace,2023-12-27T19:30:00Z,2,1,H,19,Premier League,2023/2024,True,,Finished,2025-12-22T15:13:58.167721+00:00
4193717,4193717,Everton,Manchester City,2023-12-27T20:15:00Z,1,3,A,19,Premier League,2023/2024,True,,Finished,2025-12-22T15:13:58.167722+00:00
4193714,4193714,Brighton & Hove Albion,Tottenham Hotspur,2023-12-28T19:30:00Z,4,2,H,19,Premier League,2023/2024,True,,Finished,2025-12-22T15:13:58.167724+00:00
4193712,4193712,Arsenal,West Ham United,2023-12-28T20:15:00Z,0,2,A,19,Premier League,2023/2024,True,,Finished,2025-12-22T15:13:58.167726+00:00
4193725,4193725,Luton Town,Chelsea,2023-12-30T12:30:00Z,2,3,A,20,Premier League,2023/2024,True,,Finished,2025-12-22T15:13:58.167742+00:00
4193721,4193721,Aston Villa,Burnley,2023-12-30T15:00:00Z,3,2,H,20,Premier League,2023/2024,True,,Finished,2025-12-22T15:13:58.167744+00:00
4193722,4193722,Crystal Palace,Brentford,2023-12-30T15:00:00Z,3,1,H,20,Premier League,2023/2024,True,,Finished,2025-12-22T15:13:58.167748+00:00
4193726,4193726,Manchester City,Sheffield United,2023-12-30T15:00:00Z,2,0,H,20,Premier League,2023/2024,True,,Finished,2025-12-22T15:13:58.167750+00:00
4193730,4193730,Wolverhampton Wanderers,Everton,2023-12-30T15:00:00Z,3,0,H,20,Premier League,2023/2024,True,,Finished,2025-12-22T15:13:58.167752+00:00
4193727,4193727,Nottingham Forest,Manchester United,2023-12-30T17:30:00Z,2,1,H,20,Premier League,2023/2024,True,,Finished,2025-12-22T15:13:58.167754+00:00
4193723,4193723,Fulham,Arsenal,2023-12-31T14:00:00Z,2,1,H,20,Premier League,2023/2024,True,,Finished,2025-12-22T15:13:58.167755+00:00
4193728,4193728,Tottenham Hotspur,AFC Bournemouth,2023-12-31T14:00:00Z,3,1,H,20,Premier League,2023/2024,True,,Finished,2025-12-22T15:13:58.167757+00:00
4193724,4193724,Liverpool,Newcastle United,2024-01-01T20:00:00Z,4,2,H,20,Premier League,2023/2024,True,,Finished,2025-12-22T15:13:58.167759+00:00
4193729,4193729,West Ham United,Brighton & Hove Albion,2024-01-02T19:30:00Z,0,0,D,20,Premier League,2023/2024,True,,Finished,2025-12-22T15:13:58.167761+00:00
4193735,4193735,Burnley,Luton Town,2024-01-12T19:45:00Z,1,1,D,21,Premier League,2023/2024,True,,Finished,2025-12-22T15:13:58.167763+00:00
4193736,4193736,Chelsea,Fulham,2024-01-13T12:30:00Z,1,0,H,21,Premier League,2023/2024,True,,Finished,2025-12-22T15:13:58.167765+00:00
4193739,4193739,Newcastle United,Manchester City,2024-01-13T17:30:00Z,2,3,A,21,Premier League,2023/2024,True,,Finished,2025-12-22T15:13:58.167768+00:00
4193737,4193737,Everton,Aston Villa,2024-01-14T14:00:00Z,0,0,D,21,Premier League,2023/2024,True,,Finished,2025-12-22T15:13:58.167770+00:00
4193738,4193738,Manchester United,Tottenham Hotspur,2024-01-14T16:30:00Z,2,2,D,21,Premier League,2023/2024,True,,Finished,2025-12-22T15:13:58.167772+00:00
4193732,4193732,Arsenal,Crystal Palace,2024-01-20T12:30:00Z,5,0,H,21,Premier League,2023/2024,True,,Finished,2025-12-22T15:13:58.167775+00:00
4193733,4193733,Brentford,Nottingham Forest,2024-01-20T17:30:00Z,3,2,H,21,Premier League,2023/2024,True,,Finished,2025-12-22T15:13:58.167776+00:00
4193740,4193740,Sheffield United,West Ham United,2024-01-21T14:00:00Z,2,2,D,21,Premier League,2023/2024,True,,Finished,2025-12-22T15:13:58.167778+00:00
4193731,4193731,AFC Bournemouth,Liverpool,2024-01-21T16:30:00Z,0,4,A,21,Premier League,2023/2024,True,,Finished,2025-12-22T15:13:58.167780+00:00
4193734,4193734,Brighton & Hove Albion,Wolverhampton Wanderers,2024-01-22T19:45:00Z,0,0,D,21,Premier League,2023/2024,True,,Finished,2025-12-22T15:13:58.167782+00:00
4193744,4193744,Nottingham Forest,Arsenal,2024-01-30T19:30:00Z,1,2,A,22,Premier League,2023/2024,True,,Finished,2025-12-22T15:13:58.167784+00:00
4193742,4193742,Fulham,Everton,2024-01-30T19:45:00Z,0,0,D,22,Premier League,2023/2024,True,,Finished,2025-12-22T15:13:58.167786+00:00
4193743,4193743,Luton Town,Brighton & Hove Albion,2024-01-30T19:45:00Z,4,0,H,22,Premier League,2023/2024,True,,Finished,2025-12-22T15:13:58.167788+00:00
4193748,4193748,Crystal Palace,Sheffield United,2024-01-30T20:00:00Z,3,2,H,22,Premier League,2023/2024,True,,Finished,2025-12-22T15:13:58.167790+00:00
4193741,4193741,Aston Villa,Newcastle United,2024-01-30T20:15:00Z,1,3,A,22,Premier League,2023/2024,True,,Finished,2025-12-22T15:13:58.167792+00:00
4193750,4193750,Manchester City,Burnley,2024-01-31T19:30:00Z,3,1,H,22,Premier League,2023/2024,True,,Finished,2025-12-22T15:13:58.167795+00:00
4193745,4193745,Tottenham Hotspur,Brentford,2024-01-31T19:30:00Z,3,2,H,22,Premier League,2023/2024,True,,Finished,2025-12-22T15:13:58.167797+00:00
4193749,4193749,Liverpool,Chelsea,2024-01-31T20:15:00Z,4,1,H,22,Premier League,2023/2024,True,,Finished,2025-12-22T15:13:58.167799+00:00
4193746,4193746,West Ham United,AFC Bournemouth,2024-02-01T19:30:00Z,1,1,D,22,Premier League,2023/2024,True,,Finished,2025-12-22T15:13:58.167801+00:00
4193747,4193747,Wolverhampton Wanderers,Manchester United,2024-02-01T20:15:00Z,3,4,A,22,Premier League,2023/2024,True,,Finished,2025-12-22T15:13:58.167803+00:00
4193757,4193757,Everton,Tottenham Hotspur,2024-02-03T12:30:00Z,2,2,D,23,Premier League,2023/2024,True,,Finished,2025-12-22T15:13:58.167804+00:00
4193754,4193754,Brighton & Hove Albion,Crystal Palace,2024-02-03T15:00:00Z,4,1,H,23,Premier League,2023/2024,True,,Finished,2025-12-22T15:13:58.167806+00:00
4193755,4193755,Burnley,Fulham,2024-02-03T15:00:00Z,2,2,D,23,Premier League,2023/2024,True,,Finished,2025-12-22T15:13:58.167809+00:00
4193759,4193759,Newcastle United,Luton Town,2024-02-03T15:00:00Z,4,4,D,23,Premier League,2023/2024,True,,Finished,2025-12-22T15:13:58.167811+00:00
4193760,4193760,Sheffield United,Aston Villa,2024-02-03T17:30:00Z,0,5,A,23,Premier League,2023/2024,True,,Finished,2025-12-22T15:13:58.167813+00:00
4193751,4193751,AFC Bournemouth,Nottingham Forest,2024-02-04T14:00:00Z,1,1,D,23,Premier League,2023/2024,True,,Finished,2025-12-22T15:13:58.167815+00:00
4193756,4193756,Chelsea,Wolverhampton Wanderers,2024-02-04T14:00:00Z,2,4,A,23,Premier League,2023/2024,True,,Finished,2025-12-22T15:13:58.167817+00:00
4193758,4193758,Manchester United,West Ham United,2024-02-04T14:00:00Z,3,0,H,23,Premier League,2023/2024,True,,Finished,2025-12-22T15:13:58.167819+00:00
4193752,4193752,Arsenal,Liverpool,2024-02-04T16:30:00Z,3,1,H,23,Premier League,2023/2024,True,,Finished,2025-12-22T15:13:58.167820+00:00
4193753,4193753,Brentford,Manchester City,2024-02-05T20:00:00Z,1,3,A,23,Premier League,2023/2024,True,,Finished,2025-12-22T15:13:58.167823+00:00
4193766,4193766,Manchester City,Everton,2024-02-10T12:30:00Z,2,0,H,24,Premier League,2023/2024,True,,Finished,2025-12-22T15:13:58.167825+00:00
4193763,4193763,Fulham,AFC Bournemouth,2024-02-10T15:00:00Z,3,1,H,24,Premier League,2023/2024,True,,Finished,2025-12-22T15:13:58.167827+00:00
4193764,4193764,Liverpool,Burnley,2024-02-10T15:00:00Z,3,1,H,24,Premier League,2023/2024,True,,Finished,2025-12-22T15:13:58.167830+00:00
4193765,4193765,Luton Town,Sheffield United,2024-02-10T15:00:00Z,1,3,A,24,Premier League,2023/2024,True,,Finished,2025-12-22T15:13:58.167832+00:00
4193768,4193768,Tottenham Hotspur,Brighton & Hove Albion,2024-02-10T15:00:00Z,2,1,H,24,Premier League,2023/2024,True,,Finished,2025-12-22T15:13:58.167834+00:00
4193770,4193770,Wolverhampton Wanderers,Brentford,2024-02-10T15:00:00Z,0,2,A,24,Premier League,2023/2024,True,,Finished,2025-12-22T15:13:58.167837+00:00
4193767,4193767,Nottingham Forest,Newcastle United,2024-02-10T17:30:00Z,2,3,A,24,Premier League,2023/2024,True,,Finished,2025-12-22T15:13:58.167838+00:00
4193769,4193769,West Ham United,Arsenal,2024-02-11T14:00:00Z,0,6,A,24,Premier League,2023/2024,True,,Finished,2025-12-22T15:13:58.167840+00:00
4193761,4193761,Aston Villa,Manchester United,2024-02-11T16:30:00Z,1,2,A,24,Premier League,2023/2024,True,,Finished,2025-12-22T15:13:58.167842+00:00
4193762,4193762,Crystal Palace,Chelsea,2024-02-12T20:00:00Z,1,3,A,24,Premier League,2023/2024,True,,Finished,2025-12-22T15:13:58.167844+00:00
4193771,4193771,Brentford,Liverpool,2024-02-17T12:30:00Z,1,4,A,25,Premier League,2023/2024,True,,Finished,2025-12-22T15:13:58.167846+00:00
4193772,4193772,Burnley,Arsenal,2024-02-17T15:00:00Z,0,5,A,25,Premier League,2023/2024,True,,Finished,2025-12-22T15:13:58.167848+00:00
4193774,4193774,Fulham,Aston Villa,2024-02-17T15:00:00Z,1,2,A,25,Premier League,2023/2024,True,,Finished,2025-12-22T15:13:58.167850+00:00
4193777,4193777,Newcastle United,AFC Bournemouth,2024-02-17T15:00:00Z,2,2,D,25,Premier League,2023/2024,True,,Finished,2025-12-22T15:13:58.167852+00:00
4193778,4193778,Nottingham Forest,West Ham United,2024-02-17T15:00:00Z,2,0,H,25,Premier League,2023/2024,True,,Finished,2025-12-22T15:13:58.167854+00:00
4193780,4193780,Tottenham Hotspur,Wolverhampton Wanderers,2024-02-17T15:00:00Z,1,2,A,25,Premier League,2023/2024,True,,Finished,2025-12-22T15:13:58.167856+00:00
4193776,4193776,Manchester City,Chelsea,2024-02-17T17:30:00Z,1,1,D,25,Premier League,2023/2024,True,,Finished,2025-12-22T15:13:58.167857+00:00
4193779,4193779,Sheffield United,Brighton & Hove Albion,2024-02-18T14:00:00Z,0,5,A,25,Premier League,2023/2024,True,,Finished,2025-12-22T15:13:58.167859+00:00
4193775,4193775,Luton Town,Manchester United,2024-02-18T16:30:00Z,1,2,A,25,Premier League,2023/2024,True,,Finished,2025-12-22T15:13:58.167861+00:00
4193773,4193773,Everton,Crystal Palace,2024-02-19T20:00:00Z,1,1,D,25,Premier League,2023/2024,True,,Finished,2025-12-22T15:13:58.167863+00:00
4193706,4193706,Manchester City,Brentford,2024-02-20T19:30:00Z,1,0,H,18,Premier League,2023/2024,True,,Finished,2025-12-22T15:13:58.167865+00:00
4193787,4193787,Liverpool,Luton Town,2024-02-21T19:30:00Z,4,1,H,26,Premier League,2023/2024,True,,Finished,2025-12-22T15:13:58.167866+00:00
4193783,4193783,Aston Villa,Nottingham Forest,2024-02-24T15:00:00Z,4,2,H,26,Premier League,2023/2024,True,,Finished,2025-12-22T15:13:58.167869+00:00
4193784,4193784,Brighton & Hove Albion,Everton,2024-02-24T15:00:00Z,1,1,D,26,Premier League,2023/2024,True,,Finished,2025-12-22T15:13:58.167871+00:00
4193786,4193786,Crystal Palace,Burnley,2024-02-24T15:00:00Z,3,0,H,26,Premier League,2023/2024,True,,Finished,2025-12-22T15:13:58.167872+00:00
4193788,4193788,Manchester United,Fulham,2024-02-24T15:00:00Z,1,2,A,26,Premier League,2023/2024,True,,Finished,2025-12-22T15:13:58.167874+00:00
4193781,4193781,AFC Bournemouth,Manchester City,2024-02-24T17:30:00Z,0,1,A,26,Premier League,2023/2024,True,,Finished,2025-12-22T15:13:58.167876+00:00
4193782,4193782,Arsenal,Newcastle United,2024-02-24T20:00:00Z,4,1,H,26,Premier League,2023/2024,True,,Finished,2025-12-22T15:13:58.167878+00:00
4193790,4193790,Wolverhampton Wanderers,Sheffield United,2024-02-25T13:30:00Z,1,0,H,26,Premier League,2023/2024,True,,Finished,2025-12-22T15:13:58.167880+00:00
4193789,4193789,West Ham United,Brentford,2024-02-26T20:00:00Z,4,2,H,26,Premier League,2023/2024,True,,Finished,2025-12-22T15:13:58.167882+00:00
4193791,4193791,Brentford,Chelsea,2024-03-02T15:00:00Z,2,2,D,27,Premier League,2023/2024,True,,Finished,2025-12-22T15:13:58.167884+00:00
4193793,4193793,Everton,West Ham United,2024-03-02T15:00:00Z,1,3,A,27,Premier League,2023/2024,True,,Finished,2025-12-22T15:13:58.167886+00:00
4193794,4193794,Fulham,Brighton & Hove Albion,2024-03-02T15:00:00Z,3,0,H,27,Premier League,2023/2024,True,,Finished,2025-12-22T15:13:58.167888+00:00
4193797,4193797,Newcastle United,Wolverhampton Wanderers,2024-03-02T15:00:00Z,3,0,H,27,Premier League,2023/2024,True,,Finished,2025-12-22T15:13:58.167890+00:00
4193798,4193798,Nottingham Forest,Liverpool,2024-03-02T15:00:00Z,0,1,A,27,Premier League,2023/2024,True,,Finished,2025-12-22T15:13:58.167892+00:00
4193800,4193800,Tottenham Hotspur,Crystal Palace,2024-03-02T15:00:00Z,3,1,H,27,Premier League,2023/2024,True,,Finished,2025-12-22T15:13:58.167893+00:00
4193795,4193795,Luton Town,Aston Villa,2024-03-02T17:30:00Z,2,3,A,27,Premier League,2023/2024,True,,Finished,2025-12-22T15:13:58.167895+00:00
4193792,4193792,Burnley,AFC Bournemouth,2024-03-03T13:00:00Z,0,2,A,27,Premier League,2023/2024,True,,Finished,2025-12-22T15:13:58.167897+00:00
4193796,4193796,Manchester City,Manchester United,2024-03-03T15:30:00Z,3,1,H,27,Premier League,2023/2024,True,,Finished,2025-12-22T15:13:58.167899+00:00
4193799,4193799,Sheffield United,Arsenal,2024-03-04T20:00:00Z,0,6,A,27,Premier League,2023/2024,True,,Finished,2025-12-22T15:13:58.167901+00:00
4193808,4193808,Manchester United,Everton,2024-03-09T12:30:00Z,2,0,H,28,Premier League,2023/2024,True,,Finished,2025-12-22T15:13:58.167903+00:00
4193801,4193801,AFC Bournemouth,Sheffield United,2024-03-09T15:00:00Z,2,2,D,28,Premier League,2023/2024,True,,Finished,2025-12-22T15:13:58.167905+00:00
4193806,4193806,Crystal Palace,Luton Town,2024-03-09T15:00:00Z,1,1,D,28,Premier League,2023/2024,True,,Finished,2025-12-22T15:13:58.167907+00:00
4193810,4193810,Wolverhampton Wanderers,Fulham,2024-03-09T15:00:00Z,2,1,H,28,Premier League,2023/2024,True,,Finished,2025-12-22T15:13:58.167909+00:00
4193802,4193802,Arsenal,Brentford,2024-03-09T17:30:00Z,2,1,H,28,Premier League,2023/2024,True,,Finished,2025-12-22T15:13:58.167911+00:00
4193803,4193803,Aston Villa,Tottenham Hotspur,2024-03-10T13:00:00Z,0,4,A,28,Premier League,2023/2024,True,,Finished,2025-12-22T15:13:58.167913+00:00
4193804,4193804,Brighton & Hove Albion,Nottingham Forest,2024-03-10T14:00:00Z,1,0,H,28,Premier League,2023/2024,True,,Finished,2025-12-22T15:13:58.167915+00:00
4193809,4193809,West Ham United,Burnley,2024-03-10T14:00:00Z,2,2,D,28,Premier League,2023/2024,True,,Finished,2025-12-22T15:13:58.167916+00:00
4193807,4193807,Liverpool,Manchester City,2024-03-10T15:45:00Z,1,1,D,28,Premier League,2023/2024,True,,Finished,2025-12-22T15:13:58.167918+00:00
4193805,4193805,Chelsea,Newcastle United,2024-03-11T20:00:00Z,3,2,H,28,Premier League,2023/2024,True,,Finished,2025-12-22T15:13:58.167920+00:00
4421797,4421797,AFC Bournemouth,Luton Town,2024-03-13T19:30:00Z,4,3,H,17,Premier League,2023/2024,True,,Finished,2025-12-22T15:13:58.167922+00:00
4193813,4193813,Burnley,Brentford,2024-03-16T15:00:00Z,2,1,H,29,Premier League,2023/2024,True,,Finished,2025-12-22T15:13:58.167924+00:00
4193817,4193817,Luton Town,Nottingham Forest,2024-03-16T15:00:00Z,1,1,D,29,Premier League,2023/2024,True,,Finished,2025-12-22T15:13:58.167926+00:00
4193816,4193816,Fulham,Tottenham Hotspur,2024-03-16T17:30:00Z,3,0,H,29,Premier League,2023/2024,True,,Finished,2025-12-22T15:13:58.167928+00:00
4193819,4193819,West Ham United,Aston Villa,2024-03-17T14:00:00Z,1,1,D,29,Premier League,2023/2024,True,,Finished,2025-12-22T15:13:58.167930+00:00
4193827,4193827,Newcastle United,West Ham United,2024-03-30T12:30:00Z,4,3,H,30,Premier League,2023/2024,True,,Finished,2025-12-22T15:13:58.167932+00:00
4193821,4193821,AFC Bournemouth,Everton,2024-03-30T15:00:00Z,2,1,H,30,Premier League,2023/2024,True,,Finished,2025-12-22T15:13:58.167934+00:00
4193824,4193824,Chelsea,Burnley,2024-03-30T15:00:00Z,2,2,D,30,Premier League,2023/2024,True,,Finished,2025-12-22T15:13:58.167936+00:00
4193828,4193828,Nottingham Forest,Crystal Palace,2024-03-30T15:00:00Z,1,1,D,30,Premier League,2023/2024,True,,Finished,2025-12-22T15:13:58.167937+00:00
4193829,4193829,Sheffield United,Fulham,2024-03-30T15:00:00Z,3,3,D,30,Premier League,2023/2024,True,,Finished,2025-12-22T15:13:58.167939+00:00
4193830,4193830,Tottenham Hotspur,Luton Town,2024-03-30T15:00:00Z,2,1,H,30,Premier League,2023/2024,True,,Finished,2025-12-22T15:13:58.167941+00:00
4193822,4193822,Aston Villa,Wolverhampton Wanderers,2024-03-30T17:30:00Z,2,0,H,30,Premier League,2023/2024,True,,Finished,2025-12-22T15:13:58.167943+00:00
4193823,4193823,Brentford,Manchester United,2024-03-30T20:00:00Z,1,1,D,30,Premier League,2023/2024,True,,Finished,2025-12-22T15:13:58.167946+00:00
4193825,4193825,Liverpool,Brighton & Hove Albion,2024-03-31T13:00:00Z,2,1,H,30,Premier League,2023/2024,True,,Finished,2025-12-22T15:13:58.167948+00:00
4193826,4193826,Manchester City,Arsenal,2024-03-31T15:30:00Z,0,0,D,30,Premier League,2023/2024,True,,Finished,2025-12-22T15:13:58.167950+00:00
4193838,4193838,Newcastle United,Everton,2024-04-02T18:30:00Z,1,1,D,31,Premier League,2023/2024,True,,Finished,2025-12-22T15:13:58.167952+00:00
4193835,4193835,Nottingham Forest,Fulham,2024-04-02T18:30:00Z,3,1,H,31,Premier League,2023/2024,True,,Finished,2025-12-22T15:13:58.167954+00:00
4193831,4193831,AFC Bournemouth,Crystal Palace,2024-04-02T18:45:00Z,1,0,H,31,Premier League,2023/2024,True,,Finished,2025-12-22T15:13:58.167956+00:00
4193834,4193834,Burnley,Wolverhampton Wanderers,2024-04-02T18:45:00Z,1,1,D,31,Premier League,2023/2024,True,,Finished,2025-12-22T15:13:58.167958+00:00
4193836,4193836,West Ham United,Tottenham Hotspur,2024-04-02T19:15:00Z,1,1,D,31,Premier League,2023/2024,True,,Finished,2025-12-22T15:13:58.167961+00:00
4193832,4193832,Arsenal,Luton Town,2024-04-03T18:30:00Z,2,0,H,31,Premier League,2023/2024,True,,Finished,2025-12-22T15:13:58.167963+00:00
4193833,4193833,Brentford,Brighton & Hove Albion,2024-04-03T18:30:00Z,0,0,D,31,Premier League,2023/2024,True,,Finished,2025-12-22T15:13:58.167965+00:00
4193840,4193840,Manchester City,Aston Villa,2024-04-03T19:15:00Z,4,1,H,31,Premier League,2023/2024,True,,Finished,2025-12-22T15:13:58.167967+00:00
4193839,4193839,Liverpool,Sheffield United,2024-04-04T18:30:00Z,3,1,H,31,Premier League,2023/2024,True,,Finished,2025-12-22T15:13:58.167969+00:00
4193837,4193837,Chelsea,Manchester United,2024-04-04T19:15:00Z,4,3,H,31,Premier League,2023/2024,True,,Finished,2025-12-22T15:13:58.167971+00:00
4193843,4193843,Crystal Palace,Manchester City,2024-04-06T11:30:00Z,2,4,A,32,Premier League,2023/2024,True,,Finished,2025-12-22T15:13:58.167973+00:00
4193841,4193841,Aston Villa,Brentford,2024-04-06T14:00:00Z,3,3,D,32,Premier League,2023/2024,True,,Finished,2025-12-22T15:13:58.167975+00:00
4193844,4193844,Everton,Burnley,2024-04-06T14:00:00Z,1,0,H,32,Premier League,2023/2024,True,,Finished,2025-12-22T15:13:58.167976+00:00
4193845,4193845,Fulham,Newcastle United,2024-04-06T14:00:00Z,0,1,A,32,Premier League,2023/2024,True,,Finished,2025-12-22T15:13:58.167978+00:00
4193846,4193846,Luton Town,AFC Bournemouth,2024-04-06T14:00:00Z,2,1,H,32,Premier League,2023/2024,True,,Finished,2025-12-22T15:13:58.167980+00:00
4193850,4193850,Wolverhampton Wanderers,West Ham United,2024-04-06T14:00:00Z,1,2,A,32,Premier League,2023/2024,True,,Finished,2025-12-22T15:13:58.167982+00:00
4193842,4193842,Brighton & Hove Albion,Arsenal,2024-04-06T16:30:00Z,0,3,A,32,Premier League,2023/2024,True,,Finished,2025-12-22T15:13:58.167984+00:00
4193847,4193847,Manchester United,Liverpool,2024-04-07T14:30:00Z,2,2,D,32,Premier League,2023/2024,True,,Finished,2025-12-22T15:13:58.167987+00:00
4193848,4193848,Sheffield United,Chelsea,2024-04-07T16:30:00Z,2,2,D,32,Premier League,2023/2024,True,,Finished,2025-12-22T15:13:58.167988+00:00
4193849,4193849,Tottenham Hotspur,Nottingham Forest,2024-04-07T17:00:00Z,3,1,H,32,Premier League,2023/2024,True,,Finished,2025-12-22T15:13:58.167990+00:00
4193858,4193858,Newcastle United,Tottenham Hotspur,2024-04-13T11:30:00Z,4,0,H,33,Premier League,2023/2024,True,,Finished,2025-12-22T15:13:58.167992+00:00
4193853,4193853,Brentford,Sheffield United,2024-04-13T14:00:00Z,2,0,H,33,Premier League,2023/2024,True,,Finished,2025-12-22T15:13:58.167994+00:00
4193854,4193854,Burnley,Brighton & Hove Albion,2024-04-13T14:00:00Z,1,1,D,33,Premier League,2023/2024,True,,Finished,2025-12-22T15:13:58.167996+00:00
4193857,4193857,Manchester City,Luton Town,2024-04-13T14:00:00Z,5,1,H,33,Premier League,2023/2024,True,,Finished,2025-12-22T15:13:58.167998+00:00
4193859,4193859,Nottingham Forest,Wolverhampton Wanderers,2024-04-13T14:00:00Z,2,2,D,33,Premier League,2023/2024,True,,Finished,2025-12-22T15:13:58.167999+00:00
4193851,4193851,AFC Bournemouth,Manchester United,2024-04-13T16:30:00Z,2,2,D,33,Premier League,2023/2024,True,,Finished,2025-12-22T15:13:58.168001+00:00
4193856,4193856,Liverpool,Crystal Palace,2024-04-14T13:00:00Z,0,1,A,33,Premier League,2023/2024,True,,Finished,2025-12-22T15:13:58.168003+00:00
4193860,4193860,West Ham United,Fulham,2024-04-14T13:00:00Z,0,2,A,33,Premier League,2023/2024,True,,Finished,2025-12-22T15:13:58.168006+00:00
4193852,4193852,Arsenal,Aston Villa,2024-04-14T15:30:00Z,0,2,A,33,Premier League,2023/2024,True,,Finished,2025-12-22T15:13:58.168008+00:00
4193855,4193855,Chelsea,Everton,2024-04-15T19:00:00Z,6,0,H,33,Premier League,2023/2024,True,,Finished,2025-12-22T15:13:58.168010+00:00
4193866,4193866,Luton Town,Brentford,2024-04-20T14:00:00Z,1,5,A,34,Premier League,2023/2024,True,,Finished,2025-12-22T15:13:58.168012+00:00
4193868,4193868,Sheffield United,Burnley,2024-04-20T14:00:00Z,1,4,A,34,Premier League,2023/2024,True,,Finished,2025-12-22T15:13:58.168014+00:00
4193870,4193870,Wolverhampton Wanderers,Arsenal,2024-04-20T18:30:00Z,0,2,A,34,Premier League,2023/2024,True,,Finished,2025-12-22T15:13:58.168015+00:00
4193864,4193864,Everton,Nottingham Forest,2024-04-21T12:30:00Z,2,0,H,34,Premier League,2023/2024,True,,Finished,2025-12-22T15:13:58.168017+00:00
4193861,4193861,Aston Villa,AFC Bournemouth,2024-04-21T14:00:00Z,3,1,H,34,Premier League,2023/2024,True,,Finished,2025-12-22T15:13:58.168019+00:00
4193863,4193863,Crystal Palace,West Ham United,2024-04-21T14:00:00Z,5,2,H,34,Premier League,2023/2024,True,,Finished,2025-12-22T15:13:58.168021+00:00
4193865,4193865,Fulham,Liverpool,2024-04-21T15:30:00Z,1,3,A,34,Premier League,2023/2024,True,,Finished,2025-12-22T15:13:58.168023+00:00
4193811,4193811,Arsenal,Chelsea,2024-04-23T19:00:00Z,5,0,H,29,Premier League,2023/2024,True,,Finished,2025-12-22T15:13:58.168026+00:00
4193820,4193820,Wolverhampton Wanderers,AFC Bournemouth,2024-04-24T18:45:00Z,0,1,A,29,Premier League,2023/2024,True,,Finished,2025-12-22T15:13:58.168027+00:00
4193814,4193814,Crystal Palace,Newcastle United,2024-04-24T19:00:00Z,2,0,H,29,Premier League,2023/2024,True,,Finished,2025-12-22T15:13:58.168029+00:00
4193815,4193815,Everton,Liverpool,2024-04-24T19:00:00Z,2,0,H,29,Premier League,2023/2024,True,,Finished,2025-12-22T15:13:58.168031+00:00
4193818,4193818,Manchester United,Sheffield United,2024-04-24T19:00:00Z,4,2,H,29,Premier League,2023/2024,True,,Finished,2025-12-22T15:13:58.168033+00:00
4193812,4193812,Brighton & Hove Albion,Manchester City,2024-04-25T19:00:00Z,0,4,A,29,Premier League,2023/2024,True,,Finished,2025-12-22T15:13:58.168035+00:00
4193879,4193879,West Ham United,Liverpool,2024-04-27T11:30:00Z,2,2,D,35,Premier League,2023/2024,True,,Finished,2025-12-22T15:13:58.168037+00:00
4193874,4193874,Fulham,Crystal Palace,2024-04-27T14:00:00Z,1,1,D,35,Premier League,2023/2024,True,,Finished,2025-12-22T15:13:58.168039+00:00
4193875,4193875,Manchester United,Burnley,2024-04-27T14:00:00Z,1,1,D,35,Premier League,2023/2024,True,,Finished,2025-12-22T15:13:58.168041+00:00
4193876,4193876,Newcastle United,Sheffield United,2024-04-27T14:00:00Z,5,1,H,35,Premier League,2023/2024,True,,Finished,2025-12-22T15:13:58.168043+00:00
4193880,4193880,Wolverhampton Wanderers,Luton Town,2024-04-27T14:00:00Z,2,1,H,35,Premier League,2023/2024,True,,Finished,2025-12-22T15:13:58.168046+00:00
4193873,4193873,Everton,Brentford,2024-04-27T16:30:00Z,1,0,H,35,Premier League,2023/2024,True,,Finished,2025-12-22T15:13:58.168048+00:00
4193872,4193872,Aston Villa,Chelsea,2024-04-27T19:00:00Z,2,2,D,35,Premier League,2023/2024,True,,Finished,2025-12-22T15:13:58.168050+00:00
4193871,4193871,AFC Bournemouth,Brighton & Hove Albion,2024-04-28T13:00:00Z,3,0,H,35,Premier League,2023/2024,True,,Finished,2025-12-22T15:13:58.168052+00:00
4193878,4193878,Tottenham Hotspur,Arsenal,2024-04-28T13:00:00Z,2,3,A,35,Premier League,2023/2024,True,,Finished,2025-12-22T15:13:58.168054+00:00
4193877,4193877,Nottingham Forest,Manchester City,2024-04-28T15:30:00Z,0,2,A,35,Premier League,2023/2024,True,,Finished,2025-12-22T15:13:58.168056+00:00
4193785,4193785,Chelsea,Tottenham Hotspur,2024-05-02T18:30:00Z,2,0,H,26,Premier League,2023/2024,True,,Finished,2025-12-22T15:13:58.168058+00:00
4193888,4193888,Luton Town,Everton,2024-05-03T19:00:00Z,1,1,D,36,Premier League,2023/2024,True,,Finished,2025-12-22T15:13:58.168060+00:00
4193881,4193881,Arsenal,AFC Bournemouth,2024-05-04T11:30:00Z,3,0,H,36,Premier League,2023/2024,True,,Finished,2025-12-22T15:13:58.168061+00:00
4193882,4193882,Brentford,Fulham,2024-05-04T14:00:00Z,0,0,D,36,Premier League,2023/2024,True,,Finished,2025-12-22T15:13:58.168063+00:00
4193884,4193884,Burnley,Newcastle United,2024-05-04T14:00:00Z,1,4,A,36,Premier League,2023/2024,True,,Finished,2025-12-22T15:13:58.168066+00:00
4193890,4193890,Sheffield United,Nottingham Forest,2024-05-04T14:00:00Z,1,3,A,36,Premier League,2023/2024,True,,Finished,2025-12-22T15:13:58.168067+00:00
4193889,4193889,Manchester City,Wolverhampton Wanderers,2024-05-04T16:30:00Z,5,1,H,36,Premier League,2023/2024,True,,Finished,2025-12-22T15:13:58.168069+00:00
4193883,4193883,Brighton & Hove Albion,Aston Villa,2024-05-05T13:00:00Z,1,0,H,36,Premier League,2023/2024,True,,Finished,2025-12-22T15:13:58.168071+00:00
4193885,4193885,Chelsea,West Ham United,2024-05-05T13:00:00Z,5,0,H,36,Premier League,2023/2024,True,,Finished,2025-12-22T15:13:58.168073+00:00
4193887,4193887,Liverpool,Tottenham Hotspur,2024-05-05T15:30:00Z,4,2,H,36,Premier League,2023/2024,True,,Finished,2025-12-22T15:13:58.168075+00:00
4193886,4193886,Crystal Palace,Manchester United,2024-05-06T19:00:00Z,4,0,H,36,Premier League,2023/2024,True,,Finished,2025-12-22T15:13:58.168077+00:00
4193894,4193894,Fulham,Manchester City,2024-05-11T11:30:00Z,0,4,A,37,Premier League,2023/2024,True,,Finished,2025-12-22T15:13:58.168080+00:00
4193891,4193891,AFC Bournemouth,Brentford,2024-05-11T14:00:00Z,1,2,A,37,Premier League,2023/2024,True,,Finished,2025-12-22T15:13:58.168082+00:00
4193893,4193893,Everton,Sheffield United,2024-05-11T14:00:00Z,1,0,H,37,Premier League,2023/2024,True,,Finished,2025-12-22T15:13:58.168084+00:00
4193896,4193896,Newcastle United,Brighton & Hove Albion,2024-05-11T14:00:00Z,1,1,D,37,Premier League,2023/2024,True,,Finished,2025-12-22T15:13:58.168086+00:00
4193898,4193898,Tottenham Hotspur,Burnley,2024-05-11T14:00:00Z,2,1,H,37,Premier League,2023/2024,True,,Finished,2025-12-22T15:13:58.168088+00:00
4193899,4193899,West Ham United,Luton Town,2024-05-11T14:00:00Z,3,1,H,37,Premier League,2023/2024,True,,Finished,2025-12-22T15:13:58.168090+00:00
4193900,4193900,Wolverhampton Wanderers,Crystal Palace,2024-05-11T14:00:00Z,1,3,A,37,Premier League,2023/2024,True,,Finished,2025-12-22T15:13:58.168092+00:00
4193897,4193897,Nottingham Forest,Chelsea,2024-05-11T16:30:00Z,2,3,A,37,Premier League,2023/2024,True,,Finished,2025-12-22T15:13:58.168094+00:00
4193895,4193895,Manchester United,Arsenal,2024-05-12T15:30:00Z,0,1,A,37,Premier League,2023/2024,True,,Finished,2025-12-22T15:13:58.168096+00:00
4193892,4193892,Aston Villa,Liverpool,2024-05-13T19:00:00Z,3,3,D,37,Premier League,2023/2024,True,,Finished,2025-12-22T15:13:58.168098+00:00
4193869,4193869,Tottenham Hotspur,Manchester City,2024-05-14T19:00:00Z,0,2,A,34,Premier League,2023/2024,True,,Finished,2025-12-22T15:13:58.168100+00:00
4193862,4193862,Brighton & Hove Albion,Chelsea,2024-05-15T18:45:00Z,1,2,A,34,Premier League,2023/2024,True,,Finished,2025-12-22T15:13:58.168102+00:00
4193867,4193867,Manchester United,Newcastle United,2024-05-15T19:00:00Z,3,2,H,34,Premier League,2023/2024,True,,Finished,2025-12-22T15:13:58.168103+00:00
4193901,4193901,Arsenal,Everton,2024-05-19T15:00:00Z,2,1,H,38,Premier League,2023/2024,True,,Finished,2025-12-22T15:13:58.168106+00:00
4193902,4193902,Brentford,Newcastle United,2024-05-19T15:00:00Z,2,4,A,38,Premier League,2023/2024,True,,Finished,2025-12-22T15:13:58.168108+00:00
4193903,4193903,Brighton & Hove Albion,Manchester United,2024-05-19T15:00:00Z,0,2,A,38,Premier League,2023/2024,True,,Finished,2025-12-22T15:13:58.168109+00:00
4193904,4193904,Burnley,Nottingham Forest,2024-05-19T15:00:00Z,1,2,A,38,Premier League,2023/2024,True,,Finished,2025-12-22T15:13:58.168111+00:00
4193905,4193905,Chelsea,AFC Bournemouth,2024-05-19T15:00:00Z,2,1,H,38,Premier League,2023/2024,True,,Finished,2025-12-22T15:13:58.168113+00:00
4193906,4193906,Crystal Palace,Aston Villa,2024-05-19T15:00:00Z,5,0,H,38,Premier League,2023/2024,True,,Finished,2025-12-22T15:13:58.168115+00:00
4193907,4193907,Liverpool,Wolverhampton Wanderers,2024-05-19T15:00:00Z,2,0,H,38,Premier League,2023/2024,True,,Finished,2025-12-22T15:13:58.168117+00:00
4193908,4193908,Luton Town,Fulham,2024-05-19T15:00:00Z,2,4,A,38,Premier League,2023/2024,True,,Finished,2025-12-22T15:13:58.168119+00:00
4193909,4193909,Manchester City,West Ham United,2024-05-19T15:00:00Z,3,1,H,38,Premier League,2023/2024,True,,Finished,2025-12-22T15:13:58.168121+00:00
4193910,4193910,Sheffield United,Tottenham Hotspur,2024-05-19T15:00:00Z,0,3,A,38,Premier League,2023/2024,True,,Finished,2025-12-22T15:13:58.168123+00:00
