home_team,away_team,match_time,home_avg_rating,away_avg_rating,home_big_chances_created,away_big_chances_created,home_total_shots,away_total_shots,home_possession,away_possession,home_xg,away_xg,home_red_cards,away_red_cards,home_substitutions,away_substitutions,home_early_goal,away_early_goal,home_penalties,away_penalties,home_xg_per_shot,away_xg_per_shot,rating_diff,external_id,league_id,league_name,is_real_data,feature_version,data_source
Liverpool,AFC Bournemouth,2025-12-21 15:02:46.391579,7.42,6.53,3,3,19,10,61.0,39.0,2.21,1.7,0,0,5,4,0,0,0,0,0.116,0.17,0.89,4813374,47,Premier League,True,v7.0,fotmob_api
Aston Villa,Newcastle United,2025-12-21 15:02:46.820314,6.97,7.22,1,2,3,16,40.0,60.0,0.2,1.43,1,0,1,3,0,0,0,0,0.067,0.089,-0.25,4813375,47,Premier League,True,v7.0,fotmob_api
Brighton & Hove Albion,Fulham,2025-12-21 15:02:48.851957,6.95,6.72,2,1,10,7,50.0,50.0,1.48,0.76,0,0,5,5,0,0,1,0,0.148,0.109,0.23,4813376,47,Premier League,True,v7.0,fotmob_api
Sunderland,West Ham United,2025-12-21 15:02:50.619243,7.37,6.4,2,0,10,12,37.0,63.0,0.75,0.56,0,0,4,3,0,0,0,0,0.075,0.047,0.97,4813378,47,Premier League,True,v7.0,fotmob_api
Tottenham Hotspur,Burnley,2025-12-21 15:02:52.733516,7.84,6.16,2,0,16,14,67.0,33.0,2.32,0.94,0,0,5,5,1,0,0,0,0.145,0.067,1.68,4813379,47,Premier League,True,v7.0,fotmob_api
Wolverhampton Wanderers,Manchester City,2025-12-21 15:02:55.776286,5.83,7.86,0,3,9,15,42.0,58.0,0.56,2.47,0,0,5,5,0,0,0,0,0.062,0.165,-2.03,4813380,47,Premier League,True,v7.0,fotmob_api
Chelsea,Crystal Palace,2025-12-21 15:02:56.240807,7.23,6.89,2,1,19,11,72.0,28.0,1.6,0.66,0,0,4,2,0,0,0,0,0.084,0.06,0.34,4813381,47,Premier League,True,v7.0,fotmob_api
Nottingham Forest,Brentford,2025-12-21 15:02:57.650442,7.61,6.08,4,1,11,10,54.0,46.0,1.83,1.49,0,0,3,4,1,0,0,1,0.166,0.149,1.53,4813377,47,Premier League,True,v7.0,fotmob_api
Manchester United,Arsenal,2025-12-21 15:03:00.472180,6.75,7.25,0,1,22,9,61.0,39.0,1.52,1.31,0,0,4,5,0,1,0,0,0.069,0.146,-0.5,4813382,47,Premier League,True,v7.0,fotmob_api
Leeds United,Everton,2025-12-21 15:03:00.922495,7.23,6.75,3,1,21,7,54.0,46.0,2.13,0.8,0,0,5,2,0,0,1,0,0.101,0.114,0.48,4813383,47,Premier League,True,v7.0,fotmob_api
West Ham United,Chelsea,2025-12-21 15:03:02.131847,6.08,7.62,1,7,12,12,41.0,59.0,0.73,2.74,0,0,3,5,1,1,0,0,0.061,0.228,-1.54,4813394,47,Premier League,True,v7.0,fotmob_api
Manchester City,Tottenham Hotspur,2025-12-21 15:03:05.494266,6.36,7.48,2,3,10,12,61.0,39.0,1.55,1.11,0,0,5,4,0,0,0,0,0.155,0.093,-1.12,4813392,47,Premier League,True,v7.0,fotmob_api
AFC Bournemouth,Wolverhampton Wanderers,2025-12-21 15:03:05.463325,7.43,6.37,2,0,14,6,59.0,41.0,1.29,0.46,0,1,5,5,1,0,0,0,0.092,0.077,1.06,4813385,47,Premier League,True,v7.0,fotmob_api
Brentford,Aston Villa,2025-12-21 15:03:05.529189,7.45,6.69,2,1,9,17,24.0,76.0,1.21,1.19,0,0,5,5,1,0,0,0,0.134,0.07,0.76,4813387,47,Premier League,True,v7.0,fotmob_api
Burnley,Sunderland,2025-12-21 15:03:06.955404,7.43,6.36,2,2,7,9,42.0,58.0,1.0,0.77,0,0,5,5,0,0,0,0,0.143,0.086,1.07,4813388,47,Premier League,True,v7.0,fotmob_api
Arsenal,Leeds United,2025-12-21 15:03:10.591976,7.84,5.65,3,0,18,3,68.0,32.0,2.88,0.17,0,0,5,5,0,0,1,0,0.16,0.057,2.19,4813386,47,Premier League,True,v7.0,fotmob_api
Crystal Palace,Nottingham Forest,2025-12-21 15:03:12.051435,6.95,6.88,2,2,8,9,42.0,58.0,1.1,0.93,0,0,3,5,0,0,0,0,0.138,0.103,0.07,4813389,47,Premier League,True,v7.0,fotmob_api
Everton,Brighton & Hove Albion,2025-12-21 15:03:12.524906,7.7,6.23,2,3,11,13,42.0,58.0,1.6,2.43,0,0,4,4,0,0,0,0,0.145,0.187,1.47,4813390,47,Premier League,True,v7.0,fotmob_api
Fulham,Manchester United,2025-12-21 15:03:14.356581,6.75,6.96,3,2,13,10,52.0,48.0,1.76,1.63,0,0,4,5,0,0,0,0,0.135,0.163,-0.21,4813391,47,Premier League,True,v7.0,fotmob_api
Newcastle United,Liverpool,2025-12-21 15:03:15.540230,6.31,7.1,4,2,10,5,38.0,62.0,0.98,0.69,1,0,5,5,0,0,0,0,0.098,0.138,-0.79,4813393,47,Premier League,True,v7.0,fotmob_api
Chelsea,Fulham,2025-12-21 15:03:16.637655,7.57,6.62,3,1,13,11,54.0,46.0,2.35,1.02,0,0,4,5,0,0,1,0,0.181,0.093,0.95,4813397,47,Premier League,True,v7.0,fotmob_api
Manchester United,Burnley,2025-12-21 15:03:20.127495,7.32,6.46,4,2,26,6,62.0,38.0,3.63,1.2,0,0,4,4,0,0,1,0,0.14,0.2,0.86,4813400,47,Premier League,True,v7.0,fotmob_api
Sunderland,Brentford,2025-12-21 15:03:21.595516,7.35,6.41,2,2,12,7,54.0,46.0,1.54,1.2,0,0,3,3,0,0,1,0,0.128,0.171,0.94,4813402,47,Premier League,True,v7.0,fotmob_api
Tottenham Hotspur,AFC Bournemouth,2025-12-21 15:03:22.076747,6.56,7.42,0,3,5,20,61.0,39.0,0.19,1.59,0,0,4,5,0,1,0,0,0.038,0.08,-0.86,4813403,47,Premier League,True,v7.0,fotmob_api
Wolverhampton Wanderers,Everton,2025-12-21 15:03:25.516534,6.47,7.32,2,3,12,10,58.0,42.0,1.11,1.93,0,0,5,4,0,1,0,0,0.093,0.193,-0.85,4813404,47,Premier League,True,v7.0,fotmob_api
Leeds United,Newcastle United,2025-12-21 15:03:25.935684,7.05,6.86,1,0,10,8,43.0,57.0,0.69,0.46,0,0,4,4,0,0,0,0,0.069,0.058,0.19,4813398,47,Premier League,True,v7.0,fotmob_api
Brighton & Hove Albion,Manchester City,2025-12-21 15:03:28.817952,6.98,7.09,3,3,12,12,36.0,64.0,2.3,1.82,0,0,5,4,0,0,1,0,0.192,0.152,-0.11,4813396,47,Premier League,True,v7.0,fotmob_api
Nottingham Forest,West Ham United,2025-12-21 15:03:31.209989,6.55,7.5,1,4,11,12,58.0,42.0,0.73,2.42,0,0,4,3,0,0,0,1,0.066,0.202,-0.95,4813401,47,Premier League,True,v7.0,fotmob_api
Liverpool,Arsenal,2025-12-21 15:03:32.640103,7.34,6.37,0,0,9,11,53.0,47.0,0.52,0.49,0,0,4,4,0,0,0,0,0.058,0.045,0.97,4813399,47,Premier League,True,v7.0,fotmob_api
Aston Villa,Crystal Palace,2025-12-21 15:03:35.618761,6.26,7.75,2,4,13,6,58.0,42.0,1.14,2.65,0,0,5,4,0,0,0,1,0.088,0.442,-1.49,4813395,47,Premier League,True,v7.0,fotmob_api
Arsenal,Nottingham Forest,2025-12-21 15:03:37.868387,7.75,5.98,5,0,16,5,54.0,46.0,1.84,0.2,0,0,5,5,0,0,0,0,0.115,0.04,1.77,4813406,47,Premier League,True,v7.0,fotmob_api
AFC Bournemouth,Brighton & Hove Albion,2025-12-21 15:03:38.337873,7.22,6.75,1,2,13,6,51.0,49.0,1.45,0.62,0,0,5,5,0,0,1,0,0.112,0.103,0.47,4813405,47,Premier League,True,v7.0,fotmob_api
Crystal Palace,Sunderland,2025-12-21 15:03:40.864524,6.73,7.25,3,0,14,6,56.0,44.0,1.77,0.36,0,0,2,3,0,0,0,0,0.126,0.06,-0.52,4813409,47,Premier League,True,v7.0,fotmob_api
Everton,Aston Villa,2025-12-21 15:03:42.412590,7.25,6.78,3,0,20,7,48.0,52.0,2.08,0.54,0,0,2,4,0,0,0,0,0.104,0.077,0.47,4813410,47,Premier League,True,v7.0,fotmob_api
Fulham,Leeds United,2025-12-21 15:03:42.849645,7.32,6.62,2,1,5,10,54.0,46.0,0.85,0.79,0,0,5,4,0,0,0,0,0.17,0.079,0.7,4813411,47,Premier League,True,v7.0,fotmob_api
Newcastle United,Wolverhampton Wanderers,2025-12-21 15:03:44.285743,7.5,6.75,1,0,16,8,57.0,43.0,1.55,0.5,0,0,4,5,0,0,0,0,0.097,0.062,0.75,4813413,47,Premier League,True,v7.0,fotmob_api
West Ham United,Tottenham Hotspur,2025-12-21 15:03:46.067807,6.05,7.66,1,2,7,14,36.0,64.0,0.6,1.29,1,0,4,5,0,0,0,0,0.086,0.092,-1.61,4813414,47,Premier League,True,v7.0,fotmob_api
Brentford,Chelsea,2025-12-21 15:03:49.775097,6.89,7.01,1,2,7,16,34.0,66.0,1.43,1.25,0,0,5,5,0,0,0,0,0.204,0.078,-0.12,4813407,47,Premier League,True,v7.0,fotmob_api
Burnley,Liverpool,2025-12-21 15:03:50.204399,6.55,7.43,0,3,3,27,19.0,81.0,0.13,2.65,1,0,4,5,0,0,0,1,0.043,0.098,-0.88,4813408,47,Premier League,True,v7.0,fotmob_api
Manchester City,Manchester United,2025-12-21 15:03:54.008792,7.75,6.47,4,2,13,12,45.0,55.0,2.63,1.52,0,0,4,4,0,0,0,0,0.202,0.127,1.28,4813412,47,Premier League,True,v7.0,fotmob_api
Liverpool,Everton,2025-12-21 15:03:54.469467,7.35,6.7,1,0,11,9,57.0,43.0,0.9,0.7,0,0,3,3,1,0,0,0,0.082,0.078,0.65,4813420,47,Premier League,True,v7.0,fotmob_api
Brighton & Hove Albion,Tottenham Hotspur,2025-12-21 15:03:55.521930,6.85,6.9,1,1,12,11,36.0,64.0,1.32,1.22,0,0,5,4,1,0,0,0,0.11,0.111,-0.05,4813417,47,Premier League,True,v7.0,fotmob_api
Burnley,Nottingham Forest,2025-12-21 15:03:58.686691,7.29,7.18,2,2,12,17,37.0,63.0,0.85,1.1,0,0,2,4,0,1,0,0,0.071,0.065,0.11,4813418,47,Premier League,True,v7.0,fotmob_api
West Ham United,Crystal Palace,2025-12-21 15:03:59.119412,6.54,7.49,1,4,8,18,57.0,43.0,0.66,2.31,0,0,3,3,0,0,0,0,0.083,0.128,-0.95,4813423,47,Premier League,True,v7.0,fotmob_api
Wolverhampton Wanderers,Leeds United,2025-12-21 15:04:00.857306,6.56,7.36,1,1,16,6,56.0,44.0,1.78,0.48,0,0,5,5,1,0,0,0,0.111,0.08,-0.8,4813424,47,Premier League,True,v7.0,fotmob_api
Manchester United,Chelsea,2025-12-21 15:04:02.135527,7.22,6.6,3,1,11,5,41.0,59.0,1.84,0.43,1,1,5,5,1,0,0,0,0.167,0.086,0.62,4813421,47,Premier League,True,v7.0,fotmob_api
Fulham,Brentford,2025-12-21 15:04:02.565832,7.37,5.86,3,1,14,8,53.0,47.0,1.01,0.6,0,0,5,5,0,0,0,0,0.072,0.075,1.51,4813419,47,Premier League,True,v7.0,fotmob_api
AFC Bournemouth,Newcastle United,2025-12-21 15:04:05.103593,7.06,7.17,0,0,11,4,56.0,44.0,0.46,0.14,0,0,4,4,0,0,0,0,0.042,0.035,-0.11,4813415,47,Premier League,True,v7.0,fotmob_api
Sunderland,Aston Villa,2025-12-21 15:04:06.761574,6.77,6.82,1,2,14,12,29.0,71.0,1.04,0.78,1,0,5,5,0,0,0,0,0.074,0.065,-0.05,4813422,47,Premier League,True,v7.0,fotmob_api
Arsenal,Manchester City,2025-12-21 15:04:10.118151,6.85,7.03,2,2,12,5,67.0,33.0,0.89,0.87,0,0,5,5,0,1,0,0,0.074,0.174,-0.18,4813416,47,Premier League,True,v7.0,fotmob_api
Brentford,Manchester United,2025-12-21 15:04:10.609472,7.41,6.63,6,4,10,14,44.0,56.0,2.02,2.08,0,0,5,4,1,0,0,0,0.202,0.149,0.78,4813426,47,Premier League,True,v7.0,fotmob_api
Chelsea,Brighton & Hove Albion,2025-12-21 15:04:13.475811,6.41,7.11,2,4,13,12,60.0,40.0,1.81,2.28,1,0,4,5,0,0,0,0,0.139,0.19,-0.7,4813427,47,Premier League,True,v7.0,fotmob_api
Crystal Palace,Liverpool,2025-12-21 15:04:15.413980,7.33,6.88,7,6,16,20,28.0,72.0,2.92,2.14,0,0,4,5,1,0,0,0,0.182,0.107,0.45,4813428,47,Premier League,True,v7.0,fotmob_api
Leeds United,AFC Bournemouth,2025-12-21 15:04:18.238873,6.95,6.89,3,1,19,12,41.0,59.0,1.84,0.82,0,0,3,5,0,0,0,0,0.097,0.068,0.06,4813430,47,Premier League,True,v7.0,fotmob_api
Manchester City,Burnley,2025-12-21 15:04:20.708380,7.57,5.54,5,0,21,9,68.0,32.0,2.03,0.41,0,0,4,5,1,0,0,0,0.097,0.046,2.03,4813431,47,Premier League,True,v7.0,fotmob_api
Nottingham Forest,Sunderland,2025-12-21 15:04:21.909339,6.79,7.33,1,3,22,11,65.0,35.0,1.68,1.66,0,0,5,5,0,0,0,0,0.076,0.151,-0.54,4813433,47,Premier League,True,v7.0,fotmob_api
Tottenham Hotspur,Wolverhampton Wanderers,2025-12-21 15:04:22.369356,6.88,7.08,1,1,10,9,51.0,49.0,0.87,1.15,0,0,5,5,0,0,0,0,0.087,0.128,-0.2,4813434,47,Premier League,True,v7.0,fotmob_api
Aston Villa,Fulham,2025-12-21 15:04:23.521044,7.1,6.34,3,1,9,11,48.0,52.0,1.11,0.92,0,0,5,5,0,1,0,0,0.123,0.084,0.76,4813425,47,Premier League,True,v7.0,fotmob_api
Newcastle United,Arsenal,2025-12-21 15:04:26.137743,6.81,7.34,1,4,8,20,37.0,63.0,0.61,2.04,0,0,5,5,0,0,0,0,0.076,0.102,-0.53,4813432,47,Premier League,True,v7.0,fotmob_api
Everton,West Ham United,2025-12-21 15:04:27.967195,7.02,6.95,0,1,12,14,52.0,48.0,0.73,1.19,0,0,2,4,0,0,0,0,0.061,0.085,0.07,4813429,47,Premier League,True,v7.0,fotmob_api
AFC Bournemouth,Fulham,2025-12-21 15:04:29.465493,7.44,6.52,1,1,11,12,54.0,46.0,1.12,0.88,0,0,5,5,0,0,0,0,0.102,0.073,0.92,4813435,47,Premier League,True,v7.0,fotmob_api
Leeds United,Tottenham Hotspur,2025-12-21 15:04:29.934551,6.52,7.23,4,1,16,9,56.0,44.0,1.68,0.53,0,0,5,4,0,0,0,0,0.105,0.059,-0.71,4813441,47,Premier League,True,v7.0,fotmob_api
Arsenal,West Ham United,2025-12-21 15:04:30.951138,7.49,6.43,4,2,21,4,68.0,32.0,2.77,0.49,0,0,5,3,0,0,1,0,0.132,0.122,1.06,4813436,47,Premier League,True,v7.0,fotmob_api
Manchester United,Sunderland,2025-12-21 15:04:32.148953,7.58,6.36,2,2,15,8,50.0,50.0,1.84,0.71,0,0,5,5,1,0,0,0,0.123,0.089,1.22,4813442,47,Premier League,True,v7.0,fotmob_api
Chelsea,Liverpool,2025-12-21 15:04:34.124095,7.35,6.73,2,4,12,12,53.0,47.0,1.0,1.95,1,0,5,5,1,0,0,0,0.083,0.163,0.62,4813439,47,Premier League,True,v7.0,fotmob_api
Aston Villa,Burnley,2025-12-21 15:04:36.505503,7.4,6.36,2,1,15,5,55.0,45.0,1.16,0.4,0,0,6,5,0,0,0,0,0.077,0.08,1.04,4813437,47,Premier League,True,v7.0,fotmob_api
Everton,Crystal Palace,2025-12-21 15:04:37.820584,7.32,7.08,5,5,14,15,50.0,50.0,2.03,1.53,0,0,4,4,0,0,1,0,0.145,0.102,0.24,4813440,47,Premier League,True,v7.0,fotmob_api
Newcastle United,Nottingham Forest,2025-12-21 15:04:39.357963,7.68,6.8,6,0,18,5,51.0,49.0,3.45,0.3,0,0,4,4,0,0,1,0,0.192,0.06,0.88,4813443,47,Premier League,True,v7.0,fotmob_api
Wolverhampton Wanderers,Brighton & Hove Albion,2025-12-21 15:04:41.082668,6.99,6.9,1,2,6,17,42.0,58.0,0.56,0.92,1,0,5,4,0,0,0,0,0.093,0.054,0.09,4813444,47,Premier League,True,v7.0,fotmob_api
Brentford,Manchester City,2025-12-21 15:04:44.503699,6.33,7.64,1,2,6,10,30.0,70.0,0.7,0.85,0,0,5,3,0,1,0,0,0.117,0.085,-1.31,4813438,47,Premier League,True,v7.0,fotmob_api
Nottingham Forest,Chelsea,2025-12-21 15:04:44.962249,6.11,7.53,4,4,12,17,50.0,50.0,2.35,1.67,0,1,4,5,0,0,0,0,0.196,0.098,-1.42,4813451,47,Premier League,True,v7.0,fotmob_api
Brighton & Hove Albion,Newcastle United,2025-12-21 15:04:48.175398,7.52,6.53,1,1,13,16,46.0,54.0,0.91,1.45,0,0,5,5,0,0,0,0,0.07,0.091,0.99,4813445,47,Premier League,True,v7.0,fotmob_api
Burnley,Leeds United,2025-12-21 15:04:48.815756,7.35,6.62,1,4,4,19,31.0,69.0,0.45,2.63,0,0,4,4,0,0,0,0,0.113,0.138,0.73,4813446,47,Premier League,True,v7.0,fotmob_api
Crystal Palace,AFC Bournemouth,2025-12-21 15:04:50.580749,7.08,6.8,7,3,20,8,52.0,48.0,4.44,2.03,0,0,1,5,0,1,1,0,0.222,0.254,0.28,4813447,47,Premier League,True,v7.0,fotmob_api
Manchester City,Everton,2025-12-21 15:04:53.682184,7.87,6.24,6,1,19,5,71.0,29.0,2.38,0.81,0,0,5,5,0,0,0,0,0.125,0.162,1.63,4813450,47,Premier League,True,v7.0,fotmob_api
Sunderland,Wolverhampton Wanderers,2025-12-21 15:04:54.103103,7.38,6.62,2,0,8,16,41.0,59.0,0.65,0.83,0,0,4,4,0,0,0,0,0.081,0.052,0.76,4813452,47,Premier League,True,v7.0,fotmob_api
Fulham,Arsenal,2025-12-21 15:04:56.853931,6.64,7.39,0,3,9,16,37.0,63.0,0.44,1.87,0,0,5,3,0,0,0,0,0.049,0.117,-0.75,4813448,47,Premier League,True,v7.0,fotmob_api
Tottenham Hotspur,Aston Villa,2025-12-21 15:04:57.382333,6.45,7.03,3,0,10,8,53.0,47.0,0.75,0.32,0,0,5,4,1,0,0,0,0.075,0.04,-0.58,4813453,47,Premier League,True,v7.0,fotmob_api
Liverpool,Manchester United,2025-12-21 15:04:57.889828,6.69,7.38,5,5,19,12,64.0,36.0,2.75,1.34,0,0,5,5,0,1,0,0,0.145,0.112,-0.69,4813449,47,Premier League,True,v7.0,fotmob_api
West Ham United,Brentford,2025-12-21 15:04:59.886391,6.4,7.8,0,5,7,22,44.0,56.0,0.35,2.37,0,0,5,3,0,0,0,0,0.05,0.108,-1.4,4813454,47,Premier League,True,v7.0,fotmob_api
Leeds United,West Ham United,2025-12-21 15:05:02.951576,7.26,6.46,3,0,13,9,41.0,59.0,1.49,0.65,0,0,5,5,1,0,0,0,0.115,0.072,0.8,4813461,47,Premier League,True,v7.0,fotmob_api
Chelsea,Sunderland,2025-12-21 15:05:04.656813,6.77,7.22,2,2,16,10,68.0,32.0,0.89,1.31,0,0,5,3,1,0,0,0,0.056,0.131,-0.45,4813459,47,Premier League,True,v7.0,fotmob_api
Newcastle United,Fulham,2025-12-21 15:05:06.148913,7.34,6.27,4,2,18,12,51.0,49.0,2.14,1.53,0,0,5,5,0,0,0,0,0.119,0.128,1.07,4813463,47,Premier League,True,v7.0,fotmob_api
Manchester United,Brighton & Hove Albion,2025-12-21 15:05:06.614341,7.6,6.4,4,1,13,17,44.0,56.0,1.29,1.12,0,0,5,5,0,0,0,0,0.099,0.066,1.2,4813462,47,Premier League,True,v7.0,fotmob_api
Brentford,Liverpool,2025-12-21 15:05:08.878296,7.34,6.93,7,3,17,18,34.0,66.0,2.75,2.3,0,0,5,5,1,0,1,0,0.162,0.128,0.41,4813458,47,Premier League,True,v7.0,fotmob_api
AFC Bournemouth,Nottingham Forest,2025-12-21 15:05:10.165231,7.5,6.3,0,0,13,8,52.0,48.0,0.58,0.37,0,0,5,5,0,0,0,0,0.045,0.046,1.2,4813455,47,Premier League,True,v7.0,fotmob_api
Arsenal,Crystal Palace,2025-12-21 15:05:11.719673,7.31,6.63,2,0,10,7,60.0,40.0,0.92,0.45,0,0,5,5,0,0,0,0,0.092,0.064,0.68,4813456,47,Premier League,True,v7.0,fotmob_api
Aston Villa,Manchester City,2025-12-21 15:05:13.334206,7.3,6.75,2,2,9,18,47.0,53.0,0.81,1.18,0,0,5,5,0,0,0,0,0.09,0.066,0.55,4813457,47,Premier League,True,v7.0,fotmob_api
Wolverhampton Wanderers,Burnley,2025-12-21 15:05:13.804970,6.73,7.28,3,2,15,11,57.0,43.0,2.28,1.43,0,0,5,4,0,1,1,0,0.152,0.13,-0.55,4813464,47,Premier League,True,v7.0,fotmob_api
Everton,Tottenham Hotspur,2025-12-21 15:05:16.679163,6.34,7.51,3,4,12,7,54.0,46.0,1.74,1.72,0,0,3,4,0,0,0,0,0.145,0.246,-1.17,4813460,47,Premier League,True,v7.0,fotmob_api
Brighton & Hove Albion,Leeds United,2025-12-21 15:05:18.215514,7.72,6.02,3,1,14,5,50.0,50.0,3.07,0.5,0,0,5,5,1,0,0,0,0.219,0.1,1.7,4813465,47,Premier League,True,v7.0,fotmob_api
Burnley,Arsenal,2025-12-21 15:05:18.650109,6.35,7.49,1,4,3,12,46.0,54.0,0.42,2.42,0,0,5,5,0,1,0,0,0.14,0.202,-1.14,4813466,47,Premier League,True,v7.0,fotmob_api
Crystal Palace,Brentford,2025-12-21 15:05:19.900188,7.38,6.29,1,1,10,6,36.0,64.0,0.7,0.54,0,0,3,5,0,0,0,0,0.07,0.09,1.09,4813467,47,Premier League,True,v7.0,fotmob_api
Fulham,Wolverhampton Wanderers,2025-12-21 15:05:21.256025,7.47,6.25,2,1,19,5,63.0,37.0,1.39,0.24,0,1,5,5,1,0,0,0,0.073,0.048,1.22,4813468,47,Premier League,True,v7.0,fotmob_api
Nottingham Forest,Manchester United,2025-12-21 15:05:24.742104,6.89,7.24,1,0,17,18,41.0,59.0,1.93,1.12,0,0,3,2,0,0,0,0,0.114,0.062,-0.35,4813471,47,Premier League,True,v7.0,fotmob_api
Tottenham Hotspur,Chelsea,2025-12-21 15:05:24.528034,6.68,7.68,0,6,3,15,48.0,52.0,0.1,3.68,0,0,6,4,0,0,0,0,0.033,0.245,-1.0,4813473,47,Premier League,True,v7.0,fotmob_api
Liverpool,Aston Villa,2025-12-21 15:05:25.836888,7.6,6.08,4,0,16,10,53.0,47.0,1.19,0.41,0,0,1,5,0,0,0,0,0.074,0.041,1.52,4813469,47,Premier League,True,v7.0,fotmob_api
West Ham United,Newcastle United,2025-12-21 15:05:27.593561,7.55,6.38,2,0,15,12,37.0,63.0,1.75,0.52,0,0,3,5,0,1,0,0,0.117,0.043,1.17,4813474,47,Premier League,True,v7.0,fotmob_api
Manchester City,AFC Bournemouth,2025-12-21 15:05:30.432845,7.65,6.3,4,1,15,8,48.0,52.0,2.22,0.72,0,0,5,5,0,0,0,0,0.148,0.09,1.35,4813470,47,Premier League,True,v7.0,fotmob_api
Sunderland,Everton,2025-12-21 15:05:32.821149,7.21,7.03,1,1,17,8,61.0,39.0,1.22,0.89,0,0,2,4,0,1,0,0,0.072,0.111,0.18,4813472,47,Premier League,True,v7.0,fotmob_api
Tottenham Hotspur,Manchester United,2025-12-21 15:05:33.246097,6.82,6.92,3,2,10,5,55.0,45.0,0.92,0.63,0,0,5,5,0,0,0,0,0.092,0.126,-0.1,4813483,47,Premier League,True,v7.0,fotmob_api
Everton,Fulham,2025-12-21 15:05:36.118638,7.67,6.45,4,0,14,8,50.0,50.0,1.44,0.4,0,0,3,5,0,0,0,0,0.103,0.05,1.22,4813479,47,Premier League,True,v7.0,fotmob_api
West Ham United,Burnley,2025-12-21 15:05:39.938771,7.1,6.59,3,4,15,16,43.0,57.0,3.02,1.06,0,0,4,5,0,0,0,0,0.201,0.066,0.51,4813484,47,Premier League,True,v7.0,fotmob_api
Sunderland,Arsenal,2025-12-21 15:05:40.379588,6.55,7.02,2,4,6,17,35.0,65.0,0.44,1.91,0,0,4,1,0,0,0,0,0.073,0.112,-0.47,4813482,47,Premier League,True,v7.0,fotmob_api
Chelsea,Wolverhampton Wanderers,2025-12-21 15:05:42.633707,7.74,6.07,6,0,20,3,64.0,36.0,3.31,0.17,0,0,5,2,0,0,0,0,0.166,0.057,1.67,4813477,47,Premier League,True,v7.0,fotmob_api
Aston Villa,AFC Bournemouth,2025-12-21 15:05:44.179910,7.42,5.98,2,2,16,12,52.0,48.0,1.7,1.61,0,0,6,6,0,0,0,0,0.106,0.134,1.44,4813475,47,Premier League,True,v7.0,fotmob_api
Brentford,Newcastle United,2025-12-21 15:05:45.447225,7.45,6.47,4,1,15,5,49.0,51.0,2.35,0.44,0,1,4,6,0,0,1,0,0.157,0.088,0.98,4813476,47,Premier League,True,v7.0,fotmob_api
Crystal Palace,Brighton & Hove Albion,2025-12-21 15:05:46.084882,7.13,7.02,0,1,10,7,42.0,58.0,0.75,0.39,0,0,2,4,0,0,0,0,0.075,0.056,0.11,4813478,47,Premier League,True,v7.0,fotmob_api
Nottingham Forest,Leeds United,2025-12-21 15:05:49.633538,7.42,6.59,3,1,14,10,46.0,54.0,2.55,0.69,0,0,4,5,1,1,1,0,0.182,0.069,0.83,4813481,47,Premier League,True,v7.0,fotmob_api
Manchester City,Liverpool,2025-12-21 15:05:50.136843,7.74,5.95,1,2,14,7,48.0,52.0,1.51,0.61,0,0,2,5,0,0,0,0,0.108,0.087,1.79,4813480,47,Premier League,True,v7.0,fotmob_api
Burnley,Chelsea,2025-12-21 15:05:52.175812,6.37,7.52,1,2,8,15,44.0,56.0,0.44,1.72,0,0,5,3,0,0,0,0,0.055,0.115,-1.15,4813488,47,Premier League,True,v7.0,fotmob_api
AFC Bournemouth,West Ham United,2025-12-21 15:05:52.838459,7.06,7.28,4,0,28,5,76.0,24.0,4.05,0.65,0,0,5,3,0,1,1,0,0.145,0.13,-0.22,4813485,47,Premier League,True,v7.0,fotmob_api
Brighton & Hove Albion,Brentford,2025-12-21 15:05:54.167522,7.39,6.57,1,3,14,10,64.0,36.0,1.22,1.91,0,0,5,4,0,0,0,1,0.087,0.191,0.82,4813487,47,Premier League,True,v7.0,fotmob_api
Fulham,Sunderland,2025-12-21 15:05:56.922734,7.32,6.67,4,0,24,4,57.0,43.0,2.16,0.17,0,0,4,4,0,0,0,0,0.09,0.043,0.65,4813489,47,Premier League,True,v7.0,fotmob_api
Liverpool,Nottingham Forest,2025-12-21 15:05:58.628954,6.55,7.67,1,2,21,15,74.0,26.0,1.93,1.58,0,0,4,3,0,0,0,0,0.092,0.105,-1.12,4813491,47,Premier League,True,v7.0,fotmob_api
Wolverhampton Wanderers,Crystal Palace,2025-12-21 15:05:59.141934,6.29,7.54,2,2,8,10,48.0,52.0,1.79,1.27,0,0,4,5,0,0,0,0,0.224,0.127,-1.25,4813494,47,Premier League,True,v7.0,fotmob_api
Newcastle United,Manchester City,2025-12-21 15:06:02.964457,7.32,6.96,5,3,9,17,33.0,67.0,2.24,2.49,0,0,3,4,0,0,0,0,0.249,0.146,0.36,4813493,47,Premier League,True,v7.0,fotmob_api
Leeds United,Aston Villa,2025-12-21 15:06:03.449943,6.59,7.34,3,1,14,14,48.0,52.0,1.79,1.58,0,0,5,5,1,0,0,0,0.128,0.113,-0.75,4813490,47,Premier League,True,v7.0,fotmob_api
Arsenal,Tottenham Hotspur,2025-12-21 15:06:06.394085,7.58,6.21,3,0,17,3,57.0,43.0,1.93,0.07,0,0,4,5,0,0,0,0,0.114,0.023,1.37,4813486,47,Premier League,True,v7.0,fotmob_api
Manchester United,Everton,2025-12-21 15:06:08.043457,6.87,7.23,3,0,25,3,70.0,30.0,1.71,0.21,0,1,3,5,0,0,0,0,0.068,0.07,-0.36,4813492,47,Premier League,True,v7.0,fotmob_api
Brentford,Burnley,2025-12-21 15:06:09.865461,7.74,6.48,6,1,14,6,52.0,48.0,3.06,0.95,0,0,4,5,0,0,1,1,0.219,0.158,1.26,4813496,47,Premier League,True,v7.0,fotmob_api
Manchester City,Leeds United,2025-12-21 15:06:11.227507,7.3,6.49,6,3,18,9,62.0,38.0,3.1,1.54,0,0,3,5,1,0,0,0,0.172,0.171,0.81,4813500,47,Premier League,True,v7.0,fotmob_api
Sunderland,AFC Bournemouth,2025-12-21 15:06:11.879897,7.1,6.69,2,2,12,18,42.0,58.0,1.28,1.7,0,1,4,5,0,1,1,0,0.107,0.094,0.41,4813502,47,Premier League,True,v7.0,fotmob_api
Everton,Newcastle United,2025-12-21 15:06:13.761112,5.95,7.71,1,5,10,13,49.0,51.0,0.99,1.91,0,0,4,5,0,1,0,0,0.099,0.147,-1.76,4813499,47,Premier League,True,v7.0,fotmob_api
Tottenham Hotspur,Fulham,2025-12-21 15:06:16.266677,6.5,7.36,3,0,14,7,63.0,37.0,0.86,0.45,0,0,5,4,0,1,0,0,0.061,0.064,-0.86,4813503,47,Premier League,True,v7.0,fotmob_api
Crystal Palace,Manchester United,2025-12-21 15:06:16.850698,6.56,7.48,3,2,14,14,44.0,56.0,1.83,1.19,0,0,5,4,0,0,1,0,0.131,0.085,-0.92,4813498,47,Premier League,True,v7.0,fotmob_api
Aston Villa,Wolverhampton Wanderers,2025-12-21 15:06:18.002866,7.48,6.71,0,1,16,9,52.0,48.0,0.94,0.49,0,0,5,4,0,0,0,0,0.059,0.054,0.77,4813495,47,Premier League,True,v7.0,fotmob_api
Nottingham Forest,Brighton & Hove Albion,2025-12-21 15:06:20.075291,6.63,7.51,1,4,19,17,52.0,48.0,0.89,2.0,0,0,5,5,0,0,0,0,0.047,0.118,-0.88,4813501,47,Premier League,True,v7.0,fotmob_api
West Ham United,Liverpool,2025-12-21 15:06:20.421547,6.27,7.52,0,3,7,9,44.0,56.0,0.29,1.24,1,0,3,3,0,0,0,0,0.041,0.138,-1.25,4813504,47,Premier League,True,v7.0,fotmob_api
Chelsea,Arsenal,2025-12-21 15:06:22.101211,7.03,7.0,1,1,11,8,38.0,62.0,0.79,1.26,1,0,2,4,0,0,0,0,0.072,0.158,0.03,4813497,47,Premier League,True,v7.0,fotmob_api
AFC Bournemouth,Everton,2025-12-21 15:06:23.703721,6.73,7.5,1,2,5,13,55.0,45.0,0.5,1.44,0,0,4,2,0,0,0,0,0.1,0.111,-0.77,4813505,47,Premier League,True,v7.0,fotmob_api
Fulham,Manchester City,2025-12-21 15:06:24.435560,5.71,7.08,1,3,12,11,57.0,43.0,0.91,2.17,0,0,5,4,0,0,0,0,0.076,0.197,-1.37,4813509,47,Premier League,True,v7.0,fotmob_api
Newcastle United,Tottenham Hotspur,2025-12-21 15:06:28.050351,7.05,7.19,1,1,19,8,53.0,47.0,2.04,0.75,0,0,4,5,0,0,1,0,0.107,0.094,-0.14,4813513,47,Premier League,True,v7.0,fotmob_api
Arsenal,Brentford,2025-12-21 15:06:29.573660,7.61,6.24,4,1,15,6,62.0,38.0,1.77,0.35,0,0,4,5,1,0,0,0,0.118,0.058,1.37,4813506,47,Premier League,True,v7.0,fotmob_api
Brighton & Hove Albion,Aston Villa,2025-12-21 15:06:30.042453,6.32,7.05,3,6,16,14,56.0,44.0,2.21,2.41,0,0,4,5,1,0,0,0,0.138,0.172,-0.73,4813507,47,Premier League,True,v7.0,fotmob_api
Burnley,Crystal Palace,2025-12-21 15:06:33.887806,6.57,7.45,2,2,11,3,58.0,42.0,0.95,0.59,0,0,5,4,0,0,0,0,0.086,0.197,-0.88,4813508,47,Premier League,True,v7.0,fotmob_api
Wolverhampton Wanderers,Nottingham Forest,2025-12-21 15:06:35.472811,6.44,7.25,1,2,5,10,50.0,50.0,0.91,0.74,0,0,5,3,0,0,0,0,0.182,0.074,-0.81,4813514,47,Premier League,True,v7.0,fotmob_api
Leeds United,Chelsea,2025-12-21 15:06:36.993247,7.45,6.16,2,1,17,14,29.0,71.0,2.79,0.96,0,0,5,5,1,0,0,0,0.164,0.069,1.29,4813510,47,Premier League,True,v7.0,fotmob_api
Liverpool,Sunderland,2025-12-21 15:06:38.090704,6.95,6.96,1,1,23,9,68.0,32.0,1.45,0.41,0,0,5,3,0,0,0,0,0.063,0.046,-0.01,4813511,47,Premier League,True,v7.0,fotmob_api
Manchester United,West Ham United,2025-12-21 15:06:39.709054,6.97,7.11,3,1,17,11,65.0,35.0,1.8,0.79,0,0,5,3,0,0,0,0,0.106,0.072,-0.14,4813512,47,Premier League,True,v7.0,fotmob_api
Aston Villa,Arsenal,2025-12-21 15:06:40.766831,7.15,6.77,5,4,15,15,47.0,53.0,2.16,1.92,0,0,5,5,0,0,0,0,0.144,0.128,0.38,4813516,47,Premier League,True,v7.0,fotmob_api
AFC Bournemouth,Chelsea,2025-12-21 15:06:41.430179,7.11,7.34,1,0,13,11,39.0,61.0,1.42,0.92,0,0,4,3,0,0,0,0,0.109,0.084,-0.23,4813515,47,Premier League,True,v7.0,fotmob_api
Everton,Nottingham Forest,2025-12-21 15:06:44.474733,7.57,6.06,1,1,11,7,41.0,59.0,1.12,0.53,0,0,3,4,1,0,0,0,0.102,0.076,1.51,4813518,47,Premier League,True,v7.0,fotmob_api
Manchester City,Sunderland,2025-12-21 15:06:46.144491,7.91,6.28,3,1,18,8,64.0,36.0,2.42,0.71,0,1,5,5,0,0,0,0,0.134,0.089,1.63,4813521,47,Premier League,True,v7.0,fotmob_api
Newcastle United,Burnley,2025-12-21 15:06:46.893989,7.48,6.24,2,3,17,9,70.0,30.0,1.77,1.61,0,1,5,5,0,0,1,1,0.104,0.179,1.24,4813522,47,Premier League,True,v7.0,fotmob_api
Tottenham Hotspur,Brentford,2025-12-21 15:06:47.188430,7.55,6.45,4,1,15,4,53.0,47.0,2.18,0.29,0,0,4,5,0,0,0,0,0.145,0.072,1.1,4813523,47,Premier League,True,v7.0,fotmob_api
Leeds United,Liverpool,2025-12-21 15:06:50.604443,6.74,7.23,2,4,12,16,45.0,55.0,1.51,1.91,0,0,5,4,0,0,1,0,0.126,0.119,-0.49,4813520,47,Premier League,True,v7.0,fotmob_api
Brighton & Hove Albion,West Ham United,2025-12-21 15:06:53.401157,7.01,7.17,3,3,22,14,68.0,32.0,1.87,1.14,0,0,4,5,0,0,0,0,0.085,0.081,-0.16,4813517,47,Premier League,True,v7.0,fotmob_api
Fulham,Crystal Palace,2025-12-21 15:06:57.200594,6.78,7.47,2,4,12,11,63.0,37.0,0.76,1.65,0,0,5,4,0,0,0,0,0.063,0.15,-0.69,4813519,47,Premier League,True,v7.0,fotmob_api
Wolverhampton Wanderers,Manchester United,2025-12-21 15:06:57.981586,6.7,7.66,1,8,8,27,37.0,63.0,0.41,4.24,0,0,5,5,0,0,0,1,0.051,0.157,-0.96,4813524,47,Premier League,True,v7.0,fotmob_api
Chelsea,Everton,2025-12-21 15:07:00.405927,7.6,6.31,5,3,17,11,58.0,42.0,2.2,1.03,0,0,3,4,0,0,0,0,0.129,0.094,1.29,4813528,47,Premier League,True,v7.0,fotmob_api
Liverpool,Brighton & Hove Albion,2025-12-21 15:07:01.971053,7.83,6.13,3,3,18,14,49.0,51.0,1.89,1.9,0,0,4,5,1,0,0,0,0.105,0.136,1.7,4813530,47,Premier League,True,v7.0,fotmob_api
Burnley,Fulham,2025-12-21 15:07:03.617175,6.55,7.44,5,2,16,6,53.0,47.0,2.46,2.23,0,0,5,4,0,1,0,0,0.154,0.372,-0.89,4813527,47,Premier League,True,v7.0,fotmob_api
Arsenal,Wolverhampton Wanderers,2025-12-21 15:07:04.133752,7.16,6.33,3,1,16,3,69.0,31.0,1.13,0.38,0,0,5,5,0,0,0,0,0.071,0.127,0.83,4813525,47,Premier League,True,v7.0,fotmob_api
Crystal Palace,Manchester City,2025-12-21 15:07:06.973056,6.4,7.79,1,2,16,7,39.0,61.0,1.88,1.19,0,0,3,4,0,0,0,1,0.117,0.17,-1.39,4813529,47,Premier League,True,v7.0,fotmob_api
Nottingham Forest,Tottenham Hotspur,2025-12-21 15:07:09.629237,7.57,6.19,4,0,15,6,48.0,52.0,2.32,0.33,0,0,2,5,0,0,0,0,0.155,0.055,1.38,4813532,47,Premier League,True,v7.0,fotmob_api
Sunderland,Newcastle United,2025-12-21 15:07:12.539542,7.23,6.55,1,0,5,6,47.0,53.0,0.3,0.24,0,0,3,5,0,0,0,0,0.06,0.04,0.68,4813533,47,Premier League,True,v7.0,fotmob_api
West Ham United,Aston Villa,2025-12-21 15:07:13.231012,6.34,7.01,2,1,10,7,41.0,59.0,1.03,0.67,0,0,4,3,1,1,0,0,0.103,0.096,-0.67,4813534,47,Premier League,True,v7.0,fotmob_api
Brentford,Leeds United,2025-12-21 15:07:14.564763,6.99,7.1,1,2,7,18,57.0,43.0,0.72,1.52,0,0,4,4,0,0,0,0,0.103,0.084,-0.11,4813526,47,Premier League,True,v7.0,fotmob_api
Manchester United,AFC Bournemouth,2025-12-21 15:07:14.328422,7.08,6.51,2,6,25,14,57.0,43.0,3.4,1.94,0,0,5,4,1,0,0,0,0.136,0.139,0.57,4813531,47,Premier League,True,v7.0,fotmob_api
Newcastle United,Chelsea,2025-12-21 15:07:19.197459,7.02,7.17,7,1,11,13,47.0,53.0,2.31,1.22,0,0,4,2,1,0,0,0,0.21,0.094,-0.15,4813542,47,Premier League,True,v7.0,fotmob_api
AFC Bournemouth,Burnley,2025-12-21 15:07:20.710446,7.26,6.56,3,1,16,4,66.0,34.0,1.41,0.38,0,0,5,5,0,0,0,0,0.088,0.095,0.7,4813535,47,Premier League,True,v7.0,fotmob_api
Brighton & Hove Albion,Sunderland,2025-12-21 15:07:21.206345,7.05,7.1,0,2,16,14,57.0,43.0,1.13,1.38,0,0,5,3,0,0,0,0,0.071,0.099,-0.05,4813537,47,Premier League,True,v7.0,fotmob_api
Manchester City,West Ham United,2025-12-21 15:07:23.531645,7.65,6.27,8,2,17,7,66.0,34.0,2.1,0.98,0,0,4,5,1,0,0,0,0.124,0.14,1.38,4813541,47,Premier League,True,v7.0,fotmob_api
Wolverhampton Wanderers,Brentford,2025-12-21 15:07:24.042248,6.45,7.62,2,4,9,7,43.0,57.0,1.27,1.28,0,0,4,1,0,0,0,0,0.141,0.183,-1.17,4813544,47,Premier League,True,v7.0,fotmob_api
Tottenham Hotspur,Liverpool,2025-12-21 15:07:26.450342,6.25,7.33,2,2,15,8,35.0,65.0,1.07,0.66,2,0,4,5,0,0,0,0,0.071,0.083,-1.08,4813543,47,Premier League,True,v7.0,fotmob_api
Everton,Arsenal,2025-12-21 15:07:28.540728,6.88,7.54,0,3,5,13,35.0,65.0,0.2,2.0,0,0,3,3,0,0,0,1,0.04,0.154,-0.66,4813538,47,Premier League,True,v7.0,fotmob_api
Leeds United,Crystal Palace,2025-12-21 15:07:31.369664,7.54,6.22,4,2,20,9,53.0,47.0,2.67,1.57,0,0,5,5,0,0,0,1,0.134,0.174,1.32,4813540,47,Premier League,True,v7.0,fotmob_api
